"정이 모하지(AI검색)  카테고리= 30개 (카테고리 및 해쉬태그) NO","선택 카테고리 (한국어)","영어","일어","중국어 ","참고용 정이 뭐먹지 ","뭐사지(음식)","뭐사지(물품)","정이 도와줘 "
"1","1-카페 및 베이커리","1-Café & Bakery","1-カフェ・ベーカリー","1-咖啡店与烘焙店","1-카페 및 베이커리","1-야채/과일 ","1-가구","1-온누리상품권"
"2","5-한식","5-Korean Cuisine","5-韓国料理","5-韩餐","2-동남아","2-채소/농산","2-뷰티/미용","2-편의점/마트"
"3","6-분식","6-Korean Street Food","6-韓国屋台料理","6-韩式小吃","3-차이나","3-인삼/약재","3-건강","3-은행"
"4","4-중식","4-Chinese Food (General)","4-中華フード","4-中式餐饮","4-중식","4-찌개류/국류","4-의류","4-수유방"
"5","3-차이나","3-Chinese Cuisine","3-中華料理","3-中餐","5-한식","5-족발/만두","5-신발","5-ATM기"
"6","2-동남아","2-Southeast Asian Cuisine","2-東南アジア料理","2-东南亚美食","6-분식","6-치킨/강정","6-패션잡화","6-카트대여"
"7","4-찌개류/국류","4-Stews/Soups","4-チゲ/スープ","4-炖菜/汤","","7-떡/두부","7-생활용품","7-흡연실"
"8","5-족발/만두","5-Pig’s Trotters/Dumplings","5-豚足/餃子","5-猪蹄/饺子","","8-기름/방앗간","8-문구","8-화장실"
"9","6-치킨/강정","6-Chicken/Fried Chicken","6-チキン/カンジョン","6-炸鸡/酥鸡","","9-축산/정육","9-인테리어/수리","9-주차장"
"10","1-야채/과일 ","1-Vegetables/Fruits","1-果物/野菜","1-水果/蔬菜","","10-수산/건어물","",""
"11","2-채소/농산","2-Vegetables/Agricultural","2-野菜/農産物","2-蔬菜/农产","","","",""
"12","9-축산/정육","9-Livestock/Butchery","9-畜産/精肉","9-畜产/肉铺","","","",""
"13","10-수산/건어물","10-Seafood","10-水産/乾物","10-水产/干货","","","",""
"14","3-인삼/약재","3-Ginseng/Herbs","3-高麗人参/薬材","3-人参/药材","","","",""
"15","8-기름/방앗간","8-Oil/Mill","8-油/搾油","8-油/榨油","","","",""
"16","7-떡/두부","7-Rice Cakes/Tofu","7-餅/豆腐","7-年糕/豆腐","","","",""
"17","3-건강","3-Health","3-健康","3-健康","","","",""
"18","2-뷰티/미용","2-Beauty","2-美容","2-美容","","","",""
"19","4-의류","4-Clothing","4-衣類","4-服装","","","",""
"20","5-신발","5-Shoes","5-靴","5-鞋","","","",""
"21","6-패션잡화","6-Accessories","6-服飾雑貨","6-配饰","","","",""
"22","7-생활용품","7-Household","7-生活用品","7-生活用品","","","",""
"23","8-문구","8-Stationery","8-文具","8-文具","","","",""
"24","1-가구","1-Furniture","1-家具","1-家具","","","",""
"25","9-인테리어/수리","9-Interior/Repair","9-インテリア/修理","9-家居/维修","","","",""
"26","","","","","","","",""
"27","","","","","","","",""
"28","","","","","","","",""
"29","","","","","","","",""
"30","","","","","","","",""