"제주=데이터(공항상점리스트) ShopID ","NO ","ShopName_Kr Default","ShopName_En Default","ShopName_Jp Default","ShopName_Ch Default","ShopName_Vn Default","ShopName_Th Default","ShopName_Ru Default","ShopName_Id Default","BaseCategory_Kr Default","BaseCategory_En Default","BaseCategory_Jp Default","BaseCategory_Ch Default","BaseCategory_Vn Default","BaseCategory_Th Default","BaseCategory_Ru Default","BaseCategory_Id Default","Location_Kr Default","Location_En Default","Location_Jp Default","Location_Ch Default","Location_Vn Default","Location_Th Default","Location_Ru Default","Location_Id Default","OpeningHours_Kr Default","PhoneNumber_Kr Default","MainProduct_Kr Default","MainProduct_En Default","MainProduct_Jp Default","MainProduct_Ch Default","MainProduct_Vn Default","MainProduct_Th Default","MainProduct_Ru Default","MainProduct_Id Default"
"1","제주국제공항=국내선=01","엔제리너스 커피","Angel-in-us Coffee","Angel-in-us Coffee","Angel-in-us Coffee","Angel-in-us Coffee","Angel-in-us Coffee","Angel-in-us Coffee","Angel-in-us Coffee","카페・디저트","Cafe·Dessert","カフェ／デザート","咖啡厅·甜点","Quán cà phê·Tráng miệng","คาเฟ่·ของหวาน","Кафе·Десерты","Kafe·Hidangan penutup","1F 일반","1F Public Area","1階 一般エリア","1楼 公共区域","Tầng 1 Khu công cộng","ชั้น 1 พื้นที่สาธารณะ","1-й этаж, общая зона","Lantai 1 Area Publik","07:00 ~ 21:30","064-746-1759","커피, 에이드 등 음료 및 샌드위치","Coffee, ade and other beverages, and sandwiches","コーヒー、エイドなどのドリンク、サンドイッチ","咖啡、果味饮料等饮品及三明治","Cà phê, ade và các loại đồ uống khác, bánh sandwich","กาแฟ เครื่องดื่มเอดและเครื่องดื่มอื่น ๆ รวมถึงแซนด์วิช","Кофе, фруктовые напитки и другие напитки, сэндвичи","Kopi, minuman ade dan minuman lainnya, serta sandwich"
"2","제주국제공항=국내선=02","올리브영","OLIVE YOUNG","OLIVE YOUNG","OLIVE YOUNG","OLIVE YOUNG","OLIVE YOUNG","OLIVE YOUNG","OLIVE YOUNG","쇼핑","Shopping","ショッピング","购物","Mua sắm","ช้อปปิ้ง","Покупки","Belanja","1F 일반","1F Public Area","1階 一般エリア","1楼 公共区域","Tầng 1 Khu công cộng","ชั้น 1 พื้นที่สาธารณะ","1-й этаж, общая зона","Lantai 1 Area Publik","07:30 ~ 21:30","064-711-1672","뷰티, 생활용품","Beauty and daily necessities","美容·生活用品","美妆及生活用品","Mỹ phẩm và đồ dùng sinh hoạt","ความงามและของใช้ประจำวัน","Косметика и товары повседневного спроса","Produk kecantikan dan kebutuhan sehari-hari"
"3","제주국제공항=국내선=03","제주렌터카","Jeju Rent-a-Car","済州レンタカー","济州租车","Thuê xe Jeju","รถเช่าเชจู","Прокат авто Jeju","Sewa Mobil Jeju","기타","Other","その他","其他","Khác","อื่นๆ","Другое","Lainnya","1F 일반","1F Public Area","1階 一般エリア","1楼 公共区域","Tầng 1 Khu công cộng","ชั้น 1 พื้นที่สาธารณะ","1-й этаж, общая зона","Lantai 1 Area Publik","07:30 ~ 22:00","064-742-3307","제주렌터카","Jeju Rent-a-Car","済州レンタカー","济州租车","Thuê xe Jeju","รถเช่าเชจู","Прокат авто Jeju","Sewa Mobil Jeju"
"4","제주국제공항=국내선=04","카페오가다","Cafe O'gada","Cafe O'gada","Cafe O'gada","Cafe O'gada","Cafe O'gada","Cafe O'gada","Cafe O'gada","카페・디저트","Cafe·Dessert","カフェ／デザート","咖啡厅·甜点","Quán cà phê·Tráng miệng","คาเฟ่·ของหวาน","Кафе·Десерты","Kafe·Hidangan penutup","2F 면세","2F Duty-Free Area","2階 免税エリア","2楼 免税区","Tầng 2 Khu miễn thuế","ชั้น 2 พื้นที่ปลอดภาษี","2-й этаж, зона Duty Free","Lantai 2 Area Bebas Bea","06:00 ~ 21:30","064-749-0124","커피, 차, 스무디 등 음료 및 디저트","Coffee, tea, smoothies and other beverages, and desserts","コーヒー、紅茶、スムージーなどのドリンク、デザート","咖啡、茶、冰沙等饮品及甜点","Cà phê, trà, sinh tố và các loại đồ uống khác, món tráng miệng","กาแฟ ชา สมูทตี้ และเครื่องดื่มอื่น ๆ รวมถึงของหวาน","Кофе, чай, смузи и другие напитки, десерты","Kopi, teh, smoothie dan minuman lainnya, serta hidangan penutup"
"5","제주국제공항=국내선=05","파리바게트(3F)","Paris Baguette (3F)","Paris Baguette (3階)","Paris Baguette (3楼)","Paris Baguette (3F)","Paris Baguette (3F)","Paris Baguette (3F)","Paris Baguette (3F)","카페・디저트","Cafe·Dessert","カフェ／デザート","咖啡厅·甜点","Quán cà phê·Tráng miệng","คาเฟ่·ของหวาน","Кафе·Десерты","Kafe·Hidangan penutup","3F 일반","3F Public Area","3階 一般エリア","3楼 公共区域","Tầng 3 Khu công cộng","ชั้น 3 พื้นที่สาธารณะ","3-й этаж, общая зона","Lantai 3 Area Publik","06:00 ~ 21:00","064-746-0741","커피, 에이드 등 음료 및 베이커리, 마음샌드","Coffee, ade and other beverages, bakery items, and Maeum Sand","コーヒー、エイドなどのドリンク、ベーカリー、マウムサンド","咖啡、果味饮料等饮品、烘焙食品及Maeum Sand","Cà phê, ade và các loại đồ uống khác, bánh nướng và Maeum Sand","กาแฟ เครื่องดื่มเอดและเครื่องดื่มอื่น ๆ เบเกอรี่ และ Maeum Sand","Кофе, фруктовые напитки и другие напитки, выпечка и Maeum Sand","Kopi, minuman ade dan minuman lainnya, produk bakery, dan Maeum Sand"
"6","제주국제공항=국내선=06","1950에어차이나(중식당)","1950 Air China (Chinese Restaurant)","1950 Air China （中華料理店）","1950 Air China （中餐厅）","1950 Air China (Nhà hàng Trung Hoa)","1950 Air China (ร้านอาหารจีน)","1950 Air China (Китайский ресторан)","1950 Air China (Restoran Tiongkok)","식당","Restaurant","レストラン","餐厅","Nhà hàng","ร้านอาหาร","Ресторан","Restoran","4F 일반","4F Public Area","4階 一般エリア","4楼 公共区域","Tầng 4 Khu công cộng","ชั้น 4 พื้นที่สาธารณะ","4-й этаж, общая зона","Lantai 4 Area Publik","08:00 ~ 20:20","064-745-8868","짜장면, 짬뽕, 볶음밥, 탕수육 등","Jajangmyeon, jjamppong, fried rice, tangsuyuk, etc.","ジャージャー麺、チャンポン、チャーハン、酢豚など","炸酱面、辣海鲜汤面、炒饭、糖醋肉等","Mì tương đen, mì hải sản cay, cơm chiên, thịt chua ngọt, v.v.","จาจังมยอน จัมปง ข้าวผัด หมูเปรี้ยวหวาน ฯลฯ","Чачжанмён, чамппон, жареный рис, свинина в кисло-сладком соусе и др.","Jajangmyeon, jjamppong, nasi goreng, tangsuyuk, dll."
"7","제주국제공항=국내선=07","ATM(국민, 농협, 기업, 하나)","ATM (KB Kookmin, NongHyup, IBK, Hana)","ATM (KB Kookmin, NongHyup, IBK, Hana)","ATM (KB Kookmin, NongHyup, IBK, Hana)","ATM (KB Kookmin, NongHyup, IBK, Hana)","ATM (KB Kookmin, NongHyup, IBK, Hana)","ATM (KB Kookmin, NongHyup, IBK, Hana)","ATM (KB Kookmin, NongHyup, IBK, Hana)","금융・보험・환전","Finance·Insurance·Currency Exchange","金融／保険／両替","金融·保险·货币兑换","Tài chính·Bảo hiểm·Đổi tiền","การเงิน·ประกัน·แลกเปลี่ยนเงินตรา","Финансы·Страхование·Обмен валют","Keuangan·Asuransi·Penukaran mata uang","3F 일반","3F Public Area","3階 一般エリア","3楼 公共区域","Tầng 3 Khu công cộng","ชั้น 3 พื้นที่สาธารณะ","3-й этаж, общая зона","Lantai 3 Area Publik","00:00 ~ 23:59","-","은행 업무(ATM)","Banking services (ATM)","銀行サービス（ATM）","银行业务（ATM）","Dịch vụ ngân hàng (ATM)","บริการธนาคาร (ATM)","Банковские услуги (банкомат)","Layanan perbankan (ATM)"
"8","제주국제공항=국내선=08","ATM(제주, 신한)","ATM (Jeju Bank, Shinhan)","ATM (Jeju Bank, Shinhan)","ATM (Jeju Bank, Shinhan)","ATM (Jeju Bank, Shinhan)","ATM (Jeju Bank, Shinhan)","ATM (Jeju Bank, Shinhan)","ATM (Jeju Bank, Shinhan)","금융・보험・환전","Finance·Insurance·Currency Exchange","金融／保険／両替","金融·保险·货币兑换","Tài chính·Bảo hiểm·Đổi tiền","การเงิน·ประกัน·แลกเปลี่ยนเงินตรา","Финансы·Страхование·Обмен валют","Keuangan·Asuransi·Penukaran mata uang","3F 일반","3F Public Area","3階 一般エリア","3楼 公共区域","Tầng 3 Khu công cộng","ชั้น 3 พื้นที่สาธารณะ","3-й этаж, общая зона","Lantai 3 Area Publik","00:00 ~ 23:59","-","은행 업무(ATM)","Banking services (ATM)","銀行サービス（ATM）","银行业务（ATM）","Dịch vụ ngân hàng (ATM)","บริการธนาคาร (ATM)","Банковские услуги (банкомат)","Layanan perbankan (ATM)"
"9","제주국제공항=국내선=09","ATM(하나, 국민, 신한, 기업, 농협)","ATM (Hana, KB Kookmin, Shinhan, IBK, NongHyup)","ATM (Hana, KB Kookmin, Shinhan, IBK, NongHyup)","ATM (Hana, KB Kookmin, Shinhan, IBK, NongHyup)","ATM (Hana, KB Kookmin, Shinhan, IBK, NongHyup)","ATM (Hana, KB Kookmin, Shinhan, IBK, NongHyup)","ATM (Hana, KB Kookmin, Shinhan, IBK, NongHyup)","ATM (Hana, KB Kookmin, Shinhan, IBK, NongHyup)","금융・보험・환전","Finance·Insurance·Currency Exchange","金融／保険／両替","金融·保险·货币兑换","Tài chính·Bảo hiểm·Đổi tiền","การเงิน·ประกัน·แลกเปลี่ยนเงินตรา","Финансы·Страхование·Обмен валют","Keuangan·Asuransi·Penukaran mata uang","1F 일반","1F Public Area","1階 一般エリア","1楼 公共区域","Tầng 1 Khu công cộng","ชั้น 1 พื้นที่สาธารณะ","1-й этаж, общая зона","Lantai 1 Area Publik","00:00 ~ 23:59","-","은행 업무(ATM)","Banking services (ATM)","銀行サービス（ATM）","银行业务（ATM）","Dịch vụ ngân hàng (ATM)","บริการธนาคาร (ATM)","Банковские услуги (банкомат)","Layanan perbankan (ATM)"
"10","제주국제공항=국내선=10","CU(1F)","CU (1F)","CU (1階)","CU (1楼)","CU (1F)","CU (1F)","CU (1F)","CU (1F)","쇼핑","Shopping","ショッピング","购物","Mua sắm","ช้อปปิ้ง","Покупки","Belanja","1F 일반","1F Public Area","1階 一般エリア","1楼 公共区域","Tầng 1 Khu công cộng","ชั้น 1 พื้นที่สาธารณะ","1-й этаж, общая зона","Lantai 1 Area Publik","06:30 ~ 22:30","1577-8007","편의품, 식료품 등","Convenience goods, groceries, etc.","日用品、食料品など","便利商品、食品等","Đồ tiện dụng, thực phẩm, v.v.","ของใช้จำเป็น อาหาร ฯลฯ","Товары повседневного спроса, продукты и др.","Barang kebutuhan sehari-hari, bahan makanan, dll."
"11","제주국제공항=국내선=11","JDC 서편매장","JDC West Store","JDC 西側売場","JDC 西侧卖场","Cửa hàng JDC phía Tây","ร้าน JDC ฝั่งตะวันตก","Магазин JDC, западная сторона","Toko JDC Sisi Barat","쇼핑","Shopping","ショッピング","购物","Mua sắm","ช้อปปิ้ง","Покупки","Belanja","2F 면세","2F Duty-Free Area","2階 免税エリア","2楼 免税区","Tầng 2 Khu miễn thuế","ชั้น 2 พื้นที่ปลอดภาษี","2-й этаж, зона Duty Free","Lantai 2 Area Bebas Bea","06:00 ~ 21:20","064-740-9900","JDC 서편매장","JDC West Store","JDC 西側売場","JDC 西侧卖场","Cửa hàng JDC phía Tây","ร้าน JDC ฝั่งตะวันตก","Магазин JDC, западная сторона","Toko JDC Sisi Barat"
"12","제주국제공항=국내선=12","JDC동편매장","JDC East Store","JDC 東側売場","JDC 东侧卖场","Cửa hàng JDC phía Đông","ร้าน JDC ฝั่งตะวันออก","Магазин JDC, восточная сторона","Toko JDC Sisi Timur","쇼핑","Shopping","ショッピング","购物","Mua sắm","ช้อปปิ้ง","Покупки","Belanja","2F 면세","2F Duty-Free Area","2階 免税エリア","2楼 免税区","Tầng 2 Khu miễn thuế","ชั้น 2 พื้นที่ปลอดภาษี","2-й этаж, зона Duty Free","Lantai 2 Area Bebas Bea","06:00 ~ 21:20","064-740-9900","면세점","Duty-free shop","免税店","免税店","Cửa hàng miễn thuế","ร้านค้าปลอดภาษี","Магазин Duty Free","Toko bebas bea"
"13","제주국제공항=국내선=13","JDC면세점","JDC Duty Free","JDC免税店","JDC免税店","JDC Duty Free","JDC Duty Free","JDC Duty Free","JDC Duty Free","쇼핑","Shopping","ショッピング","购物","Mua sắm","ช้อปปิ้ง","Покупки","Belanja","2F 면세","2F Duty-Free Area","2階 免税エリア","2楼 免税区","Tầng 2 Khu miễn thuế","ชั้น 2 พื้นที่ปลอดภาษี","2-й этаж, зона Duty Free","Lantai 2 Area Bebas Bea","06:00 ~ 21:20","064-740-9900","JDC면세점","JDC Duty Free","JDC免税店","JDC免税店","JDC Duty Free","JDC Duty Free","JDC Duty Free","JDC Duty Free"
"14","제주국제공항=국내선=14","공항약국","Airport Pharmacy","空港薬局","机场药店","Nhà thuốc sân bay","ร้านขายยาสนามบิน","Аптека в аэропорту","Apotek Bandara","의료","Medical","医療","医疗","Y tế","การแพทย์","Медицина","Medis","3F 일반","3F Public Area","3階 一般エリア","3楼 公共区域","Tầng 3 Khu công cộng","ชั้น 3 พื้นที่สาธารณะ","3-й этаж, общая зона","Lantai 3 Area Publik","06:00 ~ 21:00","064-743-3213","의약품(소화제, 감기약 등)","Medicines (digestive aids, cold medicine, etc.)","医薬品（胃腸薬、風邪薬など）","药品（消化药、感冒药等）","Thuốc (thuốc tiêu hóa, thuốc cảm, v.v.)","ยา (ยาช่วยย่อย ยาแก้หวัด ฯลฯ)","Лекарства (для пищеварения, от простуды и др.)","Obat-obatan (obat pencernaan, obat flu, dll.)"
"15","제주국제공항=국내선=15","국수나무","Guksunamu","Guksunamu","Guksunamu","Guksunamu","Guksunamu","Guksunamu","Guksunamu","식당","Restaurant","レストラン","餐厅","Nhà hàng","ร้านอาหาร","Ресторан","Restoran","2F 면세","2F Duty-Free Area","2階 免税エリア","2楼 免税区","Tầng 2 Khu miễn thuế","ชั้น 2 พื้นที่ปลอดภาษี","2-й этаж, зона Duty Free","Lantai 2 Area Bebas Bea","06:00 ~ 21:00","064-745-7747","옛날 돈까스, 떡볶이 새우튀김, 냉모밀 등","Old-fashioned pork cutlet, tteokbokki, fried shrimp, cold buckwheat noodles, etc.","昔ながらのとんかつ、トッポッキ、エビフライ、冷たいそばなど","老式炸猪排、辣炒年糕、炸虾、冷荞麦面等","Thịt heo chiên xù kiểu truyền thống, tteokbokki, tôm chiên, mì kiều mạch lạnh, v.v.","ทงคัตสึแบบดั้งเดิม ต็อกบกกี กุ้งทอด โซบะเย็น ฯลฯ","Классический тонкацу, ттокпокки, жареные креветки, холодная гречневая лапша и др.","Tonkatsu klasik, tteokbokki, udang goreng, soba dingin, dll."
"16","제주국제공항=국내선=16","대춘해장국","Daechun Haejangguk","Daechun Haejangguk","Daechun Haejangguk","Daechun Haejangguk","Daechun Haejangguk","Daechun Haejangguk","Daechun Haejangguk","식당","Restaurant","レストラン","餐厅","Nhà hàng","ร้านอาหาร","Ресторан","Restoran","4F 일반","4F Public Area","4階 一般エリア","4楼 公共区域","Tầng 4 Khu công cộng","ชั้น 4 พื้นที่สาธารณะ","4-й этаж, общая зона","Lantai 4 Area Publik","07:00 ~ 20:00","064-712-7456","해장국, 내장탕, 몸국, 수육","Haejangguk, offal soup, momguk, boiled pork slices","ヘジャングク、内臓スープ、モムグク、茹で豚","醒酒汤、内脏汤、济州海藻汤、白切猪肉","Canh giải rượu, canh nội tạng, momguk, thịt heo luộc thái lát","แฮจังกุก ซุปเครื่องใน มมกุก และหมูต้ม","Хэджанггук, суп с субпродуктами, момгук, отварная свинина","Haejangguk, sup jeroan, momguk, irisan daging babi rebus"
"17","제주국제공항=국내선=17","대한항공","Korean Air","Korean Air","Korean Air","Korean Air","Korean Air","Korean Air","Korean Air","항공사","Airline","航空会社","航空公司","Hãng hàng không","สายการบิน","Авиакомпания","Maskapai penerbangan","3F 일반","3F Public Area","3階 一般エリア","3楼 公共区域","Tầng 3 Khu công cộng","ชั้น 3 พื้นที่สาธารณะ","3-й этаж, общая зона","Lantai 3 Area Publik","06:00 ~ 23:00","064-713-9101","수하물 체크인","Baggage check-in","手荷物チェックイン","行李托运","Làm thủ tục hành lý","เช็กอินสัมภาระ","Регистрация багажа","Check-in bagasi"
"18","제주국제공항=국내선=18","대한항공(발권카운터)","Korean Air (Ticketing Counter)","Korean Air （発券カウンター）","Korean Air （售票柜台）","Korean Air (Quầy vé)","Korean Air (เคาน์เตอร์ออกตั๋ว)","Korean Air (Касса)","Korean Air (Konter Tiket)","항공사","Airline","航空会社","航空公司","Hãng hàng không","สายการบิน","Авиакомпания","Maskapai penerbangan","3F 일반","3F Public Area","3階 一般エリア","3楼 公共区域","Tầng 3 Khu công cộng","ชั้น 3 พื้นที่สาธารณะ","3-й этаж, общая зона","Lantai 3 Area Publik","06:00 ~ 23:00","064-713-9101","발권카운터","Ticketing counter","発券カウンター","售票柜台","Quầy vé","เคาน์เตอร์ออกตั๋ว","Касса продажи билетов","Konter tiket"
"19","제주국제공항=국내선=19","대한항공라운지","Korean Air Lounge","Korean Air ラウンジ","Korean Air 贵宾室","Korean Air Phòng chờ","Korean Air เลานจ์","Korean Air Лаунж","Korean Air Lounge","라운지・휴식","Lounge·Rest","ラウンジ／休憩","贵宾室·休息","Phòng chờ·Nghỉ ngơi","เลานจ์·พักผ่อน","Лаунж·Отдых","Lounge·Istirahat","3F 일반","3F Public Area","3階 一般エリア","3楼 公共区域","Tầng 3 Khu công cộng","ชั้น 3 พื้นที่สาธารณะ","3-й этаж, общая зона","Lantai 3 Area Publik","06:00 ~ 23:00","064-713-9101","항공사 라운지","Airline lounge","航空会社ラウンジ","航空公司贵宾室","Phòng chờ hãng hàng không","ห้องรับรองสายการบิน","Зал ожидания авиакомпании","Lounge maskapai"
"20","제주국제공항=국내선=20","라운델(자전거토탈케어샵)","Roundel (Bicycle Total Care Shop)","Roundel （自転車トータルケアショップ）","Roundel （自行车综合服务店）","Roundel (Cửa hàng chăm sóc xe đạp tổng hợp)","Roundel (ร้านดูแลจักรยานครบวงจร)","Roundel (Магазин комплексного обслуживания велосипедов)","Roundel (Toko Perawatan Sepeda Lengkap)","기타","Other","その他","其他","Khác","อื่นๆ","Другое","Lainnya","1F 일반","1F Public Area","1階 一般エリア","1楼 公共区域","Tầng 1 Khu công cộng","ชั้น 1 พื้นที่สาธารณะ","1-й этаж, общая зона","Lantai 1 Area Publik","09:00 ~ 18:00","1577-1949","자전거 대여, 자전거 용품 판매","Bicycle rental and bicycle accessories sales","自転車レンタル、自転車用品販売","自行车租赁及自行车用品销售","Cho thuê xe đạp và bán phụ kiện xe đạp","ให้เช่าจักรยานและจำหน่ายอุปกรณ์จักรยาน","Прокат велосипедов и продажа велотоваров","Penyewaan sepeda dan penjualan perlengkapan sepeda"
"21","제주국제공항=국내선=21","롯데렌터카","LOTTE Rent-a-Car","LOTTE Rent-a-Car","LOTTE Rent-a-Car","LOTTE Rent-a-Car","LOTTE Rent-a-Car","LOTTE Rent-a-Car","LOTTE Rent-a-Car","기타","Other","その他","其他","Khác","อื่นๆ","Другое","Lainnya","1F 일반","1F Public Area","1階 一般エリア","1楼 公共区域","Tầng 1 Khu công cộng","ชั้น 1 พื้นที่สาธารณะ","1-й этаж, общая зона","Lantai 1 Area Publik","07:00 ~ 22:00","064-751-8000"," 렌트카 서비스","Car rental service","レンタカーサービス","租车服务","Dịch vụ thuê xe","บริการรถเช่า","Услуги проката автомобилей","Layanan sewa mobil"
"22","제주국제공항=국내선=22","롯데리아","LOTTERIA","LOTTERIA","LOTTERIA","LOTTERIA","LOTTERIA","LOTTERIA","LOTTERIA","식당","Restaurant","レストラン","餐厅","Nhà hàng","ร้านอาหาร","Ресторан","Restoran","2F 면세","2F Duty-Free Area","2階 免税エリア","2楼 免税区","Tầng 2 Khu miễn thuế","ชั้น 2 พื้นที่ปลอดภาษี","2-й этаж, зона Duty Free","Lantai 2 Area Bebas Bea","06:00 ~ 21:30","064-748-8591","더블 한우불고기, 핫크리스피버거, 빅불 등","Double Hanwoo Bulgogi Burger, Hot Crispy Burger, Big Bulgogi Burger, etc.","ダブル韓牛プルコギバーガー、ホットクリスピーバーガー、ビッグプルコギバーガーなど","双层韩牛烤肉汉堡、香辣脆鸡堡、大烤肉汉堡等","Burger Bulgogi Hanwoo đôi, Burger Hot Crispy, Burger Bulgogi cỡ lớn, v.v.","ดับเบิลฮันวูบูลโกกิเบอร์เกอร์ ฮอตคริสปี้เบอร์เกอร์ บิ๊กบูลโกกิเบอร์เกอร์ ฯลฯ","Двойной бургер с хану-пулькоги, Hot Crispy Burger, большой бургер с пулькоги и др.","Double Hanwoo Bulgogi Burger, Hot Crispy Burger, Big Bulgogi Burger, dll."
"23","제주국제공항=국내선=23","면세품인도장(제주관광공사)","Duty-Free Pickup Counter (Jeju Tourism Organization)","免税品受取カウンター（済州観光公社）","免税品提货处（济州观光公社）","Quầy nhận hàng miễn thuế (Tổ chức Du lịch Jeju)","เคาน์เตอร์รับสินค้าปลอดภาษี (องค์การการท่องเที่ยวเชจู)","Стойка выдачи товаров Duty Free (Туристическая организация Чеджу)","Konter Pengambilan Barang Bebas Bea (Organisasi Pariwisata Jeju)","쇼핑","Shopping","ショッピング","购物","Mua sắm","ช้อปปิ้ง","Покупки","Belanja","2F 면세","2F Duty-Free Area","2階 免税エリア","2楼 免税区","Tầng 2 Khu miễn thuế","ชั้น 2 พื้นที่ปลอดภาษี","2-й этаж, зона Duty Free","Lantai 2 Area Bebas Bea","05:00 ~ 21:00","064-742-9419","면세품인도장(제주관광공사)","Duty-Free Pickup Counter (Jeju Tourism Organization)","免税品受取カウンター（済州観光公社）","免税品提货处（济州观光公社）","Quầy nhận hàng miễn thuế (Tổ chức Du lịch Jeju)","เคาน์เตอร์รับสินค้าปลอดภาษี (องค์การการท่องเที่ยวเชจู)","Стойка выдачи товаров Duty Free (Туристическая организация Чеджу)","Konter Pengambilan Barang Bebas Bea (Organisasi Pariwisata Jeju)"
"24","제주국제공항=국내선=24","미도인","Midoin","Midoin","Midoin","Midoin","Midoin","Midoin","Midoin","식당","Restaurant","レストラン","餐厅","Nhà hàng","ร้านอาหาร","Ресторан","Restoran","4F 일반","4F Public Area","4階 一般エリア","4楼 公共区域","Tầng 4 Khu công cộng","ชั้น 4 พื้นที่สาธารณะ","4-й этаж, общая зона","Lantai 4 Area Publik","08:00 ~ 20:00","064-711-1516","스테이크 덮밥, 대창 덮밥, 마제소바 등","Steak rice bowl, beef intestine rice bowl, mazesoba, etc.","ステーキ丼、牛大腸丼、まぜそばなど","牛排盖饭、牛大肠盖饭、拌荞麦面等","Cơm tô bít tết, cơm tô lòng bò, mazesoba, v.v.","ข้าวหน้าสเต๊ก ข้าวหน้าไส้วัว มาเซโซบะ ฯลฯ","Рис со стейком, рис с говяжьей кишкой, мазэсоба и др.","Rice bowl steak, rice bowl usus sapi, mazesoba, dll."
"25","제주국제공항=국내선=25","비즈니스 라운지","Business Lounge","ビジネスラウンジ","商务贵宾室","Phòng chờ thương gia","ห้องรับรองธุรกิจ","Бизнес-зал","Lounge Bisnis","라운지・휴식","Lounge·Rest","ラウンジ／休憩","贵宾室·休息","Phòng chờ·Nghỉ ngơi","เลานจ์·พักผ่อน","Лаунж·Отдых","Lounge·Istirahat","3F 일반","3F Public Area","3階 一般エリア","3楼 公共区域","Tầng 3 Khu công cộng","ชั้น 3 พื้นที่สาธารณะ","3-й этаж, общая зона","Lantai 3 Area Publik","08:40 ~ 20:00","064-797-2334","다온회의실, 퐁낭회의실, 오픈라운지","Daon Meeting Room, Pongnang Meeting Room, Open Lounge","ダオン会議室、ポンナン会議室、オープンラウンジ","Daon会议室、Pongnang会议室、开放式休息区","Phòng họp Daon, phòng họp Pongnang, khu lounge mở","ห้องประชุม Daon ห้องประชุม Pongnang และโอเพนเลานจ์","Переговорная Daon, переговорная Pongnang, открытый лаунж","Ruang Rapat Daon, Ruang Rapat Pongnang, Open Lounge"
"26","제주국제공항=국내선=26","세븐일레븐","7-Eleven","7-Eleven","7-Eleven","7-Eleven","7-Eleven","7-Eleven","7-Eleven","쇼핑","Shopping","ショッピング","购物","Mua sắm","ช้อปปิ้ง","Покупки","Belanja","2F 면세","2F Duty-Free Area","2階 免税エリア","2楼 免税区","Tầng 2 Khu miễn thuế","ชั้น 2 พื้นที่ปลอดภาษี","2-й этаж, зона Duty Free","Lantai 2 Area Bebas Bea","06:30 ~ 21:30","064-711-0293","편의품, 식료품 등","Convenience goods, groceries, etc.","日用品、食料品など","便利商品、食品等","Đồ tiện dụng, thực phẩm, v.v.","ของใช้จำเป็น อาหาร ฯลฯ","Товары повседневного спроса, продукты и др.","Barang kebutuhan sehari-hari, bahan makanan, dll."
"27","제주국제공항=국내선=27","시트리앙","Citriang","Citriang","Citriang","Citriang","Citriang","Citriang","Citriang","쇼핑","Shopping","ショッピング","购物","Mua sắm","ช้อปปิ้ง","Покупки","Belanja","3F 일반","3F Public Area","3階 一般エリア","3楼 公共区域","Tầng 3 Khu công cộng","ชั้น 3 พื้นที่สาธารณะ","3-й этаж, общая зона","Lantai 3 Area Publik","06:00 ~ 20:30","064-747-7494","감귤류","Citrus fruits","柑橘類","柑橘类","Các loại cam quýt","ผลไม้ตระกูลส้ม","Цитрусовые","Buah sitrus"
"28","제주국제공항=국내선=28","아시아나항공","Asiana Airlines","Asiana Airlines","Asiana Airlines","Asiana Airlines","Asiana Airlines","Asiana Airlines","Asiana Airlines","항공사","Airline","航空会社","航空公司","Hãng hàng không","สายการบิน","Авиакомпания","Maskapai penerbangan","3F 일반","3F Public Area","3階 一般エリア","3楼 公共区域","Tầng 3 Khu công cộng","ชั้น 3 พื้นที่สาธารณะ","3-й этаж, общая зона","Lantai 3 Area Publik","06:00 ~ 23:00","064-743-2626","수하물 체크인","Baggage check-in","手荷物チェックイン","行李托运","Làm thủ tục hành lý","เช็กอินสัมภาระ","Регистрация багажа","Check-in bagasi"
"29","제주국제공항=국내선=29","아시아나항공(발권카운터)","Asiana Airlines (Ticketing Counter)","Asiana Airlines （発券カウンター）","Asiana Airlines （售票柜台）","Asiana Airlines (Quầy vé)","Asiana Airlines (เคาน์เตอร์ออกตั๋ว)","Asiana Airlines (Касса)","Asiana Airlines (Konter Tiket)","항공사","Airline","航空会社","航空公司","Hãng hàng không","สายการบิน","Авиакомпания","Maskapai penerbangan","3F 일반","3F Public Area","3階 一般エリア","3楼 公共区域","Tầng 3 Khu công cộng","ชั้น 3 พื้นที่สาธารณะ","3-й этаж, общая зона","Lantai 3 Area Publik","06:00 ~ 23:00","064-743-2626","항공권 구매","Air ticket purchase","航空券購入","购买机票","Mua vé máy bay","ซื้อตั๋วเครื่องบิน","Покупка авиабилетов","Pembelian tiket pesawat"
"30","제주국제공항=국내선=30","아시아나항공라운지","Asiana Airlines Lounge","Asiana Airlines ラウンジ","Asiana Airlines 贵宾室","Asiana Airlines Phòng chờ","Asiana Airlines เลานจ์","Asiana Airlines Лаунж","Asiana Airlines Lounge","라운지・휴식","Lounge·Rest","ラウンジ／休憩","贵宾室·休息","Phòng chờ·Nghỉ ngơi","เลานจ์·พักผ่อน","Лаунж·Отдых","Lounge·Istirahat","3F 일반","3F Public Area","3階 一般エリア","3楼 公共区域","Tầng 3 Khu công cộng","ชั้น 3 พื้นที่สาธารณะ","3-й этаж, общая зона","Lantai 3 Area Publik","06:00 ~ 23:00","1588-8000","항공권 라운지","Airline lounge","航空会社ラウンジ","航空公司贵宾室","Phòng chờ hãng hàng không","ห้องรับรองสายการบิน","Зал ожидания авиакомпании","Lounge maskapai"
"31","제주국제공항=국내선=31","아워홈 푸드엠파이어(푸드코트)","Ourhome Food Empire (Food Court)","Ourhome Food Empire （フードコート）","Ourhome Food Empire （美食广场）","Ourhome Food Empire (Khu ẩm thực)","Ourhome Food Empire (ศูนย์อาหาร)","Ourhome Food Empire (Фуд-корт)","Ourhome Food Empire (Pusat Kuliner)","식당","Restaurant","レストラン","餐厅","Nhà hàng","ร้านอาหาร","Ресторан","Restoran","1F 일반","1F Public Area","1階 一般エリア","1楼 公共区域","Tầng 1 Khu công cộng","ชั้น 1 พื้นที่สาธารณะ","1-й этаж, общая зона","Lantai 1 Area Publik","07:00 ~ 22:00","064-749-7111","온담국수, 제주리 식탁 , 단정솥밥 등","Ondam Noodles, Jejuri Table, Danjeong Pot Rice, etc.","オンダム麺、チェジュリ食卓、タンジョン釜飯など","Ondam面、Jejuri餐桌、Danjeong锅饭等","Mì Ondam, Jejuri Table, cơm niêu Danjeong, v.v.","บะหมี่ Ondam, Jejuri Table, ข้าวหม้อ Danjeong ฯลฯ","Лапша Ondam, Jejuri Table, рис в горшочке Danjeong и др.","Mi Ondam, Jejuri Table, nasi panci Danjeong, dll."
"32","제주국제공항=국내선=32","아워홈 푸디움(달콤커피)","Ourhome Foodium (dal.komm Coffee)","Ourhome Foodium (dal.komm Coffee)","Ourhome Foodium (dal.komm Coffee)","Ourhome Foodium (dal.komm Coffee)","Ourhome Foodium (dal.komm Coffee)","Ourhome Foodium (dal.komm Coffee)","Ourhome Foodium (dal.komm Coffee)","카페・디저트","Cafe·Dessert","カフェ／デザート","咖啡厅·甜点","Quán cà phê·Tráng miệng","คาเฟ่·ของหวาน","Кафе·Десерты","Kafe·Hidangan penutup","1F 일반","1F Public Area","1階 一般エリア","1楼 公共区域","Tầng 1 Khu công cộng","ชั้น 1 พื้นที่สาธารณะ","1-й этаж, общая зона","Lantai 1 Area Publik","07:00 ~ 21:30","064-749-7111","큐브, 커피, 에이드 등 음료 및 디저트","Cube desserts, coffee, ade and other beverages, and desserts","キューブ、コーヒー、エイドなどのドリンク、デザート","方块甜点、咖啡、果味饮料等饮品及甜点","Món cube, cà phê, ade và các loại đồ uống khác, món tráng miệng","ของหวานคิวบ์ กาแฟ เครื่องดื่มเอดและเครื่องดื่มอื่น ๆ รวมถึงของหวาน","Десерты Cube, кофе, фруктовые напитки и другие напитки, десерты","Dessert cube, kopi, minuman ade dan minuman lainnya, serta hidangan penutup"
"33","제주국제공항=국내선=33","아워홈 푸디움(돌랑돌랑상점)","Ourhome Foodium (Dolang Dolang Shop)","Ourhome Foodium (Dolang Dolang Shop)","Ourhome Foodium (Dolang Dolang Shop)","Ourhome Foodium (Dolang Dolang Shop)","Ourhome Foodium (Dolang Dolang Shop)","Ourhome Foodium (Dolang Dolang Shop)","Ourhome Foodium (Dolang Dolang Shop)","카페・디저트","Cafe·Dessert","カフェ／デザート","咖啡厅·甜点","Quán cà phê·Tráng miệng","คาเฟ่·ของหวาน","Кафе·Десерты","Kafe·Hidangan penutup","1F 일반","1F Public Area","1階 一般エリア","1楼 公共区域","Tầng 1 Khu công cộng","ชั้น 1 พื้นที่สาธารณะ","1-й этаж, общая зона","Lantai 1 Area Publik","07:00 ~ 21:30","064-749-7111","땅콩크림라떼, 커피, 에이드 외 음료, 디저트","Peanut cream latte, coffee, ade and other beverages, desserts","ピーナッツクリームラテ、コーヒー、エイドなどのドリンク、デザート","花生奶油拿铁、咖啡、果味饮料等饮品及甜点","Latte kem đậu phộng, cà phê, ade và các loại đồ uống khác, món tráng miệng","พีนัตครีมลาเต้ กาแฟ เครื่องดื่มเอดและเครื่องดื่มอื่น ๆ รวมถึงของหวาน","Латте с арахисовым кремом, кофе, фруктовые и другие напитки, десерты","Latte krim kacang, kopi, minuman ade dan minuman lainnya, serta hidangan penutup"
"34","제주국제공항=국내선=34","에그드랍","EGGDROP","EGGDROP","EGGDROP","EGGDROP","EGGDROP","EGGDROP","EGGDROP","식당","Restaurant","レストラン","餐厅","Nhà hàng","ร้านอาหาร","Ресторан","Restoran","1F 일반","1F Public Area","1階 一般エリア","1楼 公共区域","Tầng 1 Khu công cộng","ชั้น 1 พื้นที่สาธารณะ","1-й этаж, общая зона","Lantai 1 Area Publik","07:00 ~ 21:30","064-743-0067","아메리칸 햄앤 치즈 등 토스트류 및 음료","American Ham & Cheese and other toast sandwiches, and beverages","アメリカンハム＆チーズなどのトースト、ドリンク","美式火腿芝士等吐司及饮品","Toast American Ham & Cheese và các loại toast khác, đồ uống","อเมริกันแฮมแอนด์ชีสและเมนูโทสต์อื่น ๆ พร้อมเครื่องดื่ม","Тосты American Ham & Cheese и другие тосты, напитки","American Ham & Cheese dan roti panggang lainnya, serta minuman"
"35","제주국제공항=국내선=35","에어로케이","Aero K","Aero K","Aero K","Aero K","Aero K","Aero K","Aero K","항공사","Airline","航空会社","航空公司","Hãng hàng không","สายการบิน","Авиакомпания","Maskapai penerbangan","3F 일반","3F Public Area","3階 一般エリア","3楼 公共区域","Tầng 3 Khu công cộng","ชั้น 3 พื้นที่สาธารณะ","3-й этаж, общая зона","Lantai 3 Area Publik","06:00 ~ 23:00","064-797-2695","수하물 체크인","Baggage check-in","手荷物チェックイン","行李托运","Làm thủ tục hành lý","เช็กอินสัมภาระ","Регистрация багажа","Check-in bagasi"
"36","제주국제공항=국내선=36","에어부산","Air Busan","Air Busan","Air Busan","Air Busan","Air Busan","Air Busan","Air Busan","항공사","Airline","航空会社","航空公司","Hãng hàng không","สายการบิน","Авиакомпания","Maskapai penerbangan","3F 일반","3F Public Area","3階 一般エリア","3楼 公共区域","Tầng 3 Khu công cộng","ชั้น 3 พื้นที่สาธารณะ","3-й этаж, общая зона","Lantai 3 Area Publik","06:00 ~ 23:00","064-800-6502","수하물 체크인","Baggage check-in","手荷物チェックイン","行李托运","Làm thủ tục hành lý","เช็กอินสัมภาระ","Регистрация багажа","Check-in bagasi"
"37","제주국제공항=국내선=37","에어부산(발권카운터)","Air Busan (Ticketing Counter)","Air Busan （発券カウンター）","Air Busan （售票柜台）","Air Busan (Quầy vé)","Air Busan (เคาน์เตอร์ออกตั๋ว)","Air Busan (Касса)","Air Busan (Konter Tiket)","항공사","Airline","航空会社","航空公司","Hãng hàng không","สายการบิน","Авиакомпания","Maskapai penerbangan","3F 일반","3F Public Area","3階 一般エリア","3楼 公共区域","Tầng 3 Khu công cộng","ชั้น 3 พื้นที่สาธารณะ","3-й этаж, общая зона","Lantai 3 Area Publik","06:00 ~ 23:00","064-800-6502","항공권 구매","Air ticket purchase","航空券購入","购买机票","Mua vé máy bay","ซื้อตั๋วเครื่องบิน","Покупка авиабилетов","Pembelian tiket pesawat"
"38","제주국제공항=국내선=38","에어서울","Air Seoul","Air Seoul","Air Seoul","Air Seoul","Air Seoul","Air Seoul","Air Seoul","항공사","Airline","航空会社","航空公司","Hãng hàng không","สายการบิน","Авиакомпания","Maskapai penerbangan","3F 일반","3F Public Area","3階 一般エリア","3楼 公共区域","Tầng 3 Khu công cộng","ชั้น 3 พื้นที่สาธารณะ","3-й этаж, общая зона","Lantai 3 Area Publik","06:00 ~ 23:00","064-711-8131","수하물 체크인","Baggage check-in","手荷物チェックイン","行李托运","Làm thủ tục hành lý","เช็กอินสัมภาระ","Регистрация багажа","Check-in bagasi"
"39","제주국제공항=국내선=39","엔제리너스 커피","Angel-in-us Coffee","Angel-in-us Coffee","Angel-in-us Coffee","Angel-in-us Coffee","Angel-in-us Coffee","Angel-in-us Coffee","Angel-in-us Coffee","카페・디저트","Cafe·Dessert","カフェ／デザート","咖啡厅·甜点","Quán cà phê·Tráng miệng","คาเฟ่·ของหวาน","Кафе·Десерты","Kafe·Hidangan penutup","2F 면세","2F Duty-Free Area","2階 免税エリア","2楼 免税区","Tầng 2 Khu miễn thuế","ชั้น 2 พื้นที่ปลอดภาษี","2-й этаж, зона Duty Free","Lantai 2 Area Bebas Bea","06:30 ~ 21:30","064-712-9771","커피, 에이드 등 음료 및 샌드위치","Coffee, ade and other beverages, and sandwiches","コーヒー、エイドなどのドリンク、サンドイッチ","咖啡、果味饮料等饮品及三明治","Cà phê, ade và các loại đồ uống khác, bánh sandwich","กาแฟ เครื่องดื่มเอดและเครื่องดื่มอื่น ๆ รวมถึงแซนด์วิช","Кофе, фруктовые напитки и другие напитки, сэндвичи","Kopi, minuman ade dan minuman lainnya, serta sandwich"
"40","제주국제공항=국내선=40","와우패스","WOWPASS","WOWPASS","WOWPASS","WOWPASS","WOWPASS","WOWPASS","WOWPASS","기타","Other","その他","其他","Khác","อื่นๆ","Другое","Lainnya","1F 일반","1F Public Area","1階 一般エリア","1楼 公共区域","Tầng 1 Khu công cộng","ชั้น 1 พื้นที่สาธารณะ","1-й этаж, общая зона","Lantai 1 Area Publik","05:00 ~ 23:00","1833-5508","선불카드 및 교통카드 충전","Prepaid card and transit card top-up","プリペイドカード·交通カードのチャージ","预付卡及交通卡充值","Nạp thẻ trả trước và thẻ giao thông","เติมเงินบัตรเติมเงินและบัตรโดยสาร","Пополнение предоплаченных и транспортных карт","Isi ulang kartu prabayar dan kartu transportasi"
"41","제주국제공항=국내선=41","와우패스","WOWPASS","WOWPASS","WOWPASS","WOWPASS","WOWPASS","WOWPASS","WOWPASS","기타","Other","その他","其他","Khác","อื่นๆ","Другое","Lainnya","1F 일반","1F Public Area","1階 一般エリア","1楼 公共区域","Tầng 1 Khu công cộng","ชั้น 1 พื้นที่สาธารณะ","1-й этаж, общая зона","Lantai 1 Area Publik","05:00 ~ 23:00","1833-5508","선불카드 및 교통카드 충전","Prepaid card and transit card top-up","プリペイドカード·交通カードのチャージ","预付卡及交通卡充值","Nạp thẻ trả trước và thẻ giao thông","เติมเงินบัตรเติมเงินและบัตรโดยสาร","Пополнение предоплаченных и транспортных карт","Isi ulang kartu prabayar dan kartu transportasi"
"42","제주국제공항=국내선=42","우무","Umu","Umu","Umu","Umu","Umu","Umu","Umu","카페・디저트","Cafe·Dessert","カフェ／デザート","咖啡厅·甜点","Quán cà phê·Tráng miệng","คาเฟ่·ของหวาน","Кафе·Десерты","Kafe·Hidangan penutup","3F 일반","3F Public Area","3階 一般エリア","3楼 公共区域","Tầng 3 Khu công cộng","ชั้น 3 พื้นที่สาธารณะ","3-й этаж, общая зона","Lantai 3 Area Publik","08:00 ~ 20:30","010-2691-0064","푸딩","Pudding","プリン","布丁","Pudding","พุดดิ้ง","Пудинг","Puding"
"43","제주국제공항=국내선=43","우편취급국","Postal Agency","郵便取扱所","邮政服务处","Điểm dịch vụ bưu chính","จุดบริการไปรษณีย์","Почтовое отделение","Loket Pos","안내・관광・호텔","Information·Tourism·Hotel","案内／観光／ホテル","咨询·旅游·酒店","Thông tin·Du lịch·Khách sạn","ข้อมูล·ท่องเที่ยว·โรงแรม","Информация·Туризм·Отель","Informasi·Pariwisata·Hotel","1F 일반","1F Public Area","1階 一般エリア","1楼 公共区域","Tầng 1 Khu công cộng","ชั้น 1 พื้นที่สาธารณะ","1-й этаж, общая зона","Lantai 1 Area Publik","09:00 ~ 18:00","064-724-7212","택배 및 우편 발송","Parcel and postal services","宅配·郵便発送","快递及邮寄服务","Gửi bưu kiện và thư","บริการส่งพัสดุและไปรษณีย์","Отправка посылок и почты","Pengiriman paket dan pos"
"44","제주국제공항=국내선=44","유실물관리센터","Lost and Found Center","遺失物管理センター","失物招领中心","Trung tâm đồ thất lạc","ศูนย์ของหาย","Бюро находок","Pusat Barang Hilang","안내・관광・호텔","Information·Tourism·Hotel","案内／観光／ホテル","咨询·旅游·酒店","Thông tin·Du lịch·Khách sạn","ข้อมูล·ท่องเที่ยว·โรงแรม","Информация·Туризм·Отель","Informasi·Pariwisata·Hotel","1F 일반","1F Public Area","1階 一般エリア","1楼 公共区域","Tầng 1 Khu công cộng","ชั้น 1 พื้นที่สาธารณะ","1-й этаж, общая зона","Lantai 1 Area Publik","06:30 ~ 21:30","064-797-2521","유실물 관리","Lost property management","遺失物管理","失物管理","Quản lý đồ thất lạc","จัดการของหาย","Работа с потерянными вещами","Pengelolaan barang hilang"
"45","제주국제공항=국내선=45","이스타항공","Eastar Jet","Eastar Jet","Eastar Jet","Eastar Jet","Eastar Jet","Eastar Jet","Eastar Jet","항공사","Airline","航空会社","航空公司","Hãng hàng không","สายการบิน","Авиакомпания","Maskapai penerbangan","3F 일반","3F Public Area","3階 一般エリア","3楼 公共区域","Tầng 3 Khu công cộng","ชั้น 3 พื้นที่สาธารณะ","3-й этаж, общая зона","Lantai 3 Area Publik","06:00 ~ 23:00","064-797-2851","수하물 체크인","Baggage check-in","手荷物チェックイン","行李托运","Làm thủ tục hành lý","เช็กอินสัมภาระ","Регистрация багажа","Check-in bagasi"
"46","제주국제공항=국내선=46","이제주섬","eJeju Island","eJeju Island","eJeju Island","eJeju Island","eJeju Island","eJeju Island","eJeju Island","쇼핑","Shopping","ショッピング","购物","Mua sắm","ช้อปปิ้ง","Покупки","Belanja","3F 일반","3F Public Area","3階 一般エリア","3楼 公共区域","Tầng 3 Khu công cộng","ชั้น 3 พื้นที่สาธารณะ","3-й этаж, общая зона","Lantai 3 Area Publik","06:00 ~ 21:00","064-748-8355","젓갈류, 흑돼지 등 제주 특산물","Jeju specialties such as salted seafood and black pork","塩辛、黒豚などの済州特産品","腌制海鲜、黑猪肉等济州特产","Đặc sản Jeju như hải sản muối và thịt heo đen","ของขึ้นชื่อเชจู เช่น อาหารทะเลหมักและหมูดำ","Специалитеты Чеджу: солёные морепродукты, чёрная свинина и др.","Produk khas Jeju seperti seafood asin dan daging babi hitam"
"47","제주국제공항=국내선=47","인생네컷","Life4Cuts","Life4Cuts","Life4Cuts","Life4Cuts","Life4Cuts","Life4Cuts","Life4Cuts","기타","Other","その他","其他","Khác","อื่นๆ","Другое","Lainnya","2F 면세","2F Duty-Free Area","2階 免税エリア","2楼 免税区","Tầng 2 Khu miễn thuế","ชั้น 2 พื้นที่ปลอดภาษี","2-й этаж, зона Duty Free","Lantai 2 Area Bebas Bea","06:00 ~ 22:00","1833-7970","즉석포토","Instant photo","インスタントフォト","即时拍照","Ảnh lấy ngay","ถ่ายภาพด่วน","Мгновенное фото","Foto instan"
"48","제주국제공항=국내선=48","자치경찰단","Autonomous Police","自治警察団","自治警察队","Cảnh sát tự trị","หน่วยตำรวจปกครองตนเอง","Автономная полиция","Polisi Otonom","기타","Other","その他","其他","Khác","อื่นๆ","Другое","Lainnya","1F 일반","1F Public Area","1階 一般エリア","1楼 公共区域","Tầng 1 Khu công cộng","ชั้น 1 พื้นที่สาธารณะ","1-й этаж, общая зона","Lantai 1 Area Publik","06:00 ~ 23:00","064-797-2272","자치경찰단 업무 수행","Autonomous police services","自治警察業務","自治警察业务","Dịch vụ cảnh sát tự trị","บริการของตำรวจปกครองตนเอง","Услуги автономной полиции","Layanan polisi otonom"
"49","제주국제공항=국내선=49","잠바","Jamba","Jamba","Jamba","Jamba","Jamba","Jamba","Jamba","카페・디저트","Cafe·Dessert","カフェ／デザート","咖啡厅·甜点","Quán cà phê·Tráng miệng","คาเฟ่·ของหวาน","Кафе·Десерты","Kafe·Hidangan penutup","3F 일반","3F Public Area","3階 一般エリア","3楼 公共区域","Tầng 3 Khu công cộng","ชั้น 3 พื้นที่สาธารณะ","3-й этаж, общая зона","Lantai 3 Area Publik","05:30 ~ 21:00","064-745-8944","커피, 과일 스무디, 샐러드, 샌드위치 등","Coffee, fruit smoothies, salads, sandwiches, etc.","コーヒー、フルーツスムージー、サラダ、サンドイッチなど","咖啡、水果冰沙、沙拉、三明治等","Cà phê, sinh tố trái cây, salad, bánh sandwich, v.v.","กาแฟ สมูทตี้ผลไม้ สลัด แซนด์วิช ฯลฯ","Кофе, фруктовые смузи, салаты, сэндвичи и др.","Kopi, smoothie buah, salad, sandwich, dll."
"50","제주국제공항=국내선=50","제주관광협회 종합안내센터","Jeju Tourism Association Information Center","済州観光協会 総合案内センター","济州旅游协会综合咨询中心","Trung tâm thông tin tổng hợp Hiệp hội Du lịch Jeju","ศูนย์ข้อมูลรวมสมาคมการท่องเที่ยวเชจู","Информационный центр Туристической ассоциации Чеджу","Pusat Informasi Asosiasi Pariwisata Jeju","안내・관광・호텔","Information·Tourism·Hotel","案内／観光／ホテル","咨询·旅游·酒店","Thông tin·Du lịch·Khách sạn","ข้อมูล·ท่องเที่ยว·โรงแรม","Информация·Туризм·Отель","Informasi·Pariwisata·Hotel","1F 일반","1F Public Area","1階 一般エリア","1楼 公共区域","Tầng 1 Khu công cộng","ชั้น 1 พื้นที่สาธารณะ","1-й этаж, общая зона","Lantai 1 Area Publik","07:00 ~ 22:00","064-742-8866","제주관광협회 종합안내센터","Jeju Tourism Association Information Center","済州観光協会 総合案内センター","济州旅游协会综合咨询中心","Trung tâm thông tin tổng hợp Hiệp hội Du lịch Jeju","ศูนย์ข้อมูลรวมสมาคมการท่องเที่ยวเชจู","Информационный центр Туристической ассоциации Чеджу","Pusat Informasi Asosiasi Pariwisata Jeju"
"51","제주국제공항=국내선=51","제주올레","Jeju Olle","済州オルレ","济州偶来","Jeju Olle","เชจู ออลเล","Jeju Olle","Jeju Olle","안내・관광・호텔","Information·Tourism·Hotel","案内／観光／ホテル","咨询·旅游·酒店","Thông tin·Du lịch·Khách sạn","ข้อมูล·ท่องเที่ยว·โรงแรม","Информация·Туризм·Отель","Informasi·Pariwisata·Hotel","1F 일반","1F Public Area","1階 一般エリア","1楼 公共区域","Tầng 1 Khu công cộng","ชั้น 1 พื้นที่สาธารณะ","1-й этаж, общая зона","Lantai 1 Area Publik","08:00 ~ 21:00","070-4135-2190","Tour Information","Tour Information","観光案内","旅游信息","Thông tin du lịch","ข้อมูลการท่องเที่ยว","Туристическая информация","Informasi Wisata"
"52","제주국제공항=국내선=52","제주은행","Jeju Bank","済州銀行","济州银行","Ngân hàng Jeju","ธนาคารเชจู","Банк Чеджу","Jeju Bank","금융・보험・환전","Finance·Insurance·Currency Exchange","金融／保険／両替","金融·保险·货币兑换","Tài chính·Bảo hiểm·Đổi tiền","การเงิน·ประกัน·แลกเปลี่ยนเงินตรา","Финансы·Страхование·Обмен валют","Keuangan·Asuransi·Penukaran mata uang","1F 면세","1F Duty-Free Area","1階 免税エリア","1楼 免税区","Tầng 1 Khu miễn thuế","ชั้น 1 พื้นที่ปลอดภาษี","1-й этаж, зона Duty Free","Lantai 1 Area Bebas Bea","09:00 ~ 16:00","064-720-0412","제주은행","Jeju Bank","済州銀行","济州银行","Ngân hàng Jeju","ธนาคารเชจู","Банк Чеджу","Jeju Bank"
"53","제주국제공항=국내선=53","제주항공","Jeju Air","Jeju Air","Jeju Air","Jeju Air","Jeju Air","Jeju Air","Jeju Air","항공사","Airline","航空会社","航空公司","Hãng hàng không","สายการบิน","Авиакомпания","Maskapai penerbangan","3F 일반","3F Public Area","3階 一般エリア","3楼 公共区域","Tầng 3 Khu công cộng","ชั้น 3 พื้นที่สาธารณะ","3-й этаж, общая зона","Lantai 3 Area Publik","06:00 ~ 23:00","064-797-2822","수하물 체크인","Baggage check-in","手荷物チェックイン","行李托运","Làm thủ tục hành lý","เช็กอินสัมภาระ","Регистрация багажа","Check-in bagasi"
"54","제주국제공항=국내선=54","제주항공(발권카운터)","Jeju Air (Ticketing Counter)","Jeju Air （発券カウンター）","Jeju Air （售票柜台）","Jeju Air (Quầy vé)","Jeju Air (เคาน์เตอร์ออกตั๋ว)","Jeju Air (Касса)","Jeju Air (Konter Tiket)","항공사","Airline","航空会社","航空公司","Hãng hàng không","สายการบิน","Авиакомпания","Maskapai penerbangan","3F 일반","3F Public Area","3階 一般エリア","3楼 公共区域","Tầng 3 Khu công cộng","ชั้น 3 พื้นที่สาธารณะ","3-й этаж, общая зона","Lantai 3 Area Publik","06:00 ~ 23:00","064-797-2822","항공권 구매","Air ticket purchase","航空券購入","购买机票","Mua vé máy bay","ซื้อตั๋วเครื่องบิน","Покупка авиабилетов","Pembelian tiket pesawat"
"55","제주국제공항=국내선=55","진고복식당(한식당)","Jingobok Restaurant (Korean Restaurant)","Jingobok Restaurant （韓国料理店）","Jingobok Restaurant （韩餐厅）","Jingobok Restaurant (Nhà hàng Hàn Quốc)","Jingobok Restaurant (ร้านอาหารเกาหลี)","Jingobok Restaurant (Корейский ресторан)","Jingobok Restaurant (Restoran Korea)","식당","Restaurant","レストラン","餐厅","Nhà hàng","ร้านอาหาร","Ресторан","Restoran","4F 일반","4F Public Area","4階 一般エリア","4楼 公共区域","Tầng 4 Khu công cộng","ชั้น 4 พื้นที่สาธารณะ","4-й этаж, общая зона","Lantai 4 Area Publik","06:30 ~ 21:00","064-712-1517","불고기쌈 반상, 제육볶음쌈 반상 등","Bulgogi wrap set, spicy stir-fried pork wrap set, etc.","プルコギ包み定食、豚肉辛炒め包み定食など","烤肉包菜套餐、辣炒猪肉包菜套餐等","Set bulgogi cuốn rau, set thịt heo xào cay cuốn rau, v.v.","ชุดบูลโกกิห่อผัก ชุดหมูผัดเผ็ดห่อผัก ฯลฯ","Сет с пулькоги и листьями, сет с острой жареной свининой и листьями и др.","Set bulgogi bungkus selada, set babi tumis pedas bungkus selada, dll."
"56","제주국제공항=국내선=56","진에어","Jin Air","Jin Air","Jin Air","Jin Air","Jin Air","Jin Air","Jin Air","항공사","Airline","航空会社","航空公司","Hãng hàng không","สายการบิน","Авиакомпания","Maskapai penerbangan","3F 일반","3F Public Area","3階 一般エリア","3楼 公共区域","Tầng 3 Khu công cộng","ชั้น 3 พื้นที่สาธารณะ","3-й этаж, общая зона","Lantai 3 Area Publik","06:00 ~ 23:00","064-713-9422","수하물 체크인","Baggage check-in","手荷物チェックイン","行李托运","Làm thủ tục hành lý","เช็กอินสัมภาระ","Регистрация багажа","Check-in bagasi"
"57","제주국제공항=국내선=57","진에어(발권카운터)","Jin Air (Ticketing Counter)","Jin Air （発券カウンター）","Jin Air （售票柜台）","Jin Air (Quầy vé)","Jin Air (เคาน์เตอร์ออกตั๋ว)","Jin Air (Касса)","Jin Air (Konter Tiket)","항공사","Airline","航空会社","航空公司","Hãng hàng không","สายการบิน","Авиакомпания","Maskapai penerbangan","3F 일반","3F Public Area","3階 一般エリア","3楼 公共区域","Tầng 3 Khu công cộng","ชั้น 3 พื้นที่สาธารณะ","3-й этаж, общая зона","Lantai 3 Area Publik","06:00 ~ 23:00","064-713-9422","항공권 구매","Air ticket purchase","航空券購入","购买机票","Mua vé máy bay","ซื้อตั๋วเครื่องบิน","Покупка авиабилетов","Pembelian tiket pesawat"
"58","제주국제공항=국내선=58","카페띠아모","Cafe Tiamo","Cafe Tiamo","Cafe Tiamo","Cafe Tiamo","Cafe Tiamo","Cafe Tiamo","Cafe Tiamo","카페・디저트","Cafe·Dessert","カフェ／デザート","咖啡厅·甜点","Quán cà phê·Tráng miệng","คาเฟ่·ของหวาน","Кафе·Десерты","Kafe·Hidangan penutup","2F 일반","2F Public Area","2階 一般エリア","2楼 公共区域","Tầng 2 Khu công cộng","ชั้น 2 พื้นที่สาธารณะ","2-й этаж, общая зона","Lantai 2 Area Publik","07:00 ~ 21:30","064-748-1919","젤라또","Gelato","ジェラート","意式冰淇淋","Gelato","เจลาโต","Джелато","Gelato"
"59","제주국제공항=국내선=59","카페오가다(2호점)","Cafe O'gada (Branch 2)","Cafe O'gada （2号店）","Cafe O'gada （2号店）","Cafe O'gada (Chi nhánh 2)","Cafe O'gada (สาขา 2)","Cafe O'gada (Филиал 2)","Cafe O'gada (Cabang 2)","카페・디저트","Cafe·Dessert","カフェ／デザート","咖啡厅·甜点","Quán cà phê·Tráng miệng","คาเฟ่·ของหวาน","Кафе·Десерты","Kafe·Hidangan penutup","4F 일반","4F Public Area","4階 一般エリア","4楼 公共区域","Tầng 4 Khu công cộng","ชั้น 4 พื้นที่สาธารณะ","4-й этаж, общая зона","Lantai 4 Area Publik","07:00 ~ 21:30","064-747-2246","커피, 주스, 에이드 등 음료 및 디저트","Coffee, juice, ade and other beverages, and desserts","コーヒー、ジュース、エイドなどのドリンク、デザート","咖啡、果汁、果味饮料等饮品及甜点","Cà phê, nước ép, ade và các loại đồ uống khác, món tráng miệng","กาแฟ น้ำผลไม้ เครื่องดื่มเอดและเครื่องดื่มอื่น ๆ รวมถึงของหวาน","Кофе, соки, фруктовые и другие напитки, десерты","Kopi, jus, minuman ade dan minuman lainnya, serta hidangan penutup"
"60","제주국제공항=국내선=60","탐라렌터카","Tamra Rent-a-Car","耽羅レンタカー","耽罗租车","Thuê xe Tamra","รถเช่าทัมรา","Прокат авто Tamra","Sewa Mobil Tamra","기타","Other","その他","其他","Khác","อื่นๆ","Другое","Lainnya","1F 일반","1F Public Area","1階 一般エリア","1楼 公共区域","Tầng 1 Khu công cộng","ชั้น 1 พื้นที่สาธารณะ","1-й этаж, общая зона","Lantai 1 Area Publik","07:20 ~ 18:30","1644-3302","탐라렌터카","Tamra Rent-a-Car","耽羅レンタカー","耽罗租车","Thuê xe Tamra","รถเช่าทัมรา","Прокат авто Tamra","Sewa Mobil Tamra"
"61","제주국제공항=국내선=61","특산품","Local Specialties","特産品","特产","Đặc sản địa phương","สินค้าพิเศษท้องถิ่น","Местные деликатесы и товары","Produk Khas Lokal","쇼핑","Shopping","ショッピング","购物","Mua sắm","ช้อปปิ้ง","Покупки","Belanja","2F 일반","2F Public Area","2階 一般エリア","2楼 公共区域","Tầng 2 Khu công cộng","ชั้น 2 พื้นที่สาธารณะ","2-й этаж, общая зона","Lantai 2 Area Publik","06:00 ~ 21:30","064-743-2111","제주 기념품","Jeju souvenirs","済州のお土産","济州纪念品","Quà lưu niệm Jeju","ของที่ระลึกเชจู","Сувениры Чеджу","Suvenir Jeju"
"62","제주국제공항=국내선=62","특산품","Local Specialties","特産品","特产","Đặc sản địa phương","สินค้าพิเศษท้องถิ่น","Местные деликатесы и товары","Produk Khas Lokal","쇼핑","Shopping","ショッピング","购物","Mua sắm","ช้อปปิ้ง","Покупки","Belanja","2F 면세","2F Duty-Free Area","2階 免税エリア","2楼 免税区","Tầng 2 Khu miễn thuế","ชั้น 2 พื้นที่ปลอดภาษี","2-й этаж, зона Duty Free","Lantai 2 Area Bebas Bea","06:00 ~ 21:30","064-743-2111","제주 기념품","Jeju souvenirs","済州のお土産","济州纪念品","Quà lưu niệm Jeju","ของที่ระลึกเชจู","Сувениры Чеджу","Suvenir Jeju"
"63","제주국제공항=국내선=63","특산품","Local Specialties","特産品","特产","Đặc sản địa phương","สินค้าพิเศษท้องถิ่น","Местные деликатесы и товары","Produk Khas Lokal","쇼핑","Shopping","ショッピング","购物","Mua sắm","ช้อปปิ้ง","Покупки","Belanja","3F 일반","3F Public Area","3階 一般エリア","3楼 公共区域","Tầng 3 Khu công cộng","ชั้น 3 พื้นที่สาธารณะ","3-й этаж, общая зона","Lantai 3 Area Publik","06:00 ~ 21:00","064-743-2111","제주 기념품","Jeju souvenirs","済州のお土産","济州纪念品","Quà lưu niệm Jeju","ของที่ระลึกเชจู","Сувениры Чеджу","Suvenir Jeju"
"64","제주국제공항=국내선=64","티웨이항공","T'way Air","T'way Air","T'way Air","T'way Air","T'way Air","T'way Air","T'way Air","항공사","Airline","航空会社","航空公司","Hãng hàng không","สายการบิน","Авиакомпания","Maskapai penerbangan","3F 일반","3F Public Area","3階 一般エリア","3楼 公共区域","Tầng 3 Khu công cộng","ชั้น 3 พื้นที่สาธารณะ","3-й этаж, общая зона","Lantai 3 Area Publik","06:00 ~ 23:00","064-713-2520","수하물 체크인","Baggage check-in","手荷物チェックイン","行李托运","Làm thủ tục hành lý","เช็กอินสัมภาระ","Регистрация багажа","Check-in bagasi"
"65","제주국제공항=국내선=65","티웨이항공(발권카운터)","T'way Air (Ticketing Counter)","T'way Air （発券カウンター）","T'way Air （售票柜台）","T'way Air (Quầy vé)","T'way Air (เคาน์เตอร์ออกตั๋ว)","T'way Air (Касса)","T'way Air (Konter Tiket)","항공사","Airline","航空会社","航空公司","Hãng hàng không","สายการบิน","Авиакомпания","Maskapai penerbangan","3F 일반","3F Public Area","3階 一般エリア","3楼 公共区域","Tầng 3 Khu công cộng","ชั้น 3 พื้นที่สาธารณะ","3-й этаж, общая зона","Lantai 3 Area Publik","06:00 ~ 23:00","064-713-2520","항공권 구매","Air ticket purchase","航空券購入","购买机票","Mua vé máy bay","ซื้อตั๋วเครื่องบิน","Покупка авиабилетов","Pembelian tiket pesawat"
"66","제주국제공항=국내선=66","파라타항공","Parata Air","Parata Air","Parata Air","Parata Air","Parata Air","Parata Air","Parata Air","항공사","Airline","航空会社","航空公司","Hãng hàng không","สายการบิน","Авиакомпания","Maskapai penerbangan","3F 일반","3F Public Area","3階 一般エリア","3楼 公共区域","Tầng 3 Khu công cộng","ชั้น 3 พื้นที่สาธารณะ","3-й этаж, общая зона","Lantai 3 Area Publik","06:00 ~ 23:00","1800-8877","수하물 체크인","Baggage check-in","手荷物チェックイン","行李托运","Làm thủ tục hành lý","เช็กอินสัมภาระ","Регистрация багажа","Check-in bagasi"
"67","제주국제공항=국내선=67","파리바게트(2F)","Paris Baguette (2F)","Paris Baguette (2階)","Paris Baguette (2楼)","Paris Baguette (2F)","Paris Baguette (2F)","Paris Baguette (2F)","Paris Baguette (2F)","카페・디저트","Cafe·Dessert","カフェ／デザート","咖啡厅·甜点","Quán cà phê·Tráng miệng","คาเฟ่·ของหวาน","Кафе·Десерты","Kafe·Hidangan penutup","2F 면세","2F Duty-Free Area","2階 免税エリア","2楼 免税区","Tầng 2 Khu miễn thuế","ชั้น 2 พื้นที่ปลอดภาษี","2-й этаж, зона Duty Free","Lantai 2 Area Bebas Bea","06:00 ~ 21:00","064-747-0742","커피, 에이드 등 음료 및 베이커리, 마음샌드","Coffee, ade and other beverages, bakery items, and Maeum Sand","コーヒー、エイドなどのドリンク、ベーカリー、マウムサンド","咖啡、果味饮料等饮品、烘焙食品及Maeum Sand","Cà phê, ade và các loại đồ uống khác, bánh nướng và Maeum Sand","กาแฟ เครื่องดื่มเอดและเครื่องดื่มอื่น ๆ เบเกอรี่ และ Maeum Sand","Кофе, фруктовые напитки и другие напитки, выпечка и Maeum Sand","Kopi, minuman ade dan minuman lainnya, produk bakery, dan Maeum Sand"
"68","제주국제공항=국내선=68","폴바셋","Paul Bassett","Paul Bassett","Paul Bassett","Paul Bassett","Paul Bassett","Paul Bassett","Paul Bassett","카페・디저트","Cafe·Dessert","カフェ／デザート","咖啡厅·甜点","Quán cà phê·Tráng miệng","คาเฟ่·ของหวาน","Кафе·Десерты","Kafe·Hidangan penutup","3F 면세","3F Duty-Free Area","3階 免税エリア","3楼 免税区","Tầng 3 Khu miễn thuế","ชั้น 3 พื้นที่ปลอดภาษี","3-й этаж, зона Duty Free","Lantai 3 Area Bebas Bea","06:00 ~ 22:00","070-4119-4206","커피, 베이커리 등","Coffee, bakery items, etc.","コーヒー、ベーカリーなど","咖啡、烘焙食品等","Cà phê, bánh nướng, v.v.","กาแฟ เบเกอรี่ ฯลฯ","Кофе, выпечка и др.","Kopi, produk bakery, dll."
"69","제주국제공항=국내선=69","프랭크버거","Frank Burger","Frank Burger","Frank Burger","Frank Burger","Frank Burger","Frank Burger","Frank Burger","식당","Restaurant","レストラン","餐厅","Nhà hàng","ร้านอาหาร","Ресторан","Restoran","4F 일반","4F Public Area","4階 一般エリア","4楼 公共区域","Tầng 4 Khu công cộng","ชั้น 4 พื้นที่สาธารณะ","4-й этаж, общая зона","Lantai 4 Area Publik","07:00 ~ 21:00","064-744-3777","햄버거","Hamburgers","ハンバーガー","汉堡","Hamburger","แฮมเบอร์เกอร์","Бургеры","Hamburger"
"70","제주국제공항=국내선=70","플레이팅 4층(푸드코트)","Plating 4F (Food Court)","Plating 4階 （フードコート）","Plating 4楼 （美食广场）","Plating 4F (Khu ẩm thực)","Plating 4F (ศูนย์อาหาร)","Plating 4F (Фуд-корт)","Plating 4F (Pusat Kuliner)","식당","Restaurant","レストラン","餐厅","Nhà hàng","ร้านอาหาร","Ресторан","Restoran","4F 일반","4F Public Area","4階 一般エリア","4楼 公共区域","Tầng 4 Khu công cộng","ชั้น 4 พื้นที่สาธารณะ","4-й этаж, общая зона","Lantai 4 Area Publik","07:00 ~ 21:00","064-805-8152","제주 제육볶음 반상, 사골 장칼국수 반상 등","Jeju spicy stir-fried pork set, beef-bone spicy kalguksu set, etc.","済州式豚肉辛炒め定食、牛骨スープの辛いカルグクス定食など","济州辣炒猪肉套餐、牛骨酱汤刀切面套餐等","Set thịt heo xào cay Jeju, set mì kalguksu cay nước xương bò, v.v.","ชุดหมูผัดเผ็ดเชจู ชุดคัลกุกซูเผ็ดน้ำซุปกระดูกวัว ฯลฯ","Сет с острой жареной свининой по-чеджуски, сет с острым кальгуксу на говяжьем бульоне и др.","Set babi tumis pedas Jeju, set kalguksu pedas kuah tulang sapi, dll."
"71","제주국제공항=국내선=71","플레이팅(2층 푸드코트)","Plating (2F Food Court)","Plating (2階 Food Court)","Plating (2楼 Food Court)","Plating (2F Food Court)","Plating (2F Food Court)","Plating (2F Food Court)","Plating (2F Food Court)","식당","Restaurant","レストラン","餐厅","Nhà hàng","ร้านอาหาร","Ресторан","Restoran","2F 면세","2F Duty-Free Area","2階 免税エリア","2楼 免税区","Tầng 2 Khu miễn thuế","ชั้น 2 พื้นที่ปลอดภาษี","2-й этаж, зона Duty Free","Lantai 2 Area Bebas Bea","06:00 ~ 22:00","064-749-9408","Food Court","Food Court","フードコート","美食广场","Khu ẩm thực","ศูนย์อาหาร","Фуд-корт","Pusat Kuliner"
"72","제주국제공항=국내선=72","화장실","Restroom","トイレ","洗手间","Nhà vệ sinh","ห้องน้ำ","Туалет","Toilet","화장실","Restroom","トイレ","洗手间","Nhà vệ sinh","ห้องน้ำ","Туалет","Toilet","","","","","","","","","","","","","","","","","",""
"73","제주국제공항=국제선=01","롯데면세점","LOTTE Duty Free","ロッテ免税店","乐天免税店","LOTTE Duty Free","LOTTE Duty Free","LOTTE Duty Free","LOTTE Duty Free","쇼핑","Shopping","ショッピング","购物","Mua sắm","ช้อปปิ้ง","Покупки","Belanja","3F 면세","3F Duty-Free Area","3階 免税エリア","3楼 免税区","Tầng 3 Khu miễn thuế","ชั้น 3 พื้นที่ปลอดภาษี","3-й этаж, зона Duty Free","Lantai 3 Area Bebas Bea","06:00 ~ 23:00","064-798-4000","화장품, 향수 등","Cosmetics, perfume, etc.","化粧品、香水など","化妆品、香水等","Mỹ phẩm, nước hoa, v.v.","เครื่องสำอาง น้ำหอม ฯลฯ","Косметика, парфюмерия и др.","Kosmetik, parfum, dll."
"74","제주국제공항=국제선=02","CU(출국)","CU (Departures)","CU （出国）","CU （出发区）","CU (Khu khởi hành)","CU (ขาออก)","CU (Вылет)","CU (Keberangkatan)","쇼핑","Shopping","ショッピング","购物","Mua sắm","ช้อปปิ้ง","Покупки","Belanja","3F 면세","3F Duty-Free Area","3階 免税エリア","3楼 免税区","Tầng 3 Khu miễn thuế","ชั้น 3 พื้นที่ปลอดภาษี","3-й этаж, зона Duty Free","Lantai 3 Area Bebas Bea","06:00 ~ 23:00","1577-8007","편의용품","Convenience goods","日用品","便利用品","Đồ tiện dụng","ของใช้จำเป็น","Товары повседневного спроса","Barang kebutuhan sehari-hari"
"75","제주국제공항=국제선=03","CU(3F)","CU (3F)","CU (3階)","CU (3楼)","CU (3F)","CU (3F)","CU (3F)","CU (3F)","쇼핑","Shopping","ショッピング","购物","Mua sắm","ช้อปปิ้ง","Покупки","Belanja","3F 일반","3F Public Area","3階 一般エリア","3楼 公共区域","Tầng 3 Khu công cộng","ชั้น 3 พื้นที่สาธารณะ","3-й этаж, общая зона","Lantai 3 Area Publik","06:30 ~ 21:30","1577-8007","편의용품","Convenience goods","日用品","便利用品","Đồ tiện dụng","ของใช้จำเป็น","Товары повседневного спроса","Barang kebutuhan sehari-hari"
"76","제주국제공항=국제선=04","글로벌텍스프리","Global Tax Free","Global Tax Free","Global Tax Free","Global Tax Free","Global Tax Free","Global Tax Free","Global Tax Free","금융・보험・환전","Finance·Insurance·Currency Exchange","金融／保険／両替","金融·保险·货币兑换","Tài chính·Bảo hiểm·Đổi tiền","การเงิน·ประกัน·แลกเปลี่ยนเงินตรา","Финансы·Страхование·Обмен валют","Keuangan·Asuransi·Penukaran mata uang","3F 면세","3F Duty-Free Area","3階 免税エリア","3楼 免税区","Tầng 3 Khu miễn thuế","ชั้น 3 พื้นที่ปลอดภาษี","3-й этаж, зона Duty Free","Lantai 3 Area Bebas Bea","06:00 ~ 23:00","064-745-2662","환급","Refund","還付","退税·退款","Hoàn tiền","คืนเงิน","Возврат средств","Pengembalian dana"
"77","제주국제공항=국제선=05","글로벌텍스프리","Global Tax Free","Global Tax Free","Global Tax Free","Global Tax Free","Global Tax Free","Global Tax Free","Global Tax Free","안내・관광・호텔","Information·Tourism·Hotel","案内／観光／ホテル","咨询·旅游·酒店","Thông tin·Du lịch·Khách sạn","ข้อมูล·ท่องเที่ยว·โรงแรม","Информация·Туризм·Отель","Informasi·Pariwisata·Hotel","3F 일반","3F Public Area","3階 一般エリア","3楼 公共区域","Tầng 3 Khu công cộng","ชั้น 3 พื้นที่สาธารณะ","3-й этаж, общая зона","Lantai 3 Area Publik","04:00 ~ 23:59","064-745-2662","세금환급","Tax refund","税金還付","退税","Hoàn thuế","คืนภาษี","Возврат налога","Pengembalian pajak"
"78","제주국제공항=국제선=06","디자인스킨","DESIGN SKIN","DESIGN SKIN","DESIGN SKIN","DESIGN SKIN","DESIGN SKIN","DESIGN SKIN","DESIGN SKIN","쇼핑","Shopping","ショッピング","购物","Mua sắm","ช้อปปิ้ง","Покупки","Belanja","1F 일반","1F Public Area","1階 一般エリア","1楼 公共区域","Tầng 1 Khu công cộng","ชั้น 1 พื้นที่สาธารณะ","1-й этаж, общая зона","Lantai 1 Area Publik","07:00 ~ 21:00","064-744-3139","핸드폰 케이스 및 액세서리","Phone cases and accessories","スマートフォンケース·アクセサリー","手机壳及配件","Ốp điện thoại và phụ kiện","เคสโทรศัพท์และอุปกรณ์เสริม","Чехлы для телефонов и аксессуары","Casing ponsel dan aksesori"
"79","제주국제공항=국제선=07","띠아모","Tiamo","Tiamo","Tiamo","Tiamo","Tiamo","Tiamo","Tiamo","카페・디저트","Cafe·Dessert","カフェ／デザート","咖啡厅·甜点","Quán cà phê·Tráng miệng","คาเฟ่·ของหวาน","Кафе·Десерты","Kafe·Hidangan penutup","3F 면세","3F Duty-Free Area","3階 免税エリア","3楼 免税区","Tầng 3 Khu miễn thuế","ชั้น 3 พื้นที่ปลอดภาษี","3-й этаж, зона Duty Free","Lantai 3 Area Bebas Bea","06:00 ~ 23:00","064-748-2929","젤라또 아이스크림","Gelato ice cream","ジェラートアイス","意式冰淇淋","Kem gelato","ไอศกรีมเจลาโต","Мороженое джелато","Es krim gelato"
"80","제주국제공항=국제선=08","롯데관광개발","Lotte Tour Development","Lotte Tour Development","Lotte Tour Development","Lotte Tour Development","Lotte Tour Development","Lotte Tour Development","Lotte Tour Development","안내・관광・호텔","Information·Tourism·Hotel","案内／観光／ホテル","咨询·旅游·酒店","Thông tin·Du lịch·Khách sạn","ข้อมูล·ท่องเที่ยว·โรงแรม","Информация·Туризм·Отель","Informasi·Pariwisata·Hotel","1F 일반","1F Public Area","1階 一般エリア","1楼 公共区域","Tầng 1 Khu công cộng","ชั้น 1 พื้นที่สาธารณะ","1-й этаж, общая зона","Lantai 1 Area Publik","06:00 ~ 23:00","064-798-4000","예약 손님 등 안내","Assistance for guests with reservations and other inquiries","予約客などの案内","为预约客人等提供咨询服务","Hướng dẫn khách đã đặt chỗ và các hỗ trợ khác","ให้คำแนะนำสำหรับลูกค้าที่จองไว้และบริการอื่น ๆ","Помощь гостям с бронированием и другие консультации","Bantuan untuk tamu dengan reservasi dan informasi lainnya"
"81","제주국제공항=국제선=09","롯데면세점(2영업장)","LOTTE Duty Free (Store 2)","LOTTE Duty Free （第2売場）","LOTTE Duty Free （2号营业区）","LOTTE Duty Free (Khu bán hàng 2)","LOTTE Duty Free (พื้นที่ขาย 2)","LOTTE Duty Free (Торговая зона 2)","LOTTE Duty Free (Area Penjualan 2)","쇼핑","Shopping","ショッピング","购物","Mua sắm","ช้อปปิ้ง","Покупки","Belanja","3F 면세","3F Duty-Free Area","3階 免税エリア","3楼 免税区","Tầng 3 Khu miễn thuế","ชั้น 3 พื้นที่ปลอดภาษี","3-й этаж, зона Duty Free","Lantai 3 Area Bebas Bea","06:00 ~ 23:00","064-798-4000","화장품, 향수 등","Cosmetics, perfume, etc.","化粧品、香水など","化妆品、香水等","Mỹ phẩm, nước hoa, v.v.","เครื่องสำอาง น้ำหอม ฯลฯ","Косметика, парфюмерия и др.","Kosmetik, parfum, dll."
"82","제주국제공항=국제선=10","면세품 인도장","Duty-Free Pickup Counter","免税品受取カウンター","免税品提货处","Quầy nhận hàng miễn thuế","เคาน์เตอร์รับสินค้าปลอดภาษี","Стойка выдачи товаров Duty Free","Konter Pengambilan Barang Bebas Bea","쇼핑","Shopping","ショッピング","购物","Mua sắm","ช้อปปิ้ง","Покупки","Belanja","3F 면세","3F Duty-Free Area","3階 免税エリア","3楼 免税区","Tầng 3 Khu miễn thuế","ชั้น 3 พื้นที่ปลอดภาษี","3-й этаж, зона Duty Free","Lantai 3 Area Bebas Bea","04:00 ~ 23:00","064-747-0031, 064-747-0163","-","-","-","-","-","-","-","-"
"83","제주국제공항=국제선=11","빌라드샬롯","Villa de Charlotte","Villa de Charlotte","Villa de Charlotte","Villa de Charlotte","Villa de Charlotte","Villa de Charlotte","Villa de Charlotte","카페・디저트","Cafe·Dessert","カフェ／デザート","咖啡厅·甜点","Quán cà phê·Tráng miệng","คาเฟ่·ของหวาน","Кафе·Десерты","Kafe·Hidangan penutup","1F 일반","1F Public Area","1階 一般エリア","1楼 公共区域","Tầng 1 Khu công cộng","ชั้น 1 พื้นที่สาธารณะ","1-й этаж, общая зона","Lantai 1 Area Publik","07:00 ~ 21:00","064-746-1749","커피, 주스, 에이드 등 음료 및 디저트","Coffee, juice, ade and other beverages, and desserts","コーヒー、ジュース、エイドなどのドリンク、デザート","咖啡、果汁、果味饮料等饮品及甜点","Cà phê, nước ép, ade và các loại đồ uống khác, món tráng miệng","กาแฟ น้ำผลไม้ เครื่องดื่มเอดและเครื่องดื่มอื่น ๆ รวมถึงของหวาน","Кофе, соки, фруктовые и другие напитки, десерты","Kopi, jus, minuman ade dan minuman lainnya, serta hidangan penutup"
"84","제주국제공항=국제선=12","수하물보관소","Baggage Storage","手荷物預かり所","行李寄存处","Nơi giữ hành lý","ที่รับฝากสัมภาระ","Камера хранения багажа","Penitipan Bagasi","기타","Other","その他","其他","Khác","อื่นๆ","Другое","Lainnya","1F 일반","1F Public Area","1階 一般エリア","1楼 公共区域","Tầng 1 Khu công cộng","ชั้น 1 พื้นที่สาธารณะ","1-й этаж, общая зона","Lantai 1 Area Publik","06:00 ~ 22:00","010-3968-8215","수화물 보관 서비스 등","Baggage storage services, etc.","手荷物預かりサービスなど","行李寄存服务等","Dịch vụ giữ hành lý, v.v.","บริการรับฝากสัมภาระ ฯลฯ","Услуги хранения багажа и др.","Layanan penitipan bagasi, dll."
"85","제주국제공항=국제선=13","신한은행(환전)","Shinhan Bank (Currency Exchange)","新韓銀行（両替）","新韩银行（货币兑换）","Ngân hàng Shinhan (Đổi tiền)","ธนาคารชินฮัน (แลกเปลี่ยนเงินตรา)","Банк Shinhan (обмен валют)","Shinhan Bank (Penukaran Mata Uang)","금융・보험・환전","Finance·Insurance·Currency Exchange","金融／保険／両替","金融·保险·货币兑换","Tài chính·Bảo hiểm·Đổi tiền","การเงิน·ประกัน·แลกเปลี่ยนเงินตรา","Финансы·Страхование·Обмен валют","Keuangan·Asuransi·Penukaran mata uang","1F 일반","1F Public Area","1階 一般エリア","1楼 公共区域","Tầng 1 Khu công cộng","ชั้น 1 พื้นที่สาธารณะ","1-й этаж, общая зона","Lantai 1 Area Publik","09:00~16:00","064-747-3825","입출금, 환전 등","Deposits, withdrawals, currency exchange, etc.","入出金、両替など","存取款、货币兑换等","Gửi·rút tiền, đổi ngoại tệ, v.v.","ฝาก-ถอนเงิน แลกเปลี่ยนเงินตรา ฯลฯ","Внесение и снятие средств, обмен валют и др.","Setor·tarik tunai, penukaran mata uang, dll."
"86","제주국제공항=국제선=14","아시안쿡","Asian Cook","Asian Cook","Asian Cook","Asian Cook","Asian Cook","Asian Cook","Asian Cook","식당","Restaurant","レストラン","餐厅","Nhà hàng","ร้านอาหาร","Ресторан","Restoran","3F 면세","3F Duty-Free Area","3階 免税エリア","3楼 免税区","Tầng 3 Khu miễn thuế","ชั้น 3 พื้นที่ปลอดภาษี","3-й этаж, зона Duty Free","Lantai 3 Area Bebas Bea","06:30 ~ 22:00","064-749-9409","Food Court","Food Court","フードコート","美食广场","Khu ẩm thực","ศูนย์อาหาร","Фуд-корт","Pusat Kuliner"
"87","제주국제공항=국제선=15","아워당","Ourdang","Ourdang","Ourdang","Ourdang","Ourdang","Ourdang","Ourdang","카페・디저트","Cafe·Dessert","カフェ／デザート","咖啡厅·甜点","Quán cà phê·Tráng miệng","คาเฟ่·ของหวาน","Кафе·Десерты","Kafe·Hidangan penutup","3F 일반","3F Public Area","3階 一般エリア","3楼 公共区域","Tầng 3 Khu công cộng","ชั้น 3 พื้นที่สาธารณะ","3-й этаж, общая зона","Lantai 3 Area Publik","06:00 ~ 21:30","064-749-7110","커피, 베이커리 등","Coffee, bakery items, etc.","コーヒー、ベーカリーなど","咖啡、烘焙食品等","Cà phê, bánh nướng, v.v.","กาแฟ เบเกอรี่ ฯลฯ","Кофе, выпечка и др.","Kopi, produk bakery, dll."
"88","제주국제공항=국제선=16","업타운","Uptown","Uptown","Uptown","Uptown","Uptown","Uptown","Uptown","카페・디저트","Cafe·Dessert","カフェ／デザート","咖啡厅·甜点","Quán cà phê·Tráng miệng","คาเฟ่·ของหวาน","Кафе·Десерты","Kafe·Hidangan penutup","3F 면세","3F Duty-Free Area","3階 免税エリア","3楼 免税区","Tầng 3 Khu miễn thuế","ชั้น 3 พื้นที่ปลอดภาษี","3-й этаж, зона Duty Free","Lantai 3 Area Bebas Bea","06:00 ~ 22:00","064-749-7110","커피, 베이커리 등","Coffee, bakery items, etc.","コーヒー、ベーカリーなど","咖啡、烘焙食品等","Cà phê, bánh nướng, v.v.","กาแฟ เบเกอรี่ ฯลฯ","Кофе, выпечка и др.","Kopi, produk bakery, dll."
"89","제주국제공항=국제선=17","우무","Umu","Umu","Umu","Umu","Umu","Umu","Umu","카페・디저트","Cafe·Dessert","カフェ／デザート","咖啡厅·甜点","Quán cà phê·Tráng miệng","คาเฟ่·ของหวาน","Кафе·Десерты","Kafe·Hidangan penutup","1F 일반","1F Public Area","1階 一般エリア","1楼 公共区域","Tầng 1 Khu công cộng","ชั้น 1 พื้นที่สาธารณะ","1-й этаж, общая зона","Lantai 1 Area Publik","08:00 ~ 20:30","010-2691-0064","푸딩","Pudding","プリン","布丁","Pudding","พุดดิ้ง","Пудинг","Puding"
"90","제주국제공항=국제선=18","유실물관리센터","Lost and Found Center","遺失物管理センター","失物招领中心","Trung tâm đồ thất lạc","ศูนย์ของหาย","Бюро находок","Pusat Barang Hilang","기타","Other","その他","其他","Khác","อื่นๆ","Другое","Lainnya","1F 일반","1F Public Area","1階 一般エリア","1楼 公共区域","Tầng 1 Khu công cộng","ชั้น 1 พื้นที่สาธารณะ","1-й этаж, общая зона","Lantai 1 Area Publik","07:00 ~ 22:00","064-797-2521~2","유실물 센터","Lost and Found Center","遺失物センター","失物招领中心","Trung tâm đồ thất lạc","ศูนย์ของหาย","Бюро находок","Pusat Barang Hilang"
"91","제주국제공항=국제선=19","인생네컷","Life4Cuts","Life4Cuts","Life4Cuts","Life4Cuts","Life4Cuts","Life4Cuts","Life4Cuts","쇼핑","Shopping","ショッピング","购物","Mua sắm","ช้อปปิ้ง","Покупки","Belanja","3F 면세","3F Duty-Free Area","3階 免税エリア","3楼 免税区","Tầng 3 Khu miễn thuế","ชั้น 3 พื้นที่ปลอดภาษี","3-й этаж, зона Duty Free","Lantai 3 Area Bebas Bea","05:00 ~ 23:30","1833-7970","즉석포토","Instant photo","インスタントフォト","即时拍照","Ảnh lấy ngay","ถ่ายภาพด่วน","Мгновенное фото","Foto instan"
"92","제주국제공항=국제선=20","제주국제공항의원","Jeju International Airport Clinic","済州国際空港クリニック","济州国际机场诊所","Phòng khám Sân bay Quốc tế Jeju","คลินิกสนามบินนานาชาติเชจู","Медпункт международного аэропорта Чеджу","Klinik Bandara Internasional Jeju","의료","Medical","医療","医疗","Y tế","การแพทย์","Медицина","Medis","1F 일반","1F Public Area","1階 一般エリア","1楼 公共区域","Tầng 1 Khu công cộng","ชั้น 1 พื้นที่สาธารณะ","1-й этаж, общая зона","Lantai 1 Area Publik","07:00 ~ 22:00","064-797-2595","Medical Care","Medical Care","医療サービス","医疗服务","Chăm sóc y tế","บริการทางการแพทย์","Медицинская помощь","Layanan Medis"
"93","제주국제공항=국제선=21","제주은행(환전소)","Jeju Bank (Currency Exchange)","済州銀行（両替）","济州银行（货币兑换）","Ngân hàng Jeju (Đổi tiền)","ธนาคารเชจู (แลกเปลี่ยนเงินตรา)","Банк Чеджу (обмен валют)","Jeju Bank (Penukaran Mata Uang)","금융・보험・환전","Finance·Insurance·Currency Exchange","金融／保険／両替","金融·保险·货币兑换","Tài chính·Bảo hiểm·Đổi tiền","การเงิน·ประกัน·แลกเปลี่ยนเงินตรา","Финансы·Страхование·Обмен валют","Keuangan·Asuransi·Penukaran mata uang","1F 면세","1F Duty-Free Area","1階 免税エリア","1楼 免税区","Tầng 1 Khu miễn thuế","ชั้น 1 พื้นที่ปลอดภาษี","1-й этаж, зона Duty Free","Lantai 1 Area Bebas Bea","06:00 ~ 23:00","064-746-0607","환전","Currency exchange","両替","货币兑换","Đổi ngoại tệ","แลกเปลี่ยนเงินตรา","Обмен валют","Penukaran mata uang"
"94","제주국제공항=국제선=22","제주은행(환전소)","Jeju Bank (Currency Exchange)","済州銀行（両替）","济州银行（货币兑换）","Ngân hàng Jeju (Đổi tiền)","ธนาคารเชจู (แลกเปลี่ยนเงินตรา)","Банк Чеджу (обмен валют)","Jeju Bank (Penukaran Mata Uang)","금융・보험・환전","Finance·Insurance·Currency Exchange","金融／保険／両替","金融·保险·货币兑换","Tài chính·Bảo hiểm·Đổi tiền","การเงิน·ประกัน·แลกเปลี่ยนเงินตรา","Финансы·Страхование·Обмен валют","Keuangan·Asuransi·Penukaran mata uang","1F 일반","1F Public Area","1階 一般エリア","1楼 公共区域","Tầng 1 Khu công cộng","ชั้น 1 พื้นที่สาธารณะ","1-й этаж, общая зона","Lantai 1 Area Publik","09:00 ~ 16:00","064-746-0607","입출금, 환전 등","Deposits, withdrawals, currency exchange, etc.","入出金、両替など","存取款、货币兑换等","Gửi·rút tiền, đổi ngoại tệ, v.v.","ฝาก-ถอนเงิน แลกเปลี่ยนเงินตรา ฯลฯ","Внесение и снятие средств, обмен валют и др.","Setor·tarik tunai, penukaran mata uang, dll."
"95","제주국제공항=국제선=23","제주은행(환전소)","Jeju Bank (Currency Exchange)","済州銀行（両替）","济州银行（货币兑换）","Ngân hàng Jeju (Đổi tiền)","ธนาคารเชจู (แลกเปลี่ยนเงินตรา)","Банк Чеджу (обмен валют)","Jeju Bank (Penukaran Mata Uang)","금융・보험・환전","Finance·Insurance·Currency Exchange","金融／保険／両替","金融·保险·货币兑换","Tài chính·Bảo hiểm·Đổi tiền","การเงิน·ประกัน·แลกเปลี่ยนเงินตรา","Финансы·Страхование·Обмен валют","Keuangan·Asuransi·Penukaran mata uang","3F 면세","3F Duty-Free Area","3階 免税エリア","3楼 免税区","Tầng 3 Khu miễn thuế","ชั้น 3 พื้นที่ปลอดภาษี","3-й этаж, зона Duty Free","Lantai 3 Area Bebas Bea","06:00 ~ 23:00","064-746-0607","환전","Currency exchange","両替","货币兑换","Đổi ngoại tệ","แลกเปลี่ยนเงินตรา","Обмен валют","Penukaran mata uang"
"96","제주국제공항=국제선=24","제주특별자치도관광협회 안내소 1F","Jeju Tourism Association Information Desk 1F","済州観光協会 案内所 1F","济州旅游协会咨询处 1楼","Quầy thông tin Hiệp hội Du lịch Jeju Tầng 1","เคาน์เตอร์ข้อมูลสมาคมการท่องเที่ยวเชจู ชั้น 1","Инфостойка Туристической ассоциации Чеджу, 1-й этаж","Meja Informasi Asosiasi Pariwisata Jeju Lantai 1","안내・관광・호텔","Information·Tourism·Hotel","案内／観光／ホテル","咨询·旅游·酒店","Thông tin·Du lịch·Khách sạn","ข้อมูล·ท่องเที่ยว·โรงแรม","Информация·Туризм·Отель","Informasi·Pariwisata·Hotel","1F 일반","1F Public Area","1階 一般エリア","1楼 公共区域","Tầng 1 Khu công cộng","ชั้น 1 พื้นที่สาธารณะ","1-й этаж, общая зона","Lantai 1 Area Publik","06:00 ~ 23:00","064-742-0032","관광 정보","Tourist information","観光情報","旅游信息","Thông tin du lịch","ข้อมูลการท่องเที่ยว","Туристическая информация","Informasi wisata"
"97","제주국제공항=국제선=25","짐캐리","JIMCARRY","JIMCARRY","JIMCARRY","JIMCARRY","JIMCARRY","JIMCARRY","JIMCARRY","기타","Other","その他","其他","Khác","อื่นๆ","Другое","Lainnya","3F 일반","3F Public Area","3階 一般エリア","3楼 公共区域","Tầng 3 Khu công cộng","ชั้น 3 พื้นที่สาธารณะ","3-й этаж, общая зона","Lantai 3 Area Publik","06:00 ~ 21:20","1544-8215","짐보관, 포장, 운송","Baggage storage, packing, and transportation","荷物預かり、梱包、配送","行李寄存、包装、运输","Giữ hành lý, đóng gói và vận chuyển","ฝากสัมภาระ แพ็ก และขนส่ง","Хранение багажа, упаковка и перевозка","Penitipan bagasi, pengepakan, dan pengiriman"
"98","제주국제공항=국제선=26","특산품판매점","Local Specialty Shop","特産品販売店","特产店","Cửa hàng đặc sản địa phương","ร้านจำหน่ายสินค้าพิเศษท้องถิ่น","Магазин местных товаров","Toko Produk Khas Lokal","쇼핑","Shopping","ショッピング","购物","Mua sắm","ช้อปปิ้ง","Покупки","Belanja","3F 면세","3F Duty-Free Area","3階 免税エリア","3楼 免税区","Tầng 3 Khu miễn thuế","ชั้น 3 พื้นที่ปลอดภาษี","3-й этаж, зона Duty Free","Lantai 3 Area Bebas Bea","06:00 ~ 23:00","064-743-2111","제주 특산품","Jeju specialty products","済州特産品","济州特产","Đặc sản Jeju","สินค้าพิเศษของเชจู","Местные товары Чеджу","Produk khas Jeju"
"99","제주국제공항=국제선=27","파라다이스카지노","Paradise Casino","Paradise Casino","Paradise Casino","Paradise Casino","Paradise Casino","Paradise Casino","Paradise Casino","안내・관광・호텔","Information·Tourism·Hotel","案内／観光／ホテル","咨询·旅游·酒店","Thông tin·Du lịch·Khách sạn","ข้อมูล·ท่องเที่ยว·โรงแรม","Информация·Туризм·Отель","Informasi·Pariwisata·Hotel","1F 일반","1F Public Area","1階 一般エリア","1楼 公共区域","Tầng 1 Khu công cộng","ชั้น 1 พื้นที่สาธารณะ","1-й этаж, общая зона","Lantai 1 Area Publik","06:00 ~ 23:00","064-740-7773","파라다이소 호텔, 카지노 안내","Paradise Hotel and casino information","パラダイスホテル、カジノ案内","Paradise酒店、赌场咨询","Thông tin về Paradise Hotel và casino","ข้อมูลโรงแรม Paradise และคาสิโน","Информация об отеле Paradise и казино","Informasi Paradise Hotel dan kasino"
"100","제주국제공항=국제선=28","파리바게뜨","Paris Baguette","Paris Baguette","Paris Baguette","Paris Baguette","Paris Baguette","Paris Baguette","Paris Baguette","쇼핑","Shopping","ショッピング","购物","Mua sắm","ช้อปปิ้ง","Покупки","Belanja","3F 면세","3F Duty-Free Area","3階 免税エリア","3楼 免税区","Tầng 3 Khu miễn thuế","ชั้น 3 พื้นที่ปลอดภาษี","3-й этаж, зона Duty Free","Lantai 3 Area Bebas Bea","06:00 ~ 22:00","064-746-5373","마음샌드 등","Maeum Sand, etc.","マウムサンドなど","Maeum Sand等","Maeum Sand, v.v.","Maeum Sand ฯลฯ","Maeum Sand и др.","Maeum Sand, dll."
"101","제주국제공항=국제선=29","프리미엄패스 인터내셔널","Premium Pass International","Premium Pass International","Premium Pass International","Premium Pass International","Premium Pass International","Premium Pass International","Premium Pass International","안내・관광・호텔","Information·Tourism·Hotel","案内／観光／ホテル","咨询·旅游·酒店","Thông tin·Du lịch·Khách sạn","ข้อมูล·ท่องเที่ยว·โรงแรม","Информация·Туризм·Отель","Informasi·Pariwisata·Hotel","1F 일반","1F Public Area","1階 一般エリア","1楼 公共区域","Tầng 1 Khu công cộng","ชั้น 1 พื้นที่สาธารณะ","1-й этаж, общая зона","Lantai 1 Area Publik","09:00 ~ 18:00","064-744-1201","예약 고객 수속 의전 서비스 등","Check-in assistance and VIP escort services for reserved customers, etc.","予約客向けの手続き·VIPエスコートサービスなど","为预约客户提供手续办理及礼宾服务等","Hỗ trợ thủ tục và dịch vụ đón tiếp VIP cho khách đã đặt trước, v.v.","บริการช่วยดำเนินการและอำนวยความสะดวก VIP สำหรับลูกค้าที่จองไว้ ฯลฯ","Помощь в оформлении и VIP-сопровождение для клиентов с бронированием и др.","Bantuan proses check-in dan layanan pendampingan VIP untuk pelanggan reservasi, dll."
"102","제주국제공항=국제선=30","화장실","Restroom","トイレ","洗手间","Nhà vệ sinh","ห้องน้ำ","Туалет","Toilet","화장실","Restroom","トイレ","洗手间","Nhà vệ sinh","ห้องน้ำ","Туалет","Toilet","","","","","","","","","","","","","","","","","",""