"운영팀> 2번 모니터> 앱 콘텐츠 내용","","","","","","","","","","","","","","","","","","","","","","","","",""
"Num","Key","Korean","English","Japanese","Chinese","Vietnamese","Thai","Russian","Indonesian","설명, 비고","구분(위치)","","","","","","","","","","","","","",""
"","NoticeContent","제주도의 마스코트<b>'HAYOUNG'이
박술녀 한복을</b> 입고 나와요
여러분도 체험할 수 있도록 
할게요 <b>한복을 입어보세요~</b>","YUSAN will appear in a brand-new hanboks  by Park Sulnyeo!
Get ready to enjoy the hanbok experience with all-new designs.","YUSANはパク・スルニョによる全く新しい韓服（ハンボク）で登場します！ 新しいデザインの韓服体験をお楽しみに！","YUSAN
将身着朴洙烈设计的全新韩服亮相！
敬请期待全新设计的韩服体验！","Linh vật Insadong 'YUSAN' mặc Hanbok Bak Sul-nyeo xuất hiện! Chúng tôi sẽ giúp các bạn cùng trải nghiệm. Hãy thử Hanbok nhé~","มาสคอตอินซาดง 'YUSAN' สวมฮันบกพัคซุลนยอมาแล้ว! เราจะทำให้ทุกคนได้สัมผัสประสบการณ์นี้ มาลองสวมชุดฮันบกกัน~","YUSAN появится в совершенно новых ханбоках от Пак Суль Нё!
Приготовьтесь насладиться примеркой ханбоков с совершенно новым дизайном.","Maskot Insadong 'YUSAN' tampil pakai Hanbok Bak Sul-nyeo! Kami siapkan agar kalian juga bisa mencobanya. Ayo coba Hanbok~","제주공항, 여객선터미널에 적용","메인C","","","","","","","","","","","","","",""
"","NoticeContent","제주도의 마스코트<b>'HAYOUNG'이
박술녀 한복을</b> 입고 나와요
여러분도 체험할 수 있도록 
할게요 <b>한복을 입어보세요~</b>","HAYOUNG will appear in a brand-new hanboks  by Park Sulnyeo!
Get ready to enjoy the hanbok experience with all-new designs.","HAYOUNGはパク・スルニョによる全く新しい韓服（ハンボク）で登場します！ 新しいデザインの韓服体験をお楽しみに！","HAYOUNG
将身着朴洙烈设计的全新韩服亮相！
敬请期待全新设计的韩服体验！","Linh vật Insadong 'HAYOUNG' mặc Hanbok Bak Sul-nyeo xuất hiện! Chúng tôi sẽ giúp các bạn cùng trải nghiệm. Hãy thử Hanbok nhé~","มาสคอตอินซาดง 'HAYOUNG' สวมฮันบกพัคซุลนยอมาแล้ว! เราจะทำให้ทุกคนได้สัมผัสประสบการณ์นี้ มาลองสวมชุดฮันบกกัน~","HAYOUNG появится в совершенно новых ханбоках от Пак Суль Нё!
Приготовьтесь насладиться примеркой ханбоков с совершенно новым дизайном.","Maskot Insadong 'HAYOUNG' tampil pakai Hanbok Bak Sul-nyeo! Kami siapkan agar kalian juga bisa mencobanya. Ayo coba Hanbok~","제주유산문화센터에 적용","메인C","","","","","","","","","","","","","",""
"","FlightSchedule","항공편 안내","","","","","","","","제주공항에 적용","","","","","","","","","","","","","","",""
"","CruiseSchedule","운항 정보","","","","","","","","여객선터미널, 유산문화센터에 적용","","","","","","","","","","","","","","",""
"","Language_Select_Language","언어선택","Select Language","言語選択","选择语言","Chọn ngôn ngữ","เลือกภาษา","Выберите язык","Pilih Bahasa","","아이콘03","","","","","","","","","","","","","",""
"","Language_Content","* 원하는 언어를 선택해 주세요.","* Service is available in 4 languages. Please select a language.","* 4ヶ国語に対応しています。言語を選択してください。","* 提供4种语言服务。请选择语言。","* Vui lòng chọn ngôn ngữ.","* มีให้บริการ 8 ภาษา โปรดเลือกภาษาที่ต้องการ","* Услуга доступна на 4 языках. Пожалуйста, выберите язык.","* Silakan pilih bahasa.","","아이콘03","","","","","","","","","","","","","",""
"","Language_Now_Language","현재 언어","> Now Language","> Now Language","> Now Language","Ngôn ngữ hiện tại","ภาษาปัจจุบัน","> Текущий язык","Bahasa Saat Ini","","아이콘03","","","","","","","","","","","","","",""
"","Language_Target_Language","변경 언어","> Change Language","> Change Language","> Change Language","Đổi ngôn ngữ","เปลี่ยนภาษา","> Изменить язык","Ubah Bahasa","","아이콘03","","","","","","","","","","","","","",""
"","Main_Search","제주도에 대해 검색해보세요!","","","","","","","","","","","","","","","","","","","","","","",""
"","MainButton_AI"," '제주' 뭐하지","To do (Ai)","","","","","","","","아이콘04","","","","","","","","","","","","","",""
"","MainButton_Goods","위드 마켓 ","WITH Market","WITH Market","WITH Market","Chợ WITH","ตลาด WITH","Рынок WITH","Pasar WITH","","아이콘15","","","","","","","","","","","","","",""
"","MainButton_Event","제주도 이벤트","Jeju Island Event","済州島イベント","济州岛活动","Sự kiện đảo Jeju","กิจกรรมบนเกาะเชจู","Мероприятие на острове Чеджу","Acara Pulau Jeju","","아이콘06","","","","","","","","","","","","","",""
"","MainButton_ToEat"," '제주'뭐먹지","To eat","","","","","","","","아이콘07","","","","","","","","","","","","","",""
"","MainButton_ToBuy"," '제주'뭐사지","To buy","","","","","","","","아이콘08","","","","","","","","","","","","","",""
"","MainButton_Accommodation","숙박안내","Accommodation","宿泊情報","住宿信息","Lưu trú","ข้อมูลที่พัก","Проживание","Akomodasi","","아이콘09","","","","","","","","","","","","","",""
"","MainButton_TaxFree","TAX-FREE","TAX-FREE","TAX-FREE","TAX-FREE","TAX-FREE","TAX-FREE","TAX-FREE","TAX-FREE","","아이콘10","","","","","","","","","","","","","",""
"","MainButton_Here","여기는 제주도","Jeju Island","インサドンの紹介","这里是仁寺洞","Đây là Insadong","ที่นี่คืออินซาดง","Инсадон","Ini Insadong","","아이콘11","","","","","","","","","","","","","",""
"","MainButton_Greeting","안녕 '하영'","Hello 'HAYOUNG'","こんにちは 'HAYOUNG'","你好 'HAYOUNG'","Chào 'HAYOUNG'","สวัสดี 'HAYOUNG'","Привет, 'HAYOUNG'","Halo 'HAYOUNG'","제주공항, 여객선터미널에 적용","아이콘12","","","","","","","","","","","","","",""
"","MainButton_Greeting","안녕 '유산'","Hello 'HAYOUNG'","こんにちは 'HAYOUNG'","你好 'HAYOUNG'","Chào 'HAYOUNG'","สวัสดี 'HAYOUNG'","Привет, 'HAYOUNG'","Halo 'HAYOUNG'","제주유산문화센터에 적용","아이콘13","","","","","","","","","","","","","",""
"","MainButton_ToHelp","도와줘'하영'","Help","ヘルプとサービスです","请帮忙","Giúp với 'HAYOUNG'","ช่วยด้วย 'HAYOUNG'","Помощь","Tolong 'HAYOUNG'","제주공항, 여객선터미널에 적용","","","","","","","","","","","","","","",""
"","MainButton_ToHelp","도와줘'유산'","Help","ヘルプとサービスです","请帮忙","Giúp với 'HAYOUNG'","ช่วยด้วย 'HAYOUNG'","Помощь","Tolong 'HAYOUNG'","제주유산문화센터에 적용","","","","","","","","","","","","","","",""
"","MainButton_RentCar","렌트카","","","","","","","","제주공항에 적용","아이콘14","","","","","","","","","","","","","",""
"","MainButton_Cruise","운항정보","","","","","","","","유산문화센터, 여객선터미널에 적용","","","","","","","","","","","","","","",""
"","MainButton_Exchange","환율","Exchange","為替レート情報","汇率信息","Tỷ giá","อัตราแลกเปลี่ยน","Обмен валют","Kurs","","","","","","","","","","","","","","","",""
"","MainButton_Donation","기부","Donation","寄付","捐款","Quyên góp","บริจาค","Пожертвование","Donasi","","아이콘15","","","","","","","","","","","","","",""
"","MainButton_LocalCurrency","지역화폐","","","","","","","","","아이콘17","","","","","","","","","","","","","",""
"","MainButton_Promotion","PROMOTION(준비중)","","","","","","","","","아이콘19","","","","","","","","","","","","","",""
"","MainButton_WC","화장실","Toilet","トイレ","廁所","Nhà vệ sinh","ห้องน้ำ","Туалет","Toilet","","아이콘21","","","","","","","","","","","","","",""
"","MainButton_Hanbok","한복설명","Hanbok","韓服","韩服","Thông tin Hanbok","ข้อมูลฮันบก","Ханбок","Info Hanbok","","","","","","","","","","","","","","","",""
"","MainButton_Tamnao","탐나오","","","","","","","","","","","","","","","","","","","","","","",""
""," ","","","","","","","","","","","","","","","","","","","","","","","",""
"","SubButton_AI","AI 검색하기","","","","","","","","","","","","","","","","","","","","","","",""
"","SubButton_Goods","굿즈 만들기","","","","","","","","","아이콘04","","","","","","","","","","","","","",""
"","SubButton_Event","제주 행사","","","","","","","","","아이콘04","","","","","","","","","","","","","",""
"","SubButton_ToEat","맛집 추천","","","","","","","","","아이콘04","","","","","","","","","","","","","",""
"","SubButton_ToBuy","쇼핑 추천","","","","","","","","제주공항, 여객선터미널에 적용","","","","","","","","","","","","","","",""
"","SubButton_Accommodation","제주 숙소 모음","","","","","","","","제주유산문화센터에 적용","아이콘04","","","","","","","","","","","","","",""
"","SubButton_TaxFree","면세혜택","","","","","","","","","아이콘04","","","","","","","","","","","","","",""
"","SubButton_Here","관광지 추천","","","","","","","","","","","","","","","","","","","","","","",""
"","SubButton_Greeting","하영' 소개","","","","","","","","","","","","","","","","","","","","","","",""
"","SubButton_Greeting","유산' 소개","","","","","","","","","","","","","","","","","","","","","","",""
"","SubButton_ToHelp","편의시설 안내","","","","","","","","","","","","","","","","","","","","","","",""
"","SubButton_ToHelp","편의시설 안내","","","","","","","","","","","","","","","","","","","","","","",""
"","SubButton_RentCar","렌트카 업체 안내","","","","","","","","","아이콘04","","","","","","","","","","","","","",""
"","SubButton_Cruise","입·출항 정보","","","","","","","","","","","","","","","","","","","","","","",""
"","SubButton_Exchange","환율 계산기","","","","","","","","","","","","","","","","","","","","","","",""
"","SubButton_Donation","교복 기부","","","","","","","","","","","","","","","","","","","","","","",""
"","SubButton_Tamnao","제주공공플랫폼","","","","","","","","","","","","","","","","","","","","","","",""
"","SubButton_Transport","","","","","","","","","","","","","","","","","","","","","","","",""
"","SubButton_LocalCurrency","탐나는전","","","","","","","","","","","","","","","","","","","","","","",""
"","CCourseDesc3","온 가족이 함께 즐길 수 있는 체험 중심 코스","","","","","","","","","","","","","","","","","","","","","","",""
"","CCourseDesc4","","","","","","","","","","","","","","","","","","","","","","","",""
"","CCourseTags","#가족 #체험 #즐거움","","","","","","","","","","","","","","","","","","","","","","",""
"","Visitor_1","1명","1 person","1人","1人","1 người","1 คน","1 человек","1 orang","","아이콘04","","","","","","","","","","","","","",""
"","Visitor_2","2명","2 people","2人","2人","2 người","2 คน","2 человека","2 orang","","아이콘04","","","","","","","","","","","","","",""
"","Visitor_3","3명","3 people","3人","3人","3 người","3 คน","3 человека","3 orang","","아이콘04","","","","","","","","","","","","","",""
"","Visitor_4","4명","4 people","4人","4人","4 người","4 คน","4 человека","4 orang","","아이콘04","","","","","","","","","","","","","",""
"","Visitor_5","5~9명","5~9 people","5~9人","5~9人","5~9 người","5~9 คน","5~9 человек","5~9 orang","","아이콘04","","","","","","","","","","","","","",""
"","Visitor_6","10명~","10 people~","10人~","10人~","10 người~","10 คน~","10 человек~","10 orang~","","아이콘04","","","","","","","","","","","","","",""
"","StayTime_1","당일치기","","","","","","","","","아이콘04","","","","","","","","","","","","","",""
"","StayTime_2","1박 2일","","","","","","","","","아이콘04","","","","","","","","","","","","","",""
"","StayTime_3","2박 3일","","","","","","","","","아이콘04","","","","","","","","","","","","","",""
"","StayTime_4","3박 이상","","","","","","","","","아이콘04","","","","","","","","","","","","","",""
"","Transportation_1","도보","","","","","","","","","","","","","","","","","","","","","","",""
"","Transportation_2","자전거","","","","","","","","","","","","","","","","","","","","","","",""
"","Transportation_3","대중교통","","","","","","","","","","","","","","","","","","","","","","",""
"","Transportation_4","자동차","","","","","","","","","","","","","","","","","","","","","","",""
"","TotalStayTime","총 소요시간","","","","","","","","","","","","","","","","","","","","","","",""
"","dayLapsed","일차","","","","","","","","","","","","","","","","","","","","","","",""
"","blogReview","블로그 리뷰","","","","","","","","","","","","","","","","","","","","","","",""
"","ShowDetailShop","업체 정보를 클릭하시면 상세 정보가 나와요","Click the store for details.","店舗情報をクリックすると詳細情報が表示されます。","点击商户信息即可查看详细信息。","Nhấn vào thông tin đơn vị để xem chi tiết","คลิกที่ข้อมูลร้านค้าเพื่อดูรายละเอียด","Нажмите на магазин для подробностей.","Klik info toko untuk lihat detailnya","","아이콘04","","","","","","","","","","","","","",""
"","AI_SubmitButton","인사에게 추천받기","Get recommendations from 'INSA'","インサからおすすめをもらう","向仁寺（Insa）获取推荐","Nhận đề xuất từ INSA'","ขอคำแนะนำจาก INSA","Получить рекомендации от 'INSA'","Dapatkan Rekomendasi dari 'INSA'","","","","","","","","","","","","","","","",""
"","AI_CourseContent_1","• 맞춤 코스가 준비되었어요!","• A personalized course is ready for you!","• あなただけのカスタムコースが準備できました！","• 为你定制的专属路线已经准备好了！","* Lộ trình riêng đã sẵn sàng!","* คอร์สเฉพาะของคุณพร้อมแล้ว!","• Индивидуальный маршрут готов для вас!","* Rute kustom sudah siap!","","","","","","","","","","","","","","","",""
"","AI_CourseContent_2","맞춤 코스에 따라 인사동을 즐겨보세요.","Enjoy Insa-dong with your personalized course","あなた専用のコースに沿って仁寺洞を楽しんでみてください","按照为你定制的路线，尽情畅游仁寺洞吧！","Hãy tận hưởng Insadong theo lộ trình riêng nhé.","เพลิดเพลินกับอินซาดงตามคอร์สเฉพาะของคุณ","Наслаждайтесь Инсадоном с вашим индивидуальным маршрутом","Nikmati Insadong sesuai rute kustommu.","","","","","","","","","","","","","","","",""
"","Here_IsJeju","* 여기는 제주도입니다.","","","","","","","","","","","","","","","","","","","","","","",""
"","Here_History","역사","History","歴史","历史","Lịch sử","ประวัติศาสตร์","История","Sejarah","","","","","","","","","","","","","","","",""
"","Here_HistoryContent","제주도는 화산 활동으로 만들어진 섬으로, 오래전부터 독특한 자연환경 속에서 고유한 문화를 발전시켜 왔습니다. 고대에는 탐라국이라는 독립적인 해양국가가 존재했으며, 바다를 통해 한반도와 중국·일본 등과 교류했습니다. 이후 고려 시대에 편입되면서 ‘제주’라는 이름이 사용되기 시작했고, 조선 시대에는 유배지로 활용되며 독특한 지역문화가 형성되었습니다. 제주는 섬이라는 환경 속에서 해녀 문화, 돌하르방, 돌담, 제주 방언 등 고유한 생활문화를 발전시켰습니다. 일제강점기에는 일본의 군사 거점으로 이용되며 많은 어려움을 겪었고, 해방 이후에는 제주 4·3 사건이라는 아픈 현대사를 지나왔습니다. 오늘날 제주도는 한라산, 오름, 용암동굴 등 아름다운 자연유산과 전통문화가 어우러진 대한민국 대표 관광지로 자리 잡았습니다. 과거의 역사와 제주 사람들의 삶이 함께 이어지며, 자연과 문화가 공존하는 특별한 섬으로 사랑받고 있습니다.","","","","","","","","","","","","","","","","","","","","","","",""
"","Here_Culture","문화","Culture","文化","文化","Văn hóa","วัฒนธรรม","Культура","Budaya","","","","","","","","","","","","","","","",""
"","Here_CultureContent_1_title","해녀 문화","","","","","","","","","","","","","","","","","","","","","","",""
"","Here_CultureContent_1","제주의 대표적인 여성 공동체 문화로, 물질을 통해 바다에서 해산물을 채취하며 가족과 지역을 지켜왔습니다. 강인한 삶과 공동체 정신을 담은 문화로 유네스코 인류무형문화유산에 등재되었습니다.","","","","","","","","","","","","","","","","","","","","","","",""
"","Here_CultureContent_2_title","돌 문화","","","","","","","","","","","","","","","","","","","","","","",""
"","Here_CultureContent_2","화산섬 제주에서는 현무암을 활용한 돌담, 돌하르방 등 독특한 돌 문화가 발달했습니다. 바람을 막고 삶을 지켜온 제주 사람들의 지혜가 담겨 있습니다.","","","","","","","","","","","","","","","","","","","","","","",""
"","Here_CultureContent_3_title","제주 생활문화","","","","","","","","","","","","","","","","","","","","","","",""
"","Here_CultureContent_3","자연환경에 적응하며 형성된 제주만의 전통생활문화입니다. 강한 바람을 견디는 초가집과 돌담 마을은 제주 사람들의 지혜와 삶의 방식을 보여줍니다.","","","","","","","","","","","","","","","","","","","","","","",""
"","Here_CultureContent_4_title","제주 음식문화","","","","","","","","","","","","","","","","","","","","","","",""
"","Here_CultureContent_4","제주의 청정 자연이 키워낸 신선한 식재료로 다양한 향토음식을 즐길 수 있습니다. 흑돼지, 갈치, 감귤 등 제주를 대표하는 먹거리는 여행객들이 꼭 경험하는 미식 문화입니다.","","","","","","","","","","","","","","","","","","","","","","",""
"","Here_Attraction","관광명소","Tourist Attractions","観光名所","旅游景点","Điểm tham quan","สถานที่ท่องเที่ยว","Достопримечательности","Objek Wisata","","","","","","","","","","","","","","","",""
"","Greeting_Introduce","* 안녕하세요! 마스코트 '하영'를 소개할게요!","","","","","","","","","","","","","","","","","","","","","","",""
"","Greeting_Category1","하영' 소개","","","","","","","","","","","","","","","","","","","","","","",""
"","Greeting_Category2","하영' 취미생활","","","","","","","","","","","","","","","","","","","","","","",""
"","Greeting_Category3","하영' 건강습관","","","","","","","","","","","","","","","","","","","","","","",""
"","Greeting_Name","이름 ","Name","名前","姓名","Tên","ชื่อ","Имя","Nama","","","","","","","","","","","","","","","",""
"","Greeting_NameContent","하영","Hayoung","インサ","英莎","INSA","INSA","INSA","INSA","","","","","","","","","","","","","","","",""
"","Greeting_BirthDay","출생","DOB","生年月日","出生日期","Sinh nhật","วันเกิด","Дата рождения","Hari ulang tahun","","","","","","","","","","","","","","","",""
"","Greeting_BirthDayContent","2006년 3월 19일","","","","","","","","","","","","","","","","","","","","","","",""
"","Greeting_HomeTown","출신","Home","出身地","出生地","Xuất thân","ถิ่นกำเนิด","Родной город","Asal","","","","","","","","","","","","","","","",""
"","Greeting_HomeTownContent","제주특별자치도 제주시","Insadong, Seoul","ソウル特別市 鍾路区 仁寺洞","首尔市钟路区仁寺洞","Insadong, Jongno-gu, Seoul","อินซาดง เขตจงโน โซล","Инсадон, Сеул","Insadong, Jongno-gu, Seoul","","","","","","","","","","","","","","","",""
"","Greeting_Nationality","국적","Nationality","国籍","国籍","Quốc tịch","สัญชาติ","Гражданство","Kewarganegaraan","","","","","","","","","","","","","","","",""
"","Greeting_NationalityContent","대한민국","Republic of Korea","大韓民国","大韩民国","Hàn Quốc","สาธารณรัฐเกาหลี","Республика Корея","Republik Korea","","","","","","","","","","","","","","","",""
"","Greeting_BloodType","혈액형","Blood ","血液型","血型","Nhóm máu","กรุ๊ปเลือด","Группа крови","Golongan Darah","","","","","","","","","","","","","","","",""
"","Greeting_BloodTypeContent","O형","Type O","O型","O型","Nhóm máu O","กรุ๊ป O","Группа O","Golongan O","","","","","","","","","","","","","","","",""
"","Greeting_MBTI","MBTI","MBTI","MBTI","MBTI","MBTI","MBTI","MBTI","MBTI","","","","","","","","","","","","","","","",""
"","Greeting_MBTIContent","ENTP","ENTP","ENTP","ENTP","ENTP","ENTP","ENTP","ENTP","","","","","","","","","","","","","","","",""
"","Greeting_Hobby","취미","Hobbies","趣味","兴趣爱好","Sở thích","งานอดิเรก","Хобби","Hobi","","","","","","","","","","","","","","","",""
"","Greeting_HobbyContent","K-POP 댄스, 감성 카페 방문, 요가, 러닝","","","","","","","","","","","","","","","","","","","","","","",""
"","Greeting_Specialty","특기","Specialty","特技","特长","Sở trường","ความสามารถพิเศษ","Особенности","Keahlian","","","","","","","","","","","","","","","",""
"","Greeting_SpecialtyContent","다국어 회화 능력, 여행 코스 추천, 노래 등","","","","","","","","","","","","","","","","","","","","","","",""
"","Greeting_FutureHope","장래희망","Dream","将来の夢","未来梦想","Ước mơ","ความฝันในอนาคต","Мечта","Cita-cita","","","","","","","","","","","","","","","",""
"","Greeting_FutureHopeContent","K-컬처와 로컬 전통을 결합해 새로운 관광·라이프스타일 콘텐츠를 만드는 크리에이터","","","","","","","","","","","","","","","","","","","","","","",""
"","Greeting_Introdution","자기소개","Intro","自己紹介","你好","Giới thiệu bản thân","แนะนำตัว","О себе","Profil Diri","","","","","","","","","","","","","","","",""
"","Greeting_IntrodutionContent","저는 현재 제주도 홍보모델로 활동하고 있어요! K-콘텐츠와 제주 문화에 관심을 가지고, 제주를 방문하는 여행객들에게 유용한 정보와 특별한 경험을 전달하고 있어요. 제주 주요 관광 거점에서 여행 안내부터 지역 콘텐츠 소개까지, 제주 여행의 즐거움을 함께 만들어갑니다.","","","","","","","","","","","","","","","","","","","","","","",""
"","Greeting_Hobby_First","K-POP","K-POP","K-POP","K-POP","K-POP","K-POP","K-POP","K-POP","","","","","","","","","","","","","","","",""
"","Greeting_Hobby_First_Desc_1","K-POP 댄스로 에너지를 충전해요!","","","","","","","","","","","","","","","","","","","","","","",""
"","Greeting_Hobby_First_Desc_2","좋아하는 안무를 하나씩 배우며 즐거운 시간을 보내요.  신나는 음악이 들리면 어디서든 리듬을 타게 된답니다.","","","","","","","","","","","","","","","","","","","","","","",""
"","Greeting_Hobby_Second","런닝","","","","","","","","","","","","","","","","","","","","","","",""
"","Greeting_Hobby_Second_Desc_1","달리는 순간이 가장 행복해요!","","","","","","","","","","","","","","","","","","","","","","",""
"","Greeting_Hobby_Second_Desc_2","상쾌한 바람을 맞으며 제주 곳곳을 달리는 시간을 사랑해요. 좋은 코스만 보이면 언제 어디서든 바로 러닝을 즐긴답니다.","","","","","","","","","","","","","","","","","","","","","","",""
"","Greeting_Hobby_Third","테니스","","","","","","","","","","","","","","","","","","","","","","",""
"","Greeting_Hobby_Third_Desc_1","테니스는 내 스트레스 해소법!","Tennis is my way of relieving stress!","テニスは私のストレス解消法！ ","网球是我释放压力的方法！ ","Tennis là cách giải tỏa căng thẳng của mình!","เทนนิสคือวิธีคลายเครียดของฉัน!","Теннис — мой способ снять стресс!","Tenis adalah cara melepas stresku!","","","","","","","","","","","","","","","",""
"","Greeting_Hobby_Third_Desc_2","랠리를 이어가며 한 점 한 점 승부를 즐기는 시간이 가장 행복해요. 친구들과 함께 경기를 하거나 새로운 기술을 연습하며 건강한 에너지를 충전한답니다.","","","","","","","","","","","","","","","","","","","","","","",""
"","Greeting_Healthy_Habit_First","목·어깨","","","","","","","","","","","","","","","","","","","","","","",""
"","Greeting_Healthy_Habit_First_Desc_1","여행의 설렘만큼 몸도 가볍게 풀어보세요.","","","","","","","","","","","","","","","","","","","","","","",""
"","Greeting_Healthy_Habit_First_Desc_2","여행 중 쌓인 목과 어깨의 긴장을 가볍게 풀어보세요. 화면 속 동작을 천천히 따라 하며 몸을 리프레시하고, 더욱 편안한 여행을 이어가세요.","","","","","","","","","","","","","","","","","","","","","","",""
"","Greeting_Healthy_Habit_Second","허리","","","","","","","","","","","","","","","","","","","","","","",""
"","Greeting_Healthy_Habit_Second_Desc_1","비행과 여행으로 지친 몸, 잠시 쉬어가세요.","","","","","","","","","","","","","","","","","","","","","","",""
"","Greeting_Healthy_Habit_Second_Desc_2","오랜 이동으로 뻐근해진 허리를 시원하게 풀어보세요. 간단한 스트레칭으로 몸의 균형을 되찾고, 가벼운 몸으로 여행을 시작해 보세요.","","","","","","","","","","","","","","","","","","","","","","",""
"","Greeting_Healthy_Habit_Third","기분전환","","","","","","","","","","","","","","","","","","","","","","",""
"","Greeting_Healthy_Habit_Third_Desc_1","잠시 멈춰, 기분 좋은 에너지를 채워보세요.","","","","","","","","","","","","","","","","","","","","","","",""
"","Greeting_Healthy_Habit_Third_Desc_2","간단한 스트레칭을 따라 하며 긴장을 풀고, 여행 중 쌓인 피로를 자연스럽게 덜어보세요. 잠깐의 휴식이 제주 여행을 더욱 즐겁게 만드는 특별한 시간이 될 거예요.","","","","","","","","","","","","","","","","","","","","","","",""
"","Help_Content","","","","","","","","","","","","","","","","","","","","","","","",""
"","Photo_HanbokTry","AR 한복체험  ","AR Hanbok Try-On","AR 韓服 体験","Ar 韩服 体验","Trải nghiệm Hanbok AR","ลองชุดฮันบก AR","Примерка ханбока в AR","Pengalaman Hanbok AR","","아이콘20","","","","","","","","","","","","","",""
"","Photo_HanbokSelect","한복/의상 선택하기","Choose Hanbok","韓服を選ぶ","选择韩服","Chọn Hanbok/Trang phục","เลือกชุดฮันบก/เครื่องแต่งกาย","Выбор ханбока/костюма","Pilih Hanbok/Busana","","아이콘20","","","","","","","","","","","","","",""
"","Photo_HanbokSelectContent","원하시는 의상을 고르고 선택 완료 버튼을 누른뒤 사진촬영 버튼을 눌러주세요 ","Please choose your desired costume and press the ""Complete Selection"" button","お好きな衣装を選んで「選択完了」ボタンを押してください","请选择您喜欢的服装，然后点击“完成选择”按钮","Chọn trang phục, nhấn 'Đã chọn xong' rồi nhấn 'Chụp ảnh'.","เลือกชุดที่ชอบ กด 'เลือกเสร็จแล้ว' แล้วกด 'ถ่ายภาพ' ค่ะ","Выберите желаемый костюм, нажмите кнопку «Выбор завершен», а затем нажмите кнопку «Сделать фото».","Pilih busana, tekan 'Selesai Memilih' lalu 'Ambil Foto'.","","아이콘20","","","","","","","","","","","","","",""
"","Hanbok_1","여자 한복","W>Hanbok","女性用韓服","女式韩服","Hanbok nữ","ชุดฮันบกหญิง","Женский ханбок","Hanbok Wanita","","아이콘20","","","","","","","","","","","","","",""
"","Hanbok_2","여자 모델","M>Model        ","女性モデル","女性模特","Người mẫu nữ","นางแบบ","Женская модель","Model Wanita","","아이콘20","","","","","","","","","","","","","",""
"","Hanbok_3","남자 한복","W>Hanbok","男性用韓服","男式韩服","Hanbok nam","ชุดฮันบกชาย","Мужской ханбок","Hanbok Pria","","아이콘20","","","","","","","","","","","","","",""
"","Hanbok_4","남자 모델","M>Model        ","男性モデル","男性模特","Người mẫu nam","นายแบบ","Мужская модель","Model Pria","","아이콘20","","","","","","","","","","","","","",""
"","Hanbok_5","글로벌 의상","World ","世界の衣装","世界服饰","Trang phục quốc tế","ชุดนานาชาติ","Мировые костюмы","Busana Global","","아이콘20","","","","","","","","","","","","","",""
"","Hanbok_6","이벤트/취사병","Events","イベント","活动 ","Sự kiện / Kỷ niệm","อีเวนต์ / วันสำคัญ","Мероприятия / Военный повар","Event / Peringatan","","아이콘20","","","","","","","","","","","","","",""
"","Hanbok_7","브랜드의상","Brand","ブランド","品牌","Trang phục thương hiệu","ชุดแบรนด์เนม","Брендовая одежда","Busana Brand","","아이콘20","","","","","","","","","","","","","",""
"","Hanbok_8","K-CULTURE","K-CULTURE","K-カルチャー","韩国文化","K-CULTURE","K-CULTURE","K-CULTURE","K-CULTURE","","아이콘20","","","","","","","","","","","","","",""
"","Hanbok_9","ComeUp","ComeUp","ComeUp","ComeUp","","","ComeUp","","컴업용 [이벤트/기념일] 대신들어감","","","","","","","","","","","","","","",""
"","Photo_SelectConfirm","선택 완료","Complete Selection","選択完了","完成选择","Đã chọn xong","เลือกเสร็จแล้ว","Выбор завершен","Selesai Memilih","","아이콘20","","","","","","","","","","","","","",""
"","Photo_SelectAlone","사진촬영 (혼자찍기)","Solo Shot","ひとりで撮影","单人拍摄","Chụp ảnh (Chụp một mình)","ถ่ายรูป (ถ่ายคนเดียว)","Фотосъемка (один)","Foto (Sendiri)","","아이콘20","","","","","","","","","","","","","",""
"","Photo_SelectTogether","사진촬영 (with '하영')","With ‘Hayoung’","","","","","","","제주공항, 여객터미널에 적용","아이콘20","","","","","","","","","","","","","",""
"","Photo_SelectTogether","사진촬영 (with '유산')","With ‘Yusan’","","","","","","","제주유산문화센터에 적용","","","","","","","","","","","","","","",""
"","Photo_TakePhoto","사진촬영","Take Photo","写真を撮る","拍照","Chụp ảnh","ถ่ายภาพ","Сделать фото","Ambil Foto","","아이콘20","","","","","","","","","","","","","",""
"","Photo_TakePhotoContent","• 사진촬영 버튼을 누르고 좌측 카메라에 얼굴을 바라봐주세요.  
   10초후 촬영이 시작됩니다. 결과물이 나오면 QR이 제공됩니다. 
   QR에 핸드폰 카메라를 담으시면 핸드폰에 저장됩니다.  ","• Press Photo and look at the left camera. 
   The photo will be taken in 10 seconds. Save it to your phone. ","• 撮影を押して左のカメラを見てください。
   10秒後に開始し、結果は左と前の画面に表示されます。","• 按拍照按钮并看向左侧摄像头，10秒后开始拍摄。
   结果会显示在左侧和前方屏幕。","• Nhấn nút chụp và nhìn vào camera bên trái.
Chụp sau 10 giây. Sau đó mã QR sẽ hiện ra.
Quét mã QR bằng điện thoại để lưu ảnh.","• กดปุ่มถ่ายภาพแล้วมองไปที่กล้องทางซ้ายค่ะ
จะเริ่มถ่ายใน 10 วินาที และมี QR ปรากฏขึ้น
สแกน QR ด้วยมือถือเพื่อบันทึกรูปค่ะ","• Нажмите кнопку съемки и посмотрите в левую камеру.
Съемка начнется через 10 секунд. После завершения появится QR-код.
Отсканируйте QR-код камерой телефона, чтобы сохранить фото на устройство.","• Tekan tombol foto dan lihat kamera di sisi kiri.
Foto dimulai dlm 10 detik. QR akan muncul setelahnya.
Scan QR dengan ponsel untuk menyimpan foto.","","아이콘20","","","","","","","","","","","","","",""
"","Photo_PrivacyPolicy","[개인정보활용동의]","[Consent to Use of Personal Information]","[個人情報利用同意]","[同意使用个人信息]","[Đồng ý dùng thông tin cá nhân]","[ยินยอมการใช้ข้อมูลส่วนบุคคล]","[Согласие на обработку персональных данных]","[Persetujuan Data Pribadi]","","아이콘20","","","","","","","","","","","","","",""
"","Photo_PrivacyPolicyContent","개인정보 처리방침
1. 개인정보의 수집 항목 및 방법
당사는 서비스 제공을 위해 아래와 같은 개인정보를 수집합니다:

필수 항목: 사진 파일 및 관련 메타데이터, 국적, 키
수집 방법: 사용자가 키오스크에서 의상을 선택후 사진촬영을 통해 생성되는 합성 사진 정보 및 사용자가 키오스크에서 직접 입력한 국적·키 정보

2. 개인정보의 수집 및 이용 목적
당사는 수집한 개인정보를 다음과 같은 목적을 위해 이용합니다:

서비스 제공: 사용자에게 사진 합성 사진 데이터 제공
통계 분석: 국적·키를 이용 현황 집계·분석에 활용하여 서비스를 개선
알림 및 마케팅: 이벤트, 프로모션, 광고 등 사용자 맞춤형 정보를 제공하기 위한 활용

3. 개인정보의 보유 및 이용 기간
당사는 사용자의 개인정보를 수집한 목적을 달성할 때까지 보유하며, 이용 목적이 달성된 후에는 즉시 안전하게 파기합니다. 사용자가 탈퇴를 요청하거나 이용을 중단할 경우에도 개인정보는 관련 법령에 따라 일정 기간 보유한 후 파기됩니다.

4. 개인정보의 제3자 제공
당사는 사용자의 개인정보를 원칙적으로 제3자에게 제공하지 않습니다. 다만, 다음과 같은 경우에 한해 개인정보를 제공할 수 있습니다:

법적 의무: 법령에 의한 요구나 법적 절차에 따르는 경우
서비스 제공을 위한 제휴사: 기능 및 프로모션 제공을 위해 필요한 외부 업체와의 협력 시, 최소한의 개인정보를 공유할 수 있습니다.
사용자의 사전 동의: 사용자가 동의한 경우에 한해 개인정보를 제공할 수 있습니다.

5. 개인정보의 안전성 확보 조치
당사는 사용자의 개인정보를 보호하기 위해 다음과 같은 조치를 취하고 있습니다:

데이터 암호화: 개인정보를 암호화하여 저장하고 전송합니다.
접근 제한: 개인정보에 대한 접근을 필요한 직원 및 제휴사로 제한합니다.
보안 업데이트: 정기적인 보안 점검 및 업데이트를 통해 시스템의 취약점을 방지합니다.

6. 개인정보 처리방침의 변경
본 개인정보 처리방침은 법적 요구사항이나 서비스 변경에 따라 수정될 수 있습니다. 변경 사항이 있을 경우, 변경된 사항을 앱 내 또는 웹사이트를 통해 고지합니다.

7. 개인정보 보호 담당자
담당자: 진현욱 
연락처: company@witworldwide.com
","","","","","","","","","아이콘20","","","","","","","","","","","","","",""
"","Photo_Start","촬영시작","Start Shooting","撮影開始","开始拍摄","Bắt đầu chụp","เริ่มถ่ายภาพ","Начать съемку","Mulai Ambil Foto","","아이콘20","","","","","","","","","","","","","",""
"","Photo_QRExplain","사진을 저장하려면 <color=#FE6C50>QR을 카메라로 찍어주세요!</color>","To save your photo, <color=#FE6C50>scan the QR!</color>","写真を保存するには<color=#FE6C50>QRコードをスキャンしてください！</color>","若要保存照片，请<color=#FE6C50>扫描二维码！</color>","Quét mã QR để lưu ảnh của bạn!","สแกนคิวอาร์โค้ดเพื่อบันทึกรูปภาพค่ะ!","Чтобы сохранить фото, <color=#FE6C50>отсканируйте QR-код!</color>","Scan kode QR untuk menyimpan foto Anda!","","아이콘20","","","","","","","","","","","","","",""
"","Photo_Save","저장하기","Save","保存","保存","Lưu lại","บันทึก","Сохранить","Simpan","","아이콘20","","","","","","","","","","","","","",""
"","Photo_Home","다시찍기","Try Again","再撮影","重拍","Chụp lại","ถ่ายใหม่","Переснять","Ulangi Foto","","아이콘20","","","","","","","","","","","","","",""
"","Photo_SNS","QR을 통해서 내 핸드폰에 저장하고 다양한 SNS에 올려보세요 
한복 착장에 관한 이벤트가 준비중이니 많은 참여 바랍니다. ","Scan the QR to save and share on socials! Stay tuned for our Hanbok event.","QRで保存してSNSにシェア！韓服イベントも準備中なのでお楽しみに。","扫码保存并分享至社交平台！韩服活动筹备中，敬请期待。","Lưu về máy qua QR và chia sẻ lên mạng xã hội.
Sắp có sự kiện thử Hanbok, hãy cùng tham gia nhé!","บันทึกรูปผ่าน QR และแชร์ลงโซเชียลกันนะคะ
กิจกรรมลองชุดฮันบกกำลังจะเริ่ม เชิญมาร่วมสนุกค่ะ","Сохраните фото на телефон с помощью QR-кода и делитесь им в социальных сетях!\nГотовится мероприятие по примерке ханбоков, надеемся на ваше активное участие.","Simpan ke ponsel via QR dan bagikan ke Sosmed.
Event Hanbok segera hadir, ayo ikutan!","","아이콘20","","","","","","","","","","","","","",""
"","HanbokExplain_HanbokDesigner","[WIT AI SMART KIOSK] 에 AR로 착용하는 한복은 
대한민국의 한복 명인 박술녀’ 디자이너 선생님이 제공해주신 한복입니다.  ","The hanbok worn via AR on the [WIT AI SMART KIOSK] is provided by 
Park Sul-nyeo, a master hanbok designer from South Korea.","[WIT AI SMART KIOSK]でARを使って着用する韓服は、韓国の韓服名匠であるパク・スルニョデザイナー先生が提供してくださいました。","[WIT AI SMART KIOSK]中通过AR试穿的韩服是由韩国韩服名匠朴述女设计师提供的。","Trang phục Hanbok AR trên [WIT AI SMART KIOSK] được cung cấp bởi nghệ nhân Hanbok Hàn Quốc 'Park Sul-nyeo'.","ชุดฮันบก AR บน [WIT AI SMART KIOSK] ได้รับการสนับสนุนโดยดีไซเนอร์ 'พัคซุลนยอ' ปรมาจารย์ด้านชุดฮันบกของเกาหลีค่ะ","Ханбок, который вы можете примерить с помощью AR в [WIT AI SMART KIOSK], предоставлен Пак Суль Нё, выдающимся дизайнером ханбоков из Южной Кореи.","Hanbok AR di [WIT AI SMART KIOSK] disediakan oleh Master Desainer Hanbok ternama Korea, 'Park Sul-nyeo'.","","아이콘20","","","","","","","","","","","","","",""
"","HanbokExplain_HanbokExplainContent","한복은 한국 전통 의복으로, 오랜 역사와 전통을 가진 옷입니다.
한복은 고유의 아름다움과 독특한 디자인으로 한국 문화를 대표하는  상징 중 하나로 
여겨지며, 특별한 행사나 명절 때 주로 착용됩니다. 
직선적인 서양 복식과 달리, 한복은 부드럽게 흐르는 선과 넉넉한 옷자락이 특징입니다. 
전통적으로, 한복의 색은 사회적 지위, 연령, 계절 등에 따라 다르게 선택되었으며, 
색상의 조합은 옷을 입는 사람의 개성과 상황을 반영합니다. 
한복은 단순한 의복을 넘어 한국의 전통과 문화를 상징하는 중요한 문화유산으로, 세계적으로도 그 아름다움을 인정받고 있습니다. 
바로 지금, 저 인사가 한복을 입은 여러분들의 예쁜 모습을 화면속에 담아드릴게요! 
한복 착장서비스를 시작해보세요 ~~","Hanbok is traditional Korean attire with a long history, known for its elegant beauty and flowing design. 
Unlike Western clothing, it features soft lines and wide sleeves. 
Traditionally, its colors reflected social status, age, and season, expressing the wearer’s individuality. 
More than just clothing, hanbok is a symbol of Korean culture and heritage, admired worldwide. 
Now, I, INSA, will capture your beautiful hanbok look on screen—try our hanbok fitting service today!","韓服（ハンボク）は、韓国の伝統衣装で、長い歴史と美しいデザインを持ち、特別な行事や祝日に着用されます。
柔らかなラインとゆったりとしたシルエットが特徴で、色の組み合わせには着る人の個性や背景が表れます。
韓服は韓国文化を象徴する重要な文化遺産として、世界でもその美しさが認められています。
今、インサが韓服姿の皆さんを画面に映し出します！
韓服着用サービスを体験してみましょう〜","韩服是韩国传统服饰，拥有悠久历史，以柔美的线条和独特设计著称。
它常在节日或特别场合穿着，颜色选择体现身份、年龄与个性。
韩服不仅是服装，更是韩国文化的重要象征，因其美丽而享誉全球。
现在，我是INSA，要把你穿韩服的美丽模样展现在屏幕上！
快来体验韩服穿搭服务吧〜

","Hanbok là trang phục truyền thống của Hàn Quốc với lịch sử lâu đời. Với vẻ đẹp riêng biệt và thiết kế độc đáo, Hanbok được coi là biểu tượng văn hóa tiêu biểu của Hàn Quốc, thường được mặc vào các dịp lễ tết hoặc sự kiện đặc biệt. Khác với trang phục phương Tây có đường nét góc cạnh, Hanbok đặc trưng bởi những đường cong mềm mại và tà áo rộng rãi. Theo truyền thống, màu sắc được lựa chọn dựa trên địa vị, độ tuổi, mùa màng, phản ánh cá tính và hoàn cảnh của người mặc. Vượt xa một bộ trang phục, Hanbok là di sản văn hóa thế giới. Ngay bây giờ, tôi sẽ giúp bạn lưu lại khoảnh khắc xinh đẹp trong bộ Hanbok! Hãy bắt đầu dịch vụ mặc thử Hanbok nào!","ชุดฮันบกคือชุดประจำชาติเกาหลีที่มีประวัติศาสตร์อันยาวนาน ด้วยความงามที่เป็นเอกลักษณ์และดีไซน์ที่โดดเด่น จึงถือเป็นหนึ่งในสัญลักษณ์ทางวัฒนธรรมที่สำคัญและมักสวมใส่ในเทศกาลหรือโอกาสพิเศษ ชุดฮันบกต่างจากเสื้อผ้าตะวันตกตรงที่มีเส้นสายที่นุ่มนวลและชายเสื้อที่พลิ้วไหว ตามธรรมเนียมเดิม การเลือกสีจะขึ้นอยู่กับสถานะ อายุ และฤดูกาล ซึ่งสะท้อนถึงบุคลิกและโอกาสของผู้สวมใส่ ชุดฮันบกเป็นมรดกทางวัฒนธรรมที่ทั่วโลกยอมรับ ตอนนี้ฉันจะบันทึกภาพอันสวยงามของคุณในชุดฮันบกลงบนหน้าจอให้นะคะ! มาเริ่มใช้บริการลองชุดฮันบกกันเลยค่ะ!","Ханбок — это традиционная корейская одежда с долгой историей и традициями.\nБлагодаря своей неповторимой красоте и уникальному дизайну ханбок считается одним из символов корейской культуры и надевается в основном на особые мероприятия и праздники.\nВ отличие от западной одежды с прямыми линиями, ханбок отличается мягкими плавными линиями и свободным кроем.\nТрадиционно цвета ханбока подбирались в зависимости от социального статуса, возраста и времени года, а сочетание цветов отражало индивидуальность человека и ситуацию.\nХанбок — это не просто одежда, а важное культурное наследие, символизирующее традиции и культуру Кореи, красота которого признана во всем мире.\nПрямо сейчас я, Инса, запечатлею ваш прекрасный образ в ханбоке на экране! Попробуйте услугу примерки ханбока ~~","Hanbok adalah pakaian tradisional Korea yang memiliki sejarah dan tradisi panjang. Dengan keindahan khas dan desain uniknya, Hanbok dianggap sebagai salah satu simbol budaya Korea yang dikenakan pada hari raya atau acara khusus. Berbeda dengan pakaian Barat yang cenderung kaku, Hanbok memiliki ciri khas garis yang mengalir lembut dan potongan yang longgar. Secara tradisional, warna Hanbok dipilih berdasarkan status sosial, usia, dan musim, yang mencerminkan kepribadian serta situasi pemakainya. Hanbok bukan sekadar pakaian, melainkan warisan budaya penting yang diakui keindahannya secara global. Sekarang, saya akan mengabadikan momen cantik Anda saat mengenakan Hanbok ke dalam layar! Ayo mulai layanan mencoba Hanbok sekarang!","","아이콘20","","","","","","","","","","","","","",""
"","SubHeader_ToEat","* 검색결과를 클릭하시면 상세정보(길찾기)를 보실 수 있어요.","* Click a search result to see more details","* 検索結果をクリックして、詳細とルート案内をご覧ください。","* 点击搜索结果，查看详情与路线导航。","Nhấn vào kết quả để xem chi tiết (chỉ đường).","คลิกที่ผลการค้นหาเพื่อดูรายละเอียด (การนำทาง) ค่ะ","* Нажмите на результат поиска, чтобы просмотреть подробную информацию (маршрут).","Klik hasil pencarian untuk info detail (petunjuk arah).","","","","","","","","","","","","","","","",""
"","SubHeader_ToBuy","* 검색결과를 클릭하시면 상세정보(길찾기)를 보실 수 있어요.","* Click a search result to see more details","* 検索結果をクリックして、詳細とルート案内をご覧ください。","* 点击搜索结果，查看详情与路线导航。","Nhấn vào kết quả để xem chi tiết (chỉ đường).","คลิกที่ผลการค้นหาเพื่อดูรายละเอียด (การนำทาง) ค่ะ","* Нажмите на результат поиска, чтобы просмотреть подробную информацию (маршрут).","Klik hasil pencarian untuk info detail (petunjuk arah).","","","","","","","","","","","","","","","",""
"","SubHeader_ToGallery","* 검색결과를 클릭하시면 상세정보(길찾기)를 보실 수 있어요.","* Click a search result to see more details","* 検索結果をクリックして、詳細とルート案内をご覧ください。","* 点击搜索结果，查看详情与路线导航。","Nhấn vào kết quả để xem chi tiết (chỉ đường).","คลิกที่ผลการค้นหาเพื่อดูรายละเอียด (การนำทาง) ค่ะ","* Нажмите на результат поиска, чтобы просмотреть подробную информацию (маршрут).","Klik hasil pencarian untuk info detail (petunjuk arah).","","","","","","","","","","","","","","","",""
"","SubHeader_ToHelp","* 검색결과를 클릭하시면 상세정보(길찾기)를 보실 수 있어요.","* Click a search result to see more details","* 検索結果をクリックして、詳細とルート案内をご覧ください。","* 点击搜索结果，查看详情与路线导航。","Nhấn vào kết quả để xem chi tiết (chỉ đường).","คลิกที่ผลการค้นหาเพื่อดูรายละเอียด (การนำทาง) ค่ะ","* Нажмите на результат поиска, чтобы просмотреть подробную информацию (маршрут).","Klik hasil pencarian untuk info detail (petunjuk arah).","","","","","","","","","","","","","","","",""
"","SubHeader_ToStay","* 검색결과를 클릭하시면 상세정보(길찾기)를 보실 수 있어요.","* Click a search result to see more details","* 検索結果をクリックして、詳細とルート案内をご覧ください。","* 点击搜索结果，查看详情与路线导航。","Nhấn vào kết quả để xem chi tiết (chỉ đường).","คลิกที่ผลการค้นหาเพื่อดูรายละเอียด (การนำทาง) ค่ะ","* Нажмите на результат поиска, чтобы просмотреть подробную информацию (маршрут).","Klik hasil pencarian untuk info detail (petunjuk arah).","","","","","","","","","","","","","","","",""
"","SubHeader_AISearch","* 방문하고자하는 3개의 카테고리를 선택해주세요 ","* Select 3 categories you want to visit.","* 訪れたいカテゴリを3つ選んでください","* 请选择您想参观的3个类别","Vui lòng chọn 3 danh mục bạn muốn tham quan.","กรุณาเลือก 3 หมวดหมู่ที่คุณต้องการไปค่ะ","* Пожалуйста, выберите 3 категории, которые вы хотите посетить.","Silakan pilih 3 kategori yang ingin Anda kunjungi.","","","","","","","","","","","","","","","",""
"","SubHeader_AICourse","* QR을 핸드폰으로 찍으시면 길을 안내해드려요.","* Scan the QR with your phone. We’ll guide you","* スマホでQRを読み取ってください。ご案内します","* 用手机扫QR码，我们导航","Quét mã QR bằng điện thoại để được chỉ đường.","สแกนคิวอาร์โค้ดด้วยมือถือเพื่อดูการนำทางค่ะ","* Отсканируйте QR-код телефоном, и мы укажем вам дорогу.","Scan QR dengan ponsel untuk panduan arah jalan.","","","","","","","","","","","","","","","",""
"","SubHeader_Event","* 제주도에서 진행중인 이벤트를 찾아보세요 ","","","","","","","","","","","","","","","","","","","","","","",""
"","Event_Tab_Jeju","제주시","","","","","","","","","","","","","","","","","","","","","","",""
"","Event_Category_All","전체","All","全て","全部","Tất cả","ทั้งหมด","Все","Semua","","","","","","","","","","","","","","","",""
"","Event_Category_performance","공연","Performance","公演","演出","Biểu diễn","การแสดง","Выступление","Pertunjukan","","","","","","","","","","","","","","","",""
"","Event_Category_exibition","전시","Exhibition","展示","展览","Triển lãm","นิทรรศการ","Выставка","Pameran","","","","","","","","","","","","","","","",""
"","Event_Category_etc","기타","Etc","その他","其他","Khác","อื่นๆ","Другое","Lainnya","","","","","","","","","","","","","","","",""
"","Event_MBTI_types","[외향적, 경험적, 이성적, 계획적, 내향적, 상상적, 감성적, 즉흥적]","[Extroverted, Experiential, Rational, Planned, Introverted, Imaginative, Emotional, Spontaneous]","[外向的、経験的、理性的、計画的、内向的、想像的、感性的、即興的]","[外向、经验、理性、计划、内向、想象、感性、即兴]","[Hướng ngoại, Dựa trên kinh nghiệm, Lý trí, Có kế hoạch, Hướng nội, Giàu trí tưởng tượng, Cảm xúc, Ngẫu hứng]","[Ekstrovert, Berdasarkan Pengalaman, Rasional, Terencana, Introvert, Imajinatif, Emosional, Spontan]","[เปิดเผย, ตามประสบการณ์, ใช้เหตุผล, มีแบบแผน, เก็บตัว, ใช้จินตนาการ, ใช้อารมณ์, ตามสัญชาตญาณ]","[Экстравертный, Опирающийся на опыт, Рациональный, Планирующий, Интровертный, Обладающий воображением, Эмоциональный, Спонтанный]","","","","","","","","","","","","","","","",""
"","Event_MBTI_results","추천 결과 보기","View Recommendation Results","おすすめ結果を見る","查看推荐结果","Xem kết quả đề xuất","Lihat Hasil Rekomendasi","ดูผลลัพธ์ที่แนะนำ","Посмотреть результаты рекомендаций","","","","","","","","","","","","","","","",""
"","Event_MBTI_guide1","MBTI 성향과 취향을 반영해 제주시 이벤트를<br/> 맞춤 추천해 드립니다!","","","","","","","","","","","","","","","","","","","","","","",""
"","Event_MBTI_guide2","MBTI 4가지 유형을 전부 선택하지 않아도<br/> 나만의 추천 결과를 받아볼 수 있어요!","You can receive your own personalized recommendations<br/> even if you don't select all 4 MBTI types!","MBTIの4つのタイプをすべて選択しなくても、<br/> 自分だけのおすすめ結果を受け取ることができます！","即使不选择所有4个MBTI类型，<br/> 也能获得专属的推荐结果！","Bạn có thể nhận được kết quả đề xuất của riêng mình<br/> ngay cả khi bạn không chọn tất cả 4 loại MBTI!","Anda bisa mendapatkan hasil rekomendasi sendiri<br/> meskipun Anda tidak memilih keempat tipe MBTI!","คุณสามารถรับผลการแนะนำของคุณเองได้<br/> แม้ว่าคุณจะไม่ได้เลือก MBTI ทั้ง 4 ประเภทก็ตาม!","Вы можете получить свои собственные персональные рекомендации,<br/> даже если не выберете все 4 типа MBTI!","","","","","","","","","","","","","","","",""
"","SubHeader_Detail","* QR을 핸드폰으로 찍으시면 길을 안내해드려요","* Scan the QR with your phone. We’ll guide you","* スマホでQRを読み取ってください。ご案内します","* 用手机扫QR码，我们导航","Quét QR để được chỉ đường.","สแกน QR เพื่อดูเส้นทางค่ะ","* Отсканируйте QR-код телефоном, и мы укажем вам дорогу.","Scan QR untuk panduan jalan.","","","","","","","","","","","","","","","",""
"","SubHeader_Detail_Event","* QR코드로 이벤트의 상세정보를 확인하세요","* Scan the QR code for event details","* QRコードでイベントの詳細を確認してください","* 扫描二维码查看活动详情","Quét QR xem chi tiết sự kiện.","สแกน QR เพื่อดูรายละเอียดค่ะ","* Отсканируйте QR-код, чтобы узнать подробности о мероприятии.","Scan QR untuk detail acara.","","","","","","","","","","","","","","","",""
"","SubHeader_TaxFree","*TaxFree 리펀드 기능을 통해 공항하는 업무를 줄여 드립니다. 
  상점에서 받은 영수증을 준비하시고 언어를 선택해보세요  ","*The Tax-Free refund reduces what you need to do at the airport.
  Prepare your receipt and choose your language.","*TaxFree返金で空港手続きが簡素化されます。レシートを用意して言語を選択してください。","*TaxFree退税功能可以减少您在机场办理的手续。
  请准备好商店给您的收据，并选择语言","Hoàn thuế nhanh, giảm thủ tục tại sân bay.
Hãy chuẩn bị hóa đơn và chọn ngôn ngữ.","ลดขั้นตอนที่สนามบินด้วยการคืนภาษี
เตรียมใบเสร็จให้พร้อมแล้วเลือกภาษาค่ะ","* Функция возврата налога Tax-Free сэкономит ваше время в аэропорту.\n Пожалуйста, подготовьте чек, полученный в магазине, и выберите язык.","Refund TaxFree kurangi antrean bandara.
Siapkan struk toko dan pilih bahasa Anda.","","","","","","","","","","","","","","","",""
"","Search_NoContent","* 검색하신 단어는 해당 장소나 업체가 존재하지 않습니다. ","No places or businesses match your search.","検索した単語に該当する場所や店舗はありません。","您搜索的词条没有对应的地点或商户。","Không tìm thấy địa điểm hoặc cửa hàng.","ไม่พบสถานที่หรือร้านค้าที่ค้นหาค่ะ","* По вашему запросу такое место или компания не существуют.","Tempat atau toko tidak ditemukan.","","","","","","","","","","","","","","","",""
"","ToStayOnlySubTitle","* 제주도에는 다양한 종류의 숙박이 가능합니다. ","","","","","","","","","","","","","","","","","","","","","","",""
"","ToStayOnlySubTitle2","* 아래 리스트를 클릭하시면 상세한 정보를 얻을 수 있어요 ","* Click the list below for details.","* 下のリストをクリックすると詳細情報が見られます。","* 点击下方列表即可查看详细信息。","Nhấn vào danh sách dưới đây để xem thông tin chi tiết.","คลิกที่รายการด้านล่างเพื่อดูข้อมูลเพิ่มเติมค่ะ","* Нажмите на список ниже, чтобы получить подробную информацию.","Klik daftar di bawah ini untuk info lebih detail.","","","","","","","","","","","","","","","",""
"","Taxfree_header1","텍스리펀드 서비스를 통해 텍스를 환급해가세요  ","","","","","","","","","","","","","","","","","","","","","","",""
"","Taxfree_header2","텍스프리 가맹점을 무상으로 신청하세요","","","","","","","","","","","","","","","","","","","","","","",""
"","Taxfree_Introduce","텍스프리 소개","About Tax-Free","免税サービス案内","免税服务介绍","Giới thiệu Tax Free","แนะนำแท็กซ์ฟรี (Tax Free)","О системе Tax-Free","Panduan Tax Free","","","","","","","","","","","","","","","",""
"","Taxfree_desc1","텍스리펀드 서비스를 통해 텍스를 환급해가세요  ","","","","","","","","","","","","","","","","","","","","","","",""
"","Taxfree_desc2","외국인 관광객이 물품을 구입하고 출국하는 경우, 
여행 중에 구매한 물품의  일정액 부가가치세를 돌려주는
외국인 대상 세금 환급 제도로서 외국인 편의 향상을 위한 필수 서비스","","","","","","","","","","","","","","","","","","","","","","",""
"","Taxfree_Apply","세금 환급 신청","Tax-Free","免税申請","申请退税","Hoàn thuế","ขอคืนภาษี","Заявка на возврат налога","Pengajuan Refund Pajak","","","","","","","","","","","","","","","",""
"","Taxfree_Enroll","텍스프리 가맹점 신청","Apply Tax-Free","免税加盟店申請","申请免税加盟店","Đăng ký cửa hàng ","สมัครร้านค้าสมาชิก","Регистрация торговой точки","Pendaftaran Merchant","","","","","","","","","","","","","","","",""
"","Exchange_Header","* 제주도에 오신걸 환영합니다. 오늘의 환율 정보입니다. ","","","","","","","","","","","","","","","","","","","","","","",""
"","Exchange_tab_1","환율 계산기","","","","","","","","","","","","","","","","","","","","","","",""
"","Exchange_tab_2","실시간 환율","","","","","","","","","","","","","","","","","","","","","","",""
"","Exchange_desc_1","기준 환율","","","","","","","","","","","","","","","","","","","","","","",""
"","Exchange_desc_2","금액","","","","","","","","","","","","","","","","","","","","","","",""
"","Exchange_desc_3","환전","","","","","","","","","","","","","","","","","","","","","","",""
"","LocalCurrency_Header","지역화폐","","","","","","","","","","","","","","","","","","","","","","",""
"","LocalCurrency_SubHeader","제주도에서 사용할 수 있는 지역화폐 입니다.","","","","","","","","","","","","","","","","","","","","","","",""
"","LocalCurrency_Tab_1","온누리상품권","","","","","","","","","","","","","","","","","","","","","","",""
"","LocalCurrency_Tab_2","탐나는전","","","","","","","","","","","","","","","","","","","","","","",""
"","LocalCurrency_desc_1","온누리상품권이란?","","","","","","","","","","","","","","","","","","","","","","",""
"","LocalCurrency_desc_2","전국 16개 금융기관에서 5천원, 1만원, 3만원권 단위로 구매하여 사용하는 온누리상품권","","","","","","","","","","","","","","","","","","","","","","",""
"","LocalCurrency_desc_3","지류상품권 권종","","","","","","","","","","","","","","","","","","","","","","",""
"","LocalCurrency_desc_4","디지털 온누리상품권이란?","","","","","","","","","","","","","","","","","","","","","","",""
"","LocalCurrency_desc_5","디지털 온누리상품권 앱 설치 후 기존 갖고 있는 카드를 등록하고 금액 충전 후, 실물카드 또는 QR코드 결제 방식으로 이용 가능한 온누리상품권","","","","","","","","","","","","","","","","","","","","","","",""
"","LocalCurrency_desc_6","상품권 금액의 10% 할인가로 충전 가능! 최대 보유한도금액은 200만원입니다.","","","","","","","","","","","","","","","","","","","","","","",""
"","LocalCurrency_desc_7","※ 단, 예산소진 상황에 따라 특별판매 내용 및 기간이 변경될 수 있습니다.","","","","","","","","","","","","","","","","","","","","","","",""
"","LocalCurrency_desc_8","온누리상품권 사용처","","","","","","","","","","","","","","","","","","","","","","",""
"","LocalCurrency_desc_9","온누리상품권 가맹점 스티커가 있는 곳에서 사용이 가능합니다.","","","","","","","","","","","","","","","","","","","","","","",""
"","LocalCurrency_desc_10","탐나는전이란?","","","","","","","","","","","","","","","","","","","","","","",""
"","LocalCurrency_desc_11","지역 내 소비 진작을 통한 지역상권 활성화와 지역자금의 선순환을 위해 제주특별자치도가 발행한 제주 전용 지역화폐입니다. 제주도 내 가맹점에서만 사용할 수 있는 지역화폐로, 대형마트·기업형 슈퍼마켓·유흥 및 사행성 업소·일부 직영 프랜차이즈 매장을 제외한 IC 카드 단말기를 사용하는 가맹점에서 이용 가능합니다. 또한 탐나는전 앱을 통해 언제 어디서나 간편하게 충전하고 사용 내역과 잔액을 편리하게 관리할 수 있습니다.","","","","","","","","","","","","","","","","","","","","","","",""
"","LocalCurrency_desc_12","상품권 권종","","","","","","","","","","","","","","","","","","","","","","",""
"","LocalCurrency_desc_13","누구나 신청 가능하나요?","","","","","","","","","","","","","","","","","","","","","","",""
"","LocalCurrency_desc_14","제주도민뿐만 아니라 제주를 방문하는 관광객도 신청 가능합니다. 만 14세 이상 누구나 이용 가능한 제주 전용 지역화폐로, 제주 내 소비를 통해 지역상권 활성화와 지역경제 선순환에 함께 참여할 수 있습니다. 탐나는전 가맹점에서 사용 시 다양한 혜택을 받을 수 있습니다. 신청방법은 탐나는전 앱 회원가입 후 카드 신청 또는 지정 발급처 방문을 통해 신청할 수 있습니다. 발급된 카드는 앱에서 충전 후 제주 지역 내 가맹점에서 사용할 수 있습니다.","","","","","","","","","","","","","","","","","","","","","","",""
"","LocalCurrency_desc_15","탐나는전 사용처","","","","","","","","","","","","","","","","","","","","","","",""
"","LocalCurrency_desc_16","제주 지역 내 음식점·카페·전통시장·소상공인 매장 등 IC 카드 단말기를 사용하는 대부분의 가맹점에서 이용 가능합니다.","","","","","","","","","","","","","","","","","","","","","","",""
"","Province_1","서울","Seoul","そうる","首尔","Seoul","Seoul","Сеул","Seoul","","","","","","","","","","","","","","","",""
"","Province_2","경기도","Gyeonggi","きょんぎど","京畿道","gyeonggi-do","Kota Gyeonggi","Кёнгидо","Gyeonggi-do","","","","","","","","","","","","","","","",""
"","Province_3","인천","Incheon","いんちょん","仁川","Incheon","Incheon","Инчхон","Incheon","","","","","","","","","","","","","","","",""
"","Province_4","강원도","Gangwon","かんうぉんど","江原道","Gangwon-do","Gangwon-do","Канвондо","Gangwon-do","","","","","","","","","","","","","","","",""
"","Province_5","충청남도","Chungcheongnam","ちゅんちょんなむど","忠清南道","Chungcheongnam-do","Chungcheongnam-do","Чхунчхоннамдо","Chungcheongnam-do","","","","","","","","","","","","","","","",""
"","Province_6","세종","Sejong","せじょん","世宗","Sejong","Sejong","Седжон","Sejong","","","","","","","","","","","","","","","",""
"","Province_7","대전","Daejeon","てじょん","大田","Daejeon","Daejeon","Тэджон","Daejeon","","","","","","","","","","","","","","","",""
"","Province_8","충청북도","Chungcheongbuk","ちゅんちょんぶくど","忠清北道","Chungcheongbuk-do","Chungcheongbuk-do","Чхунчхонбукдо","Chungcheongbuk-do","","","","","","","","","","","","","","","",""
"","Province_9","경상북도","Gyeongsangbuk","きょんさんぶくど","庆尚北道","Tỉnh Bắc Gyeongsang","Provinsi Gyeongsang Utara","Кёнсанбукдо","Gyeongsangbuk-do","","","","","","","","","","","","","","","",""
"","Province_10","대구","Daegu","てぐ","大邱","daegu","daegu","Тэгу","Daegu","","","","","","","","","","","","","","","",""
"","Province_11","전라북도","Jeollabuk","ちょるらぶくど","全罗北道","Jeollabuk-do","Jeollabuk-do","Чоллабукдо","Jeollabuk-do","","","","","","","","","","","","","","","",""
"","Province_12","전주","","","","Jeonju","Jeonju","Чонджу","Jeonju","","","","","","","","","","","","","","","",""
"","Province_13","전라남도","Jeollanam","ちょるらなむど","全罗南道","Jeollanam-do","Jeollanam-do","Чолланамдо","Jeollanam-do","","","","","","","","","","","","","","","",""
"","Province_14","광주","Gwangju","くぁんじゅ","光州","gwangju","gwangju","Кванджу","Gwangju","","","","","","","","","","","","","","","",""
"","Province_15","경상남도","Gyeongsangnam","きょんさんなむど","庆尚南道","Gyeongsangnam-do","Kota Gyeongsangnam","Кёнсаннамдо","Gyeongsangnam-do","","","","","","","","","","","","","","","",""
"","Province_16","부산","Busan","ぷさん","釜山","Busan","Busan","Пусан","Busan","","","","","","","","","","","","","","","",""
"","Province_17","울산","Ulsan","うるさん","蔚山","Ulsan","Ulsan","Ульсан","Ulsan","","","","","","","","","","","","","","","",""
"","Province_18","제주도","Jeju-do","ちぇじゅど","济州岛","đảo Jeju","Pulau Jeju","Чеджудо","Pulau Jeju","","","","","","","","","","","","","","","",""
"","Photo_ResultSubHeader","사진 촬영 결과물을 통해 나만의 굿즈를 만들어 보세요 ","Make your own photo merch.","写真で自分だけのグッズ作り。","用照片定制专属周边。","Tạo ra các sản phẩm mang thương hiệu riêng của bạn bằng cách sử dụng kết quả buổi chụp ảnh.","สร้างสินค้าของคุณเองโดยใช้ผลลัพธ์จากการถ่ายภาพ","Создайте собственную продукцию, используя результаты вашей фотосессии.","Buat merchandise Anda sendiri menggunakan hasil pemotretan Anda.","","","","","","","","","","","","","","","",""
"","SmartTour_RecommendContentShowMore","더보기","More","もっと見る","查看更多","Xem thêm","ดูเพิ่มเติม","Подробнее","Lihat Lebih Lanjut","","","","","","","","","","","","","","","",""
"","MainButton_Promotion","취사병 전설이 되다","The Legend of a Cook","炊事兵、伝説になる","炊事兵成为传说","Đầu Bếp Huyền Thoại","ตำนานพลทหารทำอาหาร","Легенда о поваре","The Legend of a Cook","","","","","","","","","","","","","","","",""
"","Header_Promotion","티빙 오리지널 취사병 전설이 되다","TVING Original The Legend of a Cook","TVINGオリジナル 炊事兵、伝説になる","TVING原创 炊事兵成为传说","TVING Original Đầu Bếp Huyền Thoại","TVING Original ตำนานพลทหารทำอาหาร","Оригинальный сериал TVING Легенда о поваре","TVING Original The Legend of a Cook","","","","","","","","","","","","","","","",""
"","SubHeader_Promotion","이벤트에 참가 해보세요.","Please participate in the event.","イベントに参加してみてください。","请参加活动。","Hãy tham gia sự kiện.","เข้าร่วมกิจกรรม","Пожалуйста, примите участие в мероприятии.","Silakan ikuti acara ini.","","","","","","","","","","","","","","","",""
"","Promotion_Introduce","> 이벤트 소개 <","> Event Introduction <","> イベント紹介 <","> 活动介绍 <","> Giới thiệu sự kiện <","> แนะนำกิจกรรม <","> Описание мероприятия <","> Pengenalan Acara <","","","","","","","","","","","","","","","",""
"","Promotion_Participate","> 이벤트 참여 <","> Participate in Event <","> イベント参加 <","> 参与活动 <","> Tham gia sự kiện <","> เข้าร่วมกิจกรรม <","> Участие в мероприятии <","> Ikut Acara <","","","","","","","","","","","","","","","",""
"","Promotion_Reward","> 이벤트 상품 <","> Event Prizes <","> イベント商品 <","> 活动奖品 <","> Phần thưởng sự kiện <","> รางวัลกิจกรรม <","> Призы мероприятия <","> Hadiah Acara <","","","","","","","","","","","","","","","",""