"운영팀> 2번 모니터> 유니티 프로그램 내용 Num","Key","Korean","English","Japanese","Chinese","비고","기타"
"30","Notice","공
지","I
N
F
O","お
知
ら
せ","敬  
请  
期  
待","",""
"31","NoticeContent","'WITH' (WIT AI Tourism Hardware) 가 설치 되었습니다. 한복은 물론 다양한 의상을 체험해보세요 ","Meet 'WITH'(WIT AI Tourism Hardware)! Experience Master Park Sul-nyeo’s Hanbok.","「WITH」(WIT AI Tourism Hardware)で体験する、朴術女(パク・スルニョ)の韓服。","“五色市场”已安装“WITH”（WIT AI旅游硬件）。欢迎使用！","",""
"142","Language_Select_Language","* 언어선택","* Select Language","* Select Language","* Select Language","",""
"145","Language_Content","* 4개국어 서비스를 제공합니다. 언어를 선택해주세요","* Choose Language","* Choose Language","* Choose Language","",""
"143","Language_Now_Language","현재 언어","Now Language","Now Language","Now Language","",""
"144","Language_Target_Language","변경 언어","Change Language","Change Language","Change Language","",""
"1704","MainButton_TrafficInfo","도로 교통상황","Traffic Info","Traffic Info","Traffic Info","",""
"3","MainButton_Goods","(준비중)","Witteria","Witteria","Witteria","",""
"5","MainButton_Event","화성시 이벤트","Events","イベント","推荐活动","",""
"2","MainButton_ToEat","'휴' 뭐먹지","To eat","飲食店の","我们吃什么呢？","",""
"3","MainButton_ToBuy","'휴' 뭐사지","To buy","お買い物","我们买什么呢？","",""
"1705","MainButton_TraditionalMarket","전국시장","TraditionalMarket","TraditionalMarket","TraditionalMarket","",""
"9","MainButton_TaxFree","텍스프리등록","TaxFree","TaxFree","TaxFree","",""
"6","MainButton_Here","화성휴게소","HwaseongSA","HwaseongSA","HwaseongSA","",""
"7","MainButton_Greeting","안녕 '휴'","Hello 'HUE'","Hello 'HUE'","你好 'HUEi'","",""
"8","MainButton_ToHelp","도와줘 '휴'","Help","ヘルプ","请帮忙","",""
"1705","MainButton_SAMap","화성휴게소 지도","Map","Map","Map","",""
"10","MainButton_Exchange","환율","Exchange","為替レート情報","汇率信息","",""
"1700","MainButton_ServiceArea","전국휴게소","Service Area","Service Area","Service Area","",""
"1702","MainButton_Property","문화재(준비중)","Korea Property","Korea Property","Korea Property","",""
"1701","MainButton_KCulture","K-컬쳐(준비중)","K-Culture(Preparing)","K-Culture(Preparing)","K-Culture(Preparing)","",""
"4","MainButton_MarketPaper","지역화폐","Local Currency","ちいきの おかね","地区货币","",""
"14","MainButton_SmartTour","스마트관광(준비중)","Smart Tourism (Preparing)","スマート観光（準備中）","智慧旅游（准备中）","",""
"15","MainButton_Hanbok","한복설명","Hanbok","韓服","韩服","",""
"50","Here_IsOsaek","여기는 화성휴게소 (목포방향)","Welcome to Hwaseong Service Area (Mokpo-bound)","ここは華城(ファソン)サービスエリア (木浦方面)です","这里是华城休息站（木浦方向）","",""
"51","Here_History","주요 특징 및 테마 ","Key Features & Themes","主な特徴とテーマ","主要特色与主题","",""
"52","Here_HistoryContent","자연 친화적 공간: 화성휴게소(특히 목포 방향)는 꽃길 미술공원이나 '해넘이 공원' 등 자연을 즐길 수 있는 산책로가 잘 조성되어 있습니다. 장거리 운전 중 가볍게 걷거나 스트레칭을 하기 좋습니다. 깔끔하고 현대적인 화장실 인테리어와 외관으로 이용객들의 만족도가 높은 편입니다.","Eco-Friendly Space: Enjoy walking trails like 'Flower Path Art Park' and 'Sunset Park,' perfect for a light walk or stretching during a long drive.
Clean & Modern: Highly rated for its modern exterior and clean restrooms.","自然に優しい空間: 「花の道美術公園」や「夕日公園」などの散策路があり、長距離運転中のストレッチに最適です。
快適な環境: 清潔でモダンなトイレと外観が利用客から好評です。","亲近自然的空间: 设有“花路美术公园”和“日落公园”等散步小径，非常适合在长途驾驶中散步或做拉伸运动。
舒适的环境: 干净现代的洗手间和外观设计深受旅客好评。","",""
"53","Here_Culture","대표 먹거리 (시그니처 메뉴)","Signature Foods","代表グルメ (シグネチャーメニュー)","代表美食（特色菜单）","",""
"54","Here_CultureContent","순대국밥: 국물 깊이부터 장난 아님. 
건더기 폼 미쳤고, 고속도로 달리다 쌓인 
피로 싹 내려가는 든든한 국밥 바이브. 
완뚝 무조건 가능!
순두부청국장: 청국장 특유의 찐한 구수함에 
몽글몽글 순두부가 들어가 부드러움 끝판왕. 
감칠맛 대박이라 호불호 없이 밥 한 공기 뚝딱하는 찐 밥도둑.","Sundae Gukbap: The depth of this broth is no joke. The generous toppings are insane, and it gives you that hearty vibe that melts away highway fatigue. A guaranteed empty bowl!
Sundubu Cheonggukjang: The ultimate softness with the deep, savory richness of Cheonggukjang and fluffy soft tofu. The umami is so crazy that everyone will love it. A true rice thief!","すんでくっぱ: すーぷの ふかさが はんぱない。 ぐが たっぷりで、こうそく どうろを はしって たまった つかれが ぜんぶ ふきとぶ まんぞくかん。 ぜったいに ぜんぶ たべちゃう！
すんどぅぶ ちょんぐくちゃん: ちょんぐくちゃん とくゆうの ふかい あじわいに、ふわふわの すんどぅぶが はいって やわらかさ さいこう。 うまみが すごくて、だれでも ごはん いっぱい ぺろりと たべちゃう ほんとうの ごはん どろぼう。","米肠汤饭：汤底的醇厚度简直绝了！配料超级丰富，喝一口就能把跑高速的疲惫一扫而光，满满的饱腹感。绝对让你光盘！

软豆腐清麴酱汤：清麴酱特有的浓郁醇香，加上滑嫩的软豆腐，口感无敌了。鲜味爆表，完全不挑人，绝对是让你秒光一碗饭的真正“下饭神器”。","",""
"55","Here_Attraction","편의시설 & 위치정보","Facilities & Location","便利な施設と位置情報","便利设施与位置信息","",""
"56","Here_AttractionContent","주유 및 충전: EX-OIL 주유소, LPG 충전소, 전기차 충전소가 있습니다.
기타 시설: 수유실, 편의점, 하이패스 충전기, 비즈니스 센터등이 있습니다.
>위치정보 
  노선: 서해안고속도로 (15번 고속도로)
  위치: 경기도 화성시 팔탄면
  목포 방향: 다음 휴게소는 행담도휴게소","Fuel & Charging: EX-OIL gas station, LPG station, and EV charging stations.
Other Facilities: Nursing room, convenience store, Hi-Pass recharge, and business center.
>Route & Location: Seohaean Expressway (Route 15) 
 Paltan-myeon, Hwaseong-si, Gyeonggi-do
 Next Stop: Haengdamdo Service Area","給油・充電: EX-OILガソリンスタンド、LPGスタンド、EV充電所
その他の施設: 授乳室、コンビニ、ハイパス充電器、ビジネスセンター
>路線と位置: 西海岸高速道路 (15番) 
  京畿道 華城市 八灘面
  次のSA: 行淡島(ヘンダムド)サービスエリア","加油与充电: EX-OIL加油站、LPG加气站和电动车充电站。
其他设施: 哺乳室、便利店、Hi-Pass充值机、商务中心。
>路线与位置: 西海岸高速公路（15号）
  京畿道华城市八滩面。
  下一站: 行淡岛休息站","",""
"58","Greeting_Introduce","안녕하세요! 휴게소 마스코트 '휴'를 소개할게요!","Hello! Let me introduce 'Hue', the rest area mascot!","こんにちは！きゅうけいじょの ますこっと「ひゅ」を しょうかいするね！","大家好！向大家介绍一下休息站吉祥物“Hue”！","",""
"57","Greeting_Category1","휴' 소개","About 'Hue'","「ひゅ」の しょうかい","“Hue”介绍","",""
"81","Greeting_Category2","휴'의 일상생활","HUE's Daily Life","ヒュー(HUE)の日常生活","HUE的日常生活","",""
"88","Greeting_Category3","스트레칭 고고~","Let’s go stretch~
","ストレッチ~","拉伸走 ~","",""
"59","Greeting_Name","이름","Name","名前","姓名","",""
"60","Greeting_NameContent","휴 (HUE)","HUE","HUE","HUE","",""
"61","Greeting_BirthDay","출생","Date of Birth","生年月日","出生日期","",""
"62","Greeting_BirthDayContent","2006년 3월 19일","March 19, 2006","2006年3月19日","2006年3月19日","",""
"63","Greeting_HomeTown","출신","Background","出身地","家乡","",""
"64","Greeting_HomeTownContent","대한민국","Gyeonggi-do","きょんぎど","京畿道","",""
"65","Greeting_Nationality","국적","Nationality","国籍","国籍","",""
"66","Greeting_NationalityContent","대한민국","Republic of Korea","大韓民国","大韩民国","",""
"67","Greeting_BloodType","혈액형","Blood Type","血液型","血型","",""
"68","Greeting_BloodTypeContent","O형","Type O","O型","O型","",""
"69","Greeting_MBTI","MBTI","MBTI","MBTI","MBTI","",""
"70","Greeting_MBTIContent","ENTP (당당하고 창의적인)","ENTP","ENTP","ENTP","",""
"71","Greeting_BodyInfo","신체","Body","体型","身材","",""
"72","Greeting_BodyInfoContent","170cm, 34-25-35, 240mm (몸무게는 비밀…)","170cm, 34-25-35, 240mm (Weight is a secret!)","170cm, 34-25-35, 240mm (体重は秘密！)","170cm, 34-25-35, 240mm (体重是秘密哦！)","",""
"73","Greeting_Hobby","특기","Specialties","特技","特长","",""
"74","Greeting_HobbyContent","다양한 나라의 언어 능력, 댄스, 노래 등","Multilingual skills, dancing, singing, etc.","多様な言語能力、ダンス、歌など","多国语言能力、舞蹈、唱歌等","",""
"75","Greeting_Specialty","취미","Hobbies","趣味","兴趣","",""
"76","Greeting_SpecialtyContent","K-POP 댄스, 맛집 탐방, 디저트 카페 방문, 테니스, 골프","K-POP dance, food tours, tennis, golf","K-POPダンス、グルメ巡り、デザートカフェ巡り、テニス、ゴルフ","K-POP 舞蹈、美食探店、探访甜点咖啡馆、网球、高尔夫","",""
"77","Greeting_FutureHope","장래희망","Dream","将来の夢","志向","",""
"78","Greeting_FutureHopeContent","글로벌 라이프스타일 디렉터이자 영향력 있는 홍보모델, 전 세계에 선한 영향력을 전하는 인플루언서","Global lifestyle director and influential promotional model, influencer spreading positive influence ","グローバルライフスタイルディレクター兼影響力のある広報モデル、世界に良い影響を与えるインフルエンサー","全球生活方式总监及有影响力的宣传模特，向全世界传递正能量的博主","",""
"79","Greeting_Introdution","자기소개","Bio","自己紹介","自我介绍","",""
"80","Greeting_IntrodutionContent","디자인 전공하는 20살 대학생 휴(HUE)입니다. 미국에서 10년 살다 온 경험을 살려 4개국어를 구사하며, 현재 고속도로 휴게소 홍보모델로 활동하고 있습니다.","I'm HUE, a 20-year-old design student. Using my 10 years of experience living in the US, I speak four languages and currently work as a promotional model for highway rest areas.","デザインを専攻している20歳の大学生、ヒュー(HUE)です。アメリカでの10年の経験を活かして4ヶ国語を操り、現在は高速道路サービスエリアの広報モデルとして活動しています。","我是设计专业的20岁大学生 HUE。凭借在美国生活10年的经验，我能流利使用4国语言，目前担任高速公路休息站的宣传模特。","",""
"82","Greeting_Hobby_First","> 디자인 공부하는 휴","HUE the Design Student","デザインを学ぶヒュー","学习设计的 HUE","",""
"83","Greeting_Hobby_First_Content","과제랑 전공 서적에 파묻혀 지내지만 스케치북에 아이디어를 채울 때면 세상 행복해. 
나만의 디자인으로 새로운 가치를 만드는 열정 가득한 캠퍼스 라이프를 즐기는 중이야!","I love singing and dancing like an idol—I can't resist moving to the beat! I'm also passionate about café and restaurant hopping, sharing the trendiest dessert spots and hidden gems with my friends and followers.","課題に追われる日々だけど、スケッチブックをアイデアで満たす時は最高に幸せ。自分だけのデザインで新しい価値を作る、情熱的なキャンパスライフを満喫中だよ！","虽然经常埋头于作业，但在素描本上填满创意时最幸福。正通过自己的设计创造新价值，享受充满激情的校园生活！","",""
"84","Greeting_Hobby_Second","> 모델로서의 휴","HUE the Model","モデルとしてのヒュー","作为模特的 HUE","",""
"85","Greeting_Hobby_Second_Content","카메라 앞에서는 누구보다 프로페셔널하게! 'with' 스마트 키오스크랑 세련된 매력을 뽐내며 전 세계에 영감을 주는 글로벌 라이프스타일 디렉터를 꿈꾸고 있어.","Always professional in front of the camera! Showcasing chic vibes with 'with' SmartKiosks, dreaming of becoming a global lifestyle director who inspires the world.","カメラの前では誰よりもプロフェッショナルに！「with」スマートキオスクと一緒に洗練された魅力を放ち、世界にインスピレーションを与えるグローバルライフスタイルディレクターを夢見てるんだ。","镜头前比谁都专业！与 'with' 智能售货机一起展现干练魅力，梦想成为能给全世界带来灵感的全球生活方式总监。","",""
"86","Greeting_Hobby_Third","> 운동을 좋아하는 휴","Active HUE","運動大好きなヒュー","热爱运动的 HUE","",""
"87","Greeting_Hobby_Third_Content","테니스랑 골프는 내 갓생 루틴의 핵심이야. 스트레스 쌓일 땐 연습실에서 K-POP 댄스로 땀 쫙 빼고 나면 지치지 않는 에너지가 다시 풀충전되는 기분이라 너무 즐거워!
최근에는 런닝을 시작했어요 우리 함게 달려보아요","Tennis and golf are core to my ""God-saeng"" routine. Dancing to K-POP in the studio helps me destress and fully recharges my energy—it's so much fun!
I've started running lately—let's run together!","テニスとゴルフは私の「ガッセン」ルーティンの要。ストレスが溜まった時は練習室でK-POPダンスを踊って汗を流せば、エネルギーがフルチャージされる気分で本当に楽しいよ！
さいきんは らんにんぐを はじめました！ いっしょに はしりましょう。","网球和高尔夫是我“极简自律”生活的核心。压力大时在练习室跳 K-POP 舞蹈挥洒汗水，感觉能量瞬间充满，真的超级开心！
最近我开始跑步啦！我们一起奔跑吧。","",""
"89","Greeting_Stretching_First","뻐근한 목과 어깨를 위한 스트레칭 타임","Stretching time for stiff neck and shoulders","せなかの つかれに さようなら！ えねるぎい あっぷ すとれっちの じかん","告别腰背疲劳！活力满满的拉伸时间","",""
"90","Greeting_Stretching_First_Content","오랜 시간 핸들 잡느라 굳어버린 목이랑 어깨, 지금 휴(HUE)랑 같이 가볍게 돌려보면서 리프레시해봐요.
화면 속 저를 따라 천천히 움직이다 보면 어느새 머리까지 맑아지는 기분을 느낄 수 있을 거예요.","Let’s take a moment to relax your stiff neck and tired shoulders with HUE. Just follow my simple moves on the screen to refresh both your body and mind before you hit the road again. A quick stretch will make your journey much more vibrant and enjoyable!","ひゅと いっしょの すとれっちは こしの いたみを とるのに さいこうです。もっと かるくて たのしい たびの ために、いっしょに えねるぎいを じゅうでん しましょう。","和Hue一起拉伸是缓解腰背疲劳的最佳方式。让我们一起补充能量，享受更加轻松愉快的旅途吧！","",""
"91","Greeting_Stretching_Second","허리 피로 싹! 에너지 업 스트레칭 타임","Focus on Legs & Back~","エネルギーアップストレッチタイム","全身活力ストレッチタイム","",""
"92","Greeting_Stretching_Second_Content","계속 걷다 보면 다리와 허리에 피로가 쌓여요. 
중간에 가볍게 스트레칭하면 몸이 훨씬 편해져요!
‘휴’와 함께 간단한 운동을 함께 해봐요 
","A quick stretch in between will make your body feel so much better! Let's try some simple exercises together with ‘Hue’. ","ヒュー(HUE)と一緒に腰のストレッチをして、エネルギーアップ！体が軽くなれば、これからの旅をもっと楽しめるようになります。","ヒュー(HUE)の全身ストレッチで眠気を吹き飛ばしましょう！サービスエリアで私と一緒に体を動かして、安全運転を約束してくださいね。","",""
"93","Greeting_Stretching_Third","졸음 퇴치! 전신 활력 스트레칭 타임","Time for a full-body vitality stretch.","腰部疲劳全消！活力加满拉伸时间","击退困意！全身活力拉伸时间","",""
"94","Greeting_Stretching_Third_Content","스트레칭은 몸뿐 아니라 마음까지 리프레시! 
활력 충전하고 더 신나게 여행할 수 있어요.
잠시 쉬었다가는 휴식 타임 어떠신가요~","Stretching refreshes not only your body but your mind too! Recharge your energy and enjoy an even more exciting journey. ","和 HUE 一起做腰部拉伸，活力加满！拉伸后身体会变得轻松，让接下来的旅程更加愉快。","跟着 HUE 做全身拉伸，赶走困意！在休息站和我一起活动活动，一定要约定好安全驾驶哦。","",""
"117","MarketPaper_Onnuri","온누리 상품권","Onnuri Gift Certificate","おんぬり しょうひんけん","稳楼里商品券","",""
"117","MarketPaper_Onnuri_Content","「온누리상품권」","「Onnuri Gift Certificate」","「おんぬり しょうひんけん」","「稳楼里商品券」","",""
"117","MarketPaper_Onnuri_Content_1","온누리 상품권이란?","What is Onnuri Gift Certificate?","おんぬり しょうひんけんとは？","什么是稳楼里商品券？","",""
"117","MarketPaper_Onnuri_Content_1_1","전국 16개 금융기관에서 5천원, 1만원, 3만원권 단위로 구매하여 사용하는 온누리상품권","Onnuri Gift Certificates available in 5,000, 10,000, and 30,000 won denominations at 16 banks nationwide.","ぜんこく じゅうろくの きんゆう きかんで ごせんうぉん、いちまんうぉん、さんまんうぉん たんいで かって つかう おんぬり しょうひんけん","可在全国16家金融机构购买，面额分为5千、1万、3万韩元的稳楼里商品券。","",""
"117","MarketPaper_Onnuri_Content_2","지류상품권 권종","Paper voucher denominations","かみの しょうひんけんの しゅるい","纸质商品券面额","",""
"117","MarketPaper_Onnuri_Content_3","디지털 온누리상품권이란?","What is Digital Onnuri Gift Certificate?","でじたある おんぬり しょうひんけんとは？","什么是数字稳楼里商品券？","",""
"117","MarketPaper_Onnuri_Content_3_1","디지털 온누리상품권 앱 설치 후 기존 갖고 있는 카드를 등록하고 금액 충전 후, 실물카드 또는 QR코드 결제 방식으로 이용 가능한 온누리상품권","An Onnuri Gift Certificate that can be used via physical card or QR code after installing the Digital Onnuri App, registering your existing card, and charging the balance.","でじたある おんぬり しょうひんけん あぷりを いれ、もっている かあどを とうろくして おかねを いれたあと、かあどや きゅうあある こおどで つかえる おんぬり しょうひんけん","安装数字稳楼里商品券App并绑定现有银行卡充值后，可通过实体卡或二维码支付使用的稳楼里商品券。","",""
"117","MarketPaper_Onnuri_Content_3_2","상품권 금액의 10% 할인가로 충전 가능! 최대 보유한도금액은 200만원입니다.","Recharge at a 10% discount! The maximum holding limit is 2 million won.","しょうひんけんの じゅっぱあせんと わりびきで ちゃあじ できる！ さいだい ほゆう げんどがくは にひゃくまんうぉんです。","可享受10%折扣充值！最大持有金额为200万韩元。","",""
"117","MarketPaper_Onnuri_Content_3_3","※ 단, 예산소진 상황에 따라 특별판매 내용 및 기간이 변경될 수 있습니다.","※ Note: Special sale details and periods are subject to change depending on budget exhaustion.","※ ただし、よさんが なくなり しだい、とくべつ はんばいの ないようや きかんが かわる ことが あります。","※ 注：特别销售内容及期限可能会根据预算消耗情况有所变更。","",""
"117","MarketPaper_Onnuri_Content_4","온누리상품권 사용처","Where to use Onnuri Gift Certificates","おんぬり しょうひんけんが つかえる ところ","稳楼里商品券使用处","",""
"117","MarketPaper_Onnuri_Content_4_1","온누리상품권 가맹점 스티커가 있는 곳에서 사용이 가능합니다.","Can be used at places with the Onnuri Gift Certificate affiliated store sticker.","おんぬり しょうひんけん かめいてん すてっかあが ある ところで つかえます。","可在贴有稳楼里商品券加盟店贴纸的地方使用。","",""
"118","MarketPaper_Osaekjeon","행복화성지역화폐","Hwaseong Currency","華城市の幸福華城地域通貨","华城市的幸福华城地域货币","",""
"118","MarketPaper_Osaekjeon_Content","화성시의 행복화성지역화폐","Haengbok Hwaseong Local Currency of Hwaseong City","華城市の幸福華城地域通貨","华城市的幸福华城地域货币","",""
"118","MarketPaper_Osaekjeon_Content_1","행복화성지역화폐'란?","What is Haengbok Hwaseong Currency?","幸福華城地域通貨とは？","什么是幸福华城地域货币？","",""
"118","MarketPaper_Osaekjeon_Content_1_1","화성시 내에서만 사용할 수 있는 카드형 지역화폐입니다.
전통시장 및 매출액 10억 이하의 소상공인 점포에서 사용 가능합니다. 경기지역화폐 APP을 통해 간편하게 충전하고 잔액을 관리할 수 있습니다.","It is a card-type local currency that can only be used within Hwaseong City. It is accepted at traditional markets and small businesses with annual sales under 1 billion KRW. Use the Gyeonggi Local Currency APP to charge and manage your balance easily anywhere.
","華城市内でのみ使用できるカード型の地域通貨です。
伝統市場および年商10億ウォン以下の小規模店舗で使用できます。京畿地域通貨APPを通じて、いつでもどこでも簡単にチャージや残高管理が可能です。","是在华城市内使用的卡型地域货币。
可在传统市场及年销售额10亿韩元以下的小微企业店铺使用。通过“京畿地域货币”APP即可随时随地方便地充值和管理余额。
","",""
"118","MarketPaper_Osaekjeon_Content_2","누구나 신청 가능 하나요?","Who can apply?","誰でも申請できますか？","谁可以申请？","",""
"118","MarketPaper_Osaekjeon_Content_2_1","본인 명의의 은행계좌를 가진 만 14세 이상이면 누구나 신청 가능합니다.
거주지와 상관없이 화성시 내 소비를 통해 인센티브 혜택을 받고 싶은 분들은 모바일 APP 또는 관내 농협에서 신청해 주세요.","Anyone aged 14 or older with a bank account in their name can apply.
Regardless of where you live, if you want to receive incentives by spending in Hwaseong, you can apply. Please apply via the Mobile APP (Gyeonggi Local Currency) or local NH Bank branches.
","<b>本人名義の銀行口座を持つ満14歳以上なら申請可能です。</b>
オサン資金の流出を防ぎ、地域経済を活性化させます。
<b>居住地に関係なく、オサンで消費し追加ポイントを受けたい方なら誰でも申請できます。</b>","只要是年满14周岁且拥有本人名下银行账户的人均可申请。
无论居住地在哪里，只要想在华城市消费并享受奖励优惠，均可申请。请通过手机APP（京畿地域货币）或市内农协银行申请。
","",""
"118","MarketPaper_Osaekjeon_Content_2_2","신청방법은 <b>모바일앱(경기지역화폐APP)</b>또는 <b>관내 NH농협은행, 오산농협, 새마을금고, 새오산신협</b>에서 신청해주세요.","How to apply?
Apply via <b>mobile app (Gyeonggi Local Currency App)</b> or at <b>NH Nonghyup Bank (Osan), Osan Nonghyup, Saemaeul Geumgo, Sae-Osan Credit Union.</b>
","誰でも申請できますか？
本人名義の銀行口座を持つ14歳以上の方なら誰でも申請可能です。
居住地に関わらず、華城市での消費を通じて特典を受けたい方は申請いただけます。モバイルAPP(京畿地域通貨)または市内の農協でお申し込みください。","谁可以申请？
只要是年满14周岁且拥有本人名下银行账户的人均可申请。
无论居住地在哪里，只要想在华城市消费并享受奖励优惠，均可申请。请通过手机APP（京畿地域货币）或市内农协银行申请。","",""
"118","MarketPaper_Osaekjeon_Content_3","지역화폐사용처","Where can I use it?","加盟店のご案内","使用范围指南","",""
"118","MarketPaper_Osaekjeon_Content_3_1","사용처 안내
연 매출 10억 이하 소상공인 점포에서 사용 가능합니다.
가능: 편의점, 학원, 병원, 음식점, 전통시장 등
제한: 백화점, 대형마트, 유흥업소, 연 매출 10억 초과 업소","Where to use
Available only at small business stores with annual sales of 1 billion KRW or less.
It is a local currency for Hwaseong that can be used at gas stations, markets, leisure facilities (gyms), clinics, convenience stores, academies, salons, and veterinary hospitals.","年商10億ウォン以下の小規模店舗でのみ使用可能です。
ガソリンスタンド、伝統市場、レジャー施設（ジム）、病院、コンビニ、塾、美容院、動物病院などで使用できる華城市の市場通貨です。","百货商场、大型超市、连锁超市（SSM）、直营连锁店及娱乐场所/博彩业均不可使用。
<b>仅限年销售额10亿韩元以下的小商户使用。</b>","",""
"118","MarketPaper_Osaekjeon_Content_3_2","주유소 · 전통시장 · 골목상권 · 레저업소 (헬스클럽, 필라테스, 수영장, 골프연습장, 볼링장) 병·의원 (치과, 한의원 등) · 편의점 · 학원 (기능학원, 보습학원 등) ·보건위생 (안경, 미용원 등) 기타의료기관 (동물병원 등)","Examples: gas stations, traditional markets, local shops, leisure facilities (fitness clubs, pilates, swimming pools, golf ranges, bowling alleys), hospitals & clinics (dentists, oriental clinics, etc.), convenience stores, academies (tutoring, skills), eyewear shops, beauty salons, veterinary clinics, etc.","例: ガソリンスタンド、伝統市場、商店街、レジャー施設（ジム、ピラティス、水泳場、ゴルフ練習場、ボウリング場）、
病院・医院（歯科、韓医院など）、コンビニ、学園（補習・技能）、眼鏡店、美容院、動物病院など。
","仅限在年销售额10亿韩元以下的小微企业店铺使用。
这是可在加油站、传统市场、健身房、诊所、便利店、补习班、美容院、动物医院等场所使用的华城市市场货币。","",""
"126","MarketPaper_SubHeader","화성시에서 사용할 수 있는 지역화폐 입니다.","A local currency that can be used in Hwaseong City.","ふぁそんしで つかえる ちいきの おかねです。","这是可以在华城市使用的地区货币。","",""
"127","MarketPaper_ButtonText","준비중","Coming soon","準備中","敬请期待","",""
"128","Photo_HanbokTry","<AR 한복체험>  ","<AR Hanbok Try-On>","<AR 韓服 体験>","<AR 韩服 体验>","",""
"1621","SubHeader_Photo","한복에서 브랜드의상 & K-컬처의상까지 체험하세요 ","Try Hanbok, casuals, brands & K-culture fits!","韓服から日常着、ブランドやKカルチャー衣装までフル体験！","尽情体验韩服、日常穿搭、品牌及K-culture服饰！","",""
"129","Photo_HanbokSelect","한복/의상 선택하기","Choose Hanbok","韓服を選ぶ","选择韩服","",""
"130","Photo_HanbokSelectContent","• 원하시는 의상을 고르고 선택 완료 버튼을 누른뒤 사진촬영 버튼을 눌러주세요 ","• Please choose your desired costume and press the ""Complete Selection"" button","• お好きな衣装を選んで「選択完了」ボタンを押してください","• 请选择您喜欢的服装，然后点击“完成选择”按钮","",""
"17","Hanbok_1","여자 한복","W>Hanbok","女性用韓服","女式韩服","",""
"18","Hanbok_2","여자 모델","M>Model        ","女性モデル","女性模特","",""
"19","Hanbok_3","남자 한복","W>Hanbok","男性用韓服","男式韩服","",""
"20","Hanbok_4","남자 모델","M>Model        ","男性モデル","男性模特","",""
"21","Hanbok_5","글로벌 의상","World ","世界の衣装","世界服饰","",""
"22","Hanbok_6","이벤트/기념일","Events","イベント","活动 ","",""
"23","Hanbok_7","브랜드의상","Brand","ブランド","品牌","",""
"24","Hanbok_8","K-CULTURE","K-CULTURE","K-カルチャー","韩国文化","",""
"25","Hanbok_9","Test9","EnTest9","JPTest9","CHTest9","",""
"131","Photo_SelectConfirm","선택 완료","Complete Selection","選択完了","完成选择","",""
"132","Photo_TakePhoto","사진 촬영","Take Photo","写真を撮る","拍照","",""
"1391","Photo_SelectAlone","사진촬영 (혼자찍기)","Solo Shot","ひとりで撮影","单人拍摄","",""
"1392","Photo_SelectTogether","사진촬영 (with '휴')","With ‘HUE’","「HUE」と一緒に","与“HUE”一起","",""
"133","Photo_TakePhotoContent","• 사진촬영 버튼을 누르고 좌측 카메라에 얼굴을 바라봐주세요.  
   10초후 촬영이 시작됩니다. 결과물은 QR을 통해 핸드폰에 저장하세요   ","• Press the photo button and look into the left camera.
The photo will be taken in 10 seconds. The result will appear on both the left and front screens.","• 「写真を撮る」ボタンを押して、左側のカメラを見てください。
5秒後に撮影が始まります。写真は左と正面の画面に表示されます。","• 点击拍照按钮，然后看向左边的摄像头。
5秒后将开始拍照，结果将显示在左侧和前方的屏幕上。","",""
"134","Photo_PrivacyPolicy","[개인정보활용동의]","[Consent to Use of Personal Information]","[個人情報利用同意]","[同意使用个人信息]","",""
"135","Photo_PrivacyPolicyContent","개인정보 처리방침
1. 개인정보의 수집 항목 및 방법
당사는 서비스 제공을 위해 아래와 같은 개인정보를 수집합니다:
필수 항목: 사진 파일 및 관련 메타데이터
수집 방법: 사용자가 키오스크에서 의상을 선택후 사진촬영을 통해 생성되는 합성 사진 정보 

2. 개인정보의 수집 및 이용 목적
당사는 수집한 개인정보를 다음과 같은 목적을 위해 이용합니다:
서비스 제공: 사용자에게 사진 합성 사진 데이터 제공 
알림 및 마케팅: 이벤트, 프로모션, 광고 등 사용자 맞춤형 정보를 제공하기 위한 활용

3. 개인정보의 보유 및 이용 기간
당사는 사용자의 개인정보를 수집한 목적을 달성할 때까지 보유하며, 이용 목적이 달성된 후에는 즉시 안전하게 파기합니다. 사용자가 탈퇴를 요청하거나 이용을 중단할 경우에도 개인정보는 관련 법령에 따라 일정 기간 보유한 후 파기됩니다.

4. 개인정보의 제3자 제공
당사는 사용자의 개인정보를 원칙적으로 제3자에게 제공하지 않습니다. 다만, 다음과 같은 경우에 한해 개인정보를 제공할 수 있습니다:
법적 의무: 법령에 의한 요구나 법적 절차에 따르는 경우
서비스 제공을 위한 제휴사: 기능 및 프로모션 제공을 위해 필요한 외부 업체와의 협력 시, 최소한의 개인정보를 공유할 수 있습니다.
사용자의 사전 동의: 사용자가 동의한 경우에 한해 개인정보를 제공할 수 있습니다.

5. 개인정보의 안전성 확보 조치
당사는 사용자의 개인정보를 보호하기 위해 다음과 같은 조치를 취하고 있습니다:
데이터 암호화: 개인정보를 암호화하여 저장하고 전송합니다.
접근 제한: 개인정보에 대한 접근을 필요한 직원 및 제휴사로 제한합니다.
보안 업데이트: 정기적인 보안 점검 및 업데이트를 통해 시스템의 취약점을 방지합니다.

6. 개인정보 처리방침의 변경
본 개인정보 처리방침은 법적 요구사항이나 서비스 변경에 따라 수정될 수 있습니다. 변경 사항이 있을 경우, 변경된 사항을 앱 내 또는 웹사이트를 통해 고지합니다.

7. 개인정보 보호 담당자
담당자: 진현욱
연락처: company@witworldwide.com

","Privacy Policy  
1.Items and Collection Method
We collect essential information such as photo files and related metadata when users select costumes and take photos at the kiosk, generating composite images.

2. Purpose of Collection and Use
Collected data is used to provide the composite photo service and deliver personalized notifications like events, promotions, and advertisements.
  
3. Retention Period
Personal information is securely deleted once the collection purpose is fulfilled. If users withdraw or stop using the service, data is deleted except where retention is required by law.
  
4. Provision to Third Parties
Information is generally not shared with third parties, except when legally required, shared minimally with service partners for features and promotions, or with the user’s prior consent.
  
5. Safety Measures
We encrypt personal data for storage and transmission, restrict access to authorized staff and partners, and perform regular security checks and updates.

6. Changes to Privacy Policy  
This policy may change according to legal or service changes.  
All updates will be notified through the app or website.  
  
7. Personal Information Manager  
Manager: Hyunwook Jin
Contact: company@witworldwide.com  
","個人情報取扱方針  
1. 収集項目および方法  
当社は以下のような個人情報をサービス提供のために収集します：  
必須項目：写真ファイルおよび関連メタデータ  
収集方法：キオスクで衣装選択後に撮影される合成写真  
  
2. 利用目的  
当社は収集した個人情報を以下の目的で利用します：  
サービス提供：合成写真データの提供  
お知らせとマーケティング：イベント、プロモーション、広告などの情報提供  
  
3. 保有および利用期間  
当社は収集目的が達成されるまで個人情報を保有します。  
目的が完了した後は速やかに安全に削除します。  
ユーザーが利用を中止または退会を希望した場合も、  
法令に従って一定期間保有した後に削除します。  
  
4. 第三者提供  
原則として第三者への提供は行いません。  
ただし、以下の場合に限り提供することがあります：  
法的義務：法律や法的手続きにより必要な場合  
サービス提供のための提携先：  
機能やプロモーションを実現するため、必要最小限の情報を共有する場合  
ユーザーの事前同意：同意を得た場合のみ提供します  
  
5. 安全対策  
当社は以下の措置を講じています：  
データ暗号化：保存・送信時に暗号化  
アクセス制限：必要なスタッフ・提携先に限定  
セキュリティ更新：定期的な点検と更新  
  
6. 政策の変更  
本ポリシーは法的要件やサービス変更により修正される場合があります。  
変更時にはアプリまたはウェブサイトでお知らせします。  
  
7. 個人情報保護責任者  
担当者：Hyunwook Jin
連絡先：company@witworldwide.com  ","隐私政策  
1. 收集的项目与方式  
为提供服务，我们收集以下个人信息：  
必填信息：照片文件及相关元数据  
收集方式：用户在自助机选择服装并拍照生成的合成图片信息  
  
2. 收集与使用目的  
我们将所收集的信息用于以下目的：  
服务提供：为用户提供合成照片数据  
通知和营销：用于提供活动、促销和广告等个性化信息  
  
3. 信息保留与使用期限  
我们会保留信息直到目的达成，  
一旦完成，将立即安全删除。  
若用户请求注销或停止使用，  
信息将根据法律保留一定期限后删除。  
  
4. 向第三方提供  
我们原则上不会将个人信息提供给第三方。  
但在以下情况下可能提供：  
法律义务：法律或司法程序要求时  
服务合作伙伴：为了提供功能或活动，  
与外部合作伙伴共享最少必要的信息  
用户同意：仅在用户同意的前提下共享  
  
5. 信息安全措施  
我们采取以下措施保障信息安全：  
数据加密：加密存储与传输用户数据  
访问限制：限制信息访问仅限授权人员  
安全更新：定期检查并更新系统安全  
  
6. 隐私政策变更  
本政策可能因法律或服务变更而修改，  
所有更改将通过应用或网站公告通知。  
  
7. 个人信息负责人  
负责人：Hyunwook Jin
联系方式：company@witworldwide.com  ","",""
"136","Photo_Start","촬영시작","Start Shooting","撮影開始","开始拍摄","",""
"1622","SubHeader_PhotoResult","의상을 이쁘게 입고 나왔어요^^ 핸드폰에 저장해가세요 ","Looking great! Save it to your phone.","衣装バッチリ！スマホに保存してね。","穿搭超好看！快保存到手机吧。","",""
"137","Photo_QRExplain","저장하기 버튼클릭 
<color=#1A4D7E>QR을 카메라로 찍어주세요!</color>","To save your photo, 
<color=#1A4D7E>scan the QR!</color>","写真を保存するには
<color=#1A4D7E>QRコードをスキャンしてください！</color>","若要保存照片，请
<color=#1A4D7E>扫描二维码！</color>","",""
"138","Photo_Save","저장하기","Save","保存","保存","",""
"139","Photo_Home","다시찍기","Try Again","再撮影","重拍","",""
"1393","Photo_SNS","QR을 통해서 내 핸드폰에 저장하고 다양한 SNS에 올려보세요 
한복 착장에 관한 이벤트가 준비중이니 많은 참여 바랍니다. ","Scan the QR to save it and share on your socials! 
A special Hanbok event is coming soon, so stay tuned!","QRを読み込んでスマホに保存し、SNSでシェアしてみてね！
韓服イベントも準備中なので、たくさん参加してね！","きゅーあーるを よみこんで すまほに ほぞんし、
えすえぬえすで しぇあして みてね！","",""
"140","HanbokExplain_HanbokDesigner"," 'WITH' 에 AR착장 한복은 대한민국의 한복 명인 
디자이너 선생님이 제공해주신 한복입니다.  ","The AR hanbok on ‘WITH’  is provided by Korea’s master designer.","「WITH」のAR韓服は、韓国の名匠パク・スルニョ氏提供です。","“WITH”上的AR韩服由韩国韩服大师朴述女提供。","",""
"141","HanbokExplain_HanbokExplainContent","한복은 한국 전통 의복으로, 오랜 역사와 전통을 가진 옷입니다.
한복은 고유의 아름다움과 독특한 디자인으로 한국 문화를 대표하는  상징 중 하나로 
여겨지며, 특별한 행사나 명절 때 주로 착용됩니다. 
직선적인 서양 복식과 달리, 부드럽게 흐르는 선과 넉넉한 옷자락이 특징입니다. 
전통적으로, 한복의 색은 사회적 지위, 연령, 계절 등에 따라 다르게 선택되었으며, 
색상의 조합은 옷을 입는 사람의 개성과 상황을 반영합니다. 
한복은 단순한 의복을 넘어 한국의 전통과 문화를 상징하는 중요한 문화유산으로, 세계적으로도 그 아름다움을 인정받고 있습니다. 바로 지금, 저 휴가 한복을 입은 여러분들의 예쁜 모습을 화면속에 담아드릴게요! 

한복 착장서비스를 시작해보세요 ~~ 일반한복과 궁중한복 모두 촬영 가능합니다. 
그리고 QR틍 통해서 핸드폰에 저장해 가세요 ^^

*SNS에 공유할때는 #WITH #한복착장KIOSK 넣어주시면 감사하겠습니다.","Hanbok is Korea's beautiful traditional clothing with a long history. Unlike straight Western clothes, it features gently flowing lines and a relaxed fit. Historically, colors represented social status, seasons, and personality.

Right now, I, Hue, will capture your stunning look wearing Hanbok on the screen! Try our Hanbok fitting service. You can take pictures in both regular and royal Hanbok.

Save it to your phone via QR code! And when sharing on SNS, 
please include the hashtags #WITH #HanbokFittingKIOSK. ^^","はんぼくは ながい れきしが ある かんこくの うつくしい でんとう いしょうです。まっすぐな せいようの ふくとは ちがい、やわらかく ながれる せんと ゆったりとした すそが とても みりょくてきです！むかしは いろで みぶんや きせつ、こせいを あらわしていました。

いまから わたし「ひゅ」が はんぼくを きた みなさんの きれいな すがたを がめんに のこして あげます！いっぱんの はんぼくも きゅうちゅうの はんぼくも さつえい できますよ。

さつえいの あとは きゅうあある こおどで すまほに ほぞんして かえってね！えすえぬえすに のせる ときは #WITH #はんぼくしちゃくKIOSK を いれてくれると うれしいです！ ^^","韩服是拥有悠久历史的韩国美丽传统服饰。与直线型的西式服装不同，韩服以柔和流畅的线条和宽松的下摆为特色，超级迷人！传统上，颜色还代表了社会地位、季节和个性。

现在，就让我“Hue”在屏幕里为您定格穿上韩服的绝美瞬间吧！快来体验韩服试穿服务，普通韩服和宫廷韩服都可以拍摄哦。

拍完还可以通过二维码保存到手机里！^^ 发社交媒体时，如果能加上 #WITH #韩服试穿KIOSK 的标签就太感谢啦！

","",""
"146","SubHeader_Palace","* 검색결과를 클릭하시면 상세정보를 보실수 있어요 ","* Click a search result to see more details","* 検索結果をクリックして詳細を見る","* 点击搜索结果即可查看详细信息","",""
"147","SubHeader_ToEat","* 검색결과를 클릭하시면 상세정보를 보실수 있어요 ","* Click a search result to see more details","* 検索結果をクリックして詳細を見る","* 点击搜索结果即可查看详细信息","",""
"148","SubHeader_ToBuy","* 검색결과를 클릭하시면 상세정보를 보실수 있어요 ","* Click a search result to see more details","* 検索結果をクリックして詳細を見る","* 点击搜索结果即可查看详细信息","",""
"148","SubHeader_ToBuy2","* 검색결과를 클릭하시면 상세정보를 보실수 있어요 ","* Click a search result to see more details","* 検索結果をクリックして詳細を見る","* 点击搜索结果即可查看详细信息","",""
"149","SubHeader_ToGallery","","","","","",""
"150","SubHeader_ToHelp","* 검색결과를 클릭하시면 상세정보를 보실수 있어요 ","* Click a search result to see more details","* 検索結果をクリックして詳細を見る","* 点击搜索结果即可查看详细信息","",""
"151","SubHeader_ToStay","* 검색결과를 클릭하시면 상세정보를 보실수 있어요 ","* Click a search result to see more details","* 検索結果をクリックして詳細を見る","* 点击搜索结果即可查看详细信息","",""
"152","SubHeader_AISearch","","","","","",""
"153","SubHeader_AICourse","","","","","",""
"154","SubHeader_Event","* 진행중인 이벤트를 찾아보세요.","* Find events happening","*イベントを探してみてください","* 查找正在举行的活动","",""
"155","SubHeader_Exchange","환영합니다. 오늘의 환율 정보입니다. ","* Welcome. Here is today’s exchange rate","* ようこそ。本日の為替情報です","* 欢迎您。以下是今日汇率信息","",""
"156","SubHeader_Detail","QR을 핸드폰으로 찍으시면 길을 안내해드려요","* Scan the QR with your phone. We’ll guide you","* スマホでQRを読み取ってください。ご案内します","* 用手机扫QR码，我们导航","",""
"157","SubHeader_Detail_Event","QR코드로 이벤트의 상세정보를 확인하세요","* Scan the QR code for event details","* QRコードでイベントの詳細を確認してください","* 扫描二维码查看活动详情","",""
"159","SubHeader_Transport","","","","","",""
"159","SubHeader_TaxFree","*TaxFree 리펀드 기능을 통해 공항하는 업무를 줄여 드립니다. 
  상점에서 받은 영수증을 준비하시고 언어를 선택해보세요 ","*The Tax-Free refund reduces what you need to do at the airport.
  Prepare your receipt and choose your language.","*TaxFree返金で空港手続き이 줄어요。
  レシートを用意して言語を選んでください。","*TaxFree退税功能可以减少您在机场办理的手续。
  请准备好商店给您的收据，并选择语言","",""
"1599","SubHeader_ServiceArea","전국 휴게소 정보","","","","",""
"1598","SubHeader_TraditionalMarket","전국 전통시장 정보","","","","",""
"1597","SubHeader_TrafficInfo","도로교통상황 정보","","","","",""
"1599","SubHeader_SAMap","화성유게소에 오신걸 환영합니다. 지도를 보고 찾아가세요 ","Welcome! Please check the map to find your way.","ちずを みて さがして みて ください。","欢迎来到华城休息站！请查看地图寻找路线。","",""
"160","AI_SubmitButton","휴'에게 추천받기","Get recommendations from Hue","ひゅーに おすすめして もらう","获取Hue的推荐","",""
"161","AI_CourseContent_1","맞춤 코스가 준비되었어요!","•  A personalized course is ready for you!","•  あなただけのカスタムコースが準備できました！","•  为你定制的专属路线已经准备好了！","",""
"162","AI_CourseContent_2","맞춤 코스에 따라 오색 시장을 즐겨보세요.","Enjoy Osaek Market with your personalized course","あなた専用のコースに沿ってオセク市場を楽しんでみてください","按照为你定制的路线，尽情畅游五色市场吧！","",""
"163","Search_NoContent","콘텐츠 없음","No matching results","コンテンツがありません","暂无内容","",""
"167","Taxfree_Apply","세금 환급 신청","Tax-Free","免税申請","申请退税","",""
"168","Taxfree_Introduce","텍스프리 소개","About Tax-Free","免税サービス案内","免税服务介绍","",""
"169","Taxfree_Enroll","텍스프리 가맹점 신청","Apply Tax-Free","免税加盟店申請","申请免税加盟店","",""
"170","Province_1","서울","Seoul","そうる","首尔","",""
"171","Province_2","경기도","Gyeonggi-do","きょんぎど","京畿道","",""
"172","Province_3","인천","Incheon","いんちょん","仁川","",""
"173","Province_4","강원도","Gangwon-do","かんうぉんど","江原道","",""
"174","Province_5","충청남도","Chungcheongnam-do","ちゅんちょんなむど","忠清南道","",""
"175","Province_6","세종","Sejong","せじょん","世宗","",""
"176","Province_7","대전","Daejeon","てじょん","大田","",""
"177","Province_8","충청북도","Chungcheongbuk-do","ちゅんちょんぶくど","忠清北道","",""
"178","Province_9","경상북도","Gyeongsangbuk-do","きょんさんぶくど","庆尚北道","",""
"179","Province_10","대구","Daegu","てぐ","大邱","",""
"180","Province_11","전라북도","Jeollabuk-do","ちょるらぶくど","全罗北道","",""
"","Province_12","전주","","","","",""
"181","Province_13","전라남도","Jeollanam-do","ちょるらなむど","全罗南道","",""
"182","Province_14","광주","Gwangju","くぁんじゅ","光州","",""
"183","Province_15","경상남도","Gyeongsangnam-do","きょんさんなむど","庆尚南道","",""
"184","Province_16","부산","Busan","ぷさん","釜山","",""
"185","Province_17","울산","Ulsan","うるさん","蔚山","",""
"186","Province_18","제주도","Jeju-do","ちぇじゅど","济州岛","",""
"187","SmartTour_RecommendContentShowMore","더보기","See more","もっと みる","查看更多","",""
"188","SmartTour_RecommendContent","추천 광광명소","","","","",""