"운영팀> 2번 모니터> 앱 콘텐츠 내용","","","","","","","","Команда управления > Монитор 2 > Содержание программы Unity","","",""
"Num","Key","Korean","English","Japanese","Chinese","Vietnamese","Thai","Russian","Indonesian","Description","구분(위치)"
"","Notice","공
지","I
N
F
O","お
知
ら
せ","敬  
请  
期  
待","C
H
Ú
 Ý","แ
จ้
ง","И
Н
Ф
О","I
N
F
O","","메인A"
"","NoticeContent","인사동의 마스코트<b>'INSA'가
박술녀 한복을</b> 입고 나와요
여러분도 체험할 수 있도록 
할게요 <b>한복을 입어보세요~</b>","INSA will appear in a brand-new hanboks  by Park Sulnyeo!
Get ready to enjoy the hanbok experience with all-new designs.","INSAはパク・スルニョによる全く新しい韓服（ハンボク）で登場します！ 新しいデザインの韓服体験をお楽しみに！","INSA
将身着朴洙烈设计的全新韩服亮相！
敬请期待全新设计的韩服体验！","Linh vật Insadong 'INSA' mặc Hanbok Bak Sul-nyeo xuất hiện! Chúng tôi sẽ giúp các bạn cùng trải nghiệm. Hãy thử Hanbok nhé~","มาสคอตอินซาดง 'INSA' สวมฮันบกพัคซุลนยอมาแล้ว! เราจะทำให้ทุกคนได้สัมผัสประสบการณ์นี้ มาลองสวมชุดฮันบกกัน~","INSA появится в совершенно новых ханбоках от Пак Суль Нё!
Приготовьтесь насладиться примеркой ханбоков с совершенно новым дизайном.","Maskot Insadong 'INSA' tampil pakai Hanbok Bak Sul-nyeo! Kami siapkan agar kalian juga bisa mencobanya. Ayo coba Hanbok~","","메인C"
"","Language_Select_Language","언어선택","Select Language","言語選択","选择语言","Chọn ngôn ngữ","เลือกภาษา","Выберите язык","Pilih Bahasa","","아이콘03"
"","Language_Content","* 원하는 언어를 선택해 주세요.","* Please select your preferred language.","* ご希望の言語を選択してください。","* 请选择您需要的语言。","* Vui lòng chọn ngôn ngữ bạn muốn.","* กรุณาเลือกภาษาที่ต้องการ","* Пожалуйста, выберите желаемый язык.","* Silakan pilih bahasa yang diinginkan.","","아이콘03"
"","Language_Now_Language","현재 언어","> Now Language","> Now Language","> Now Language","Ngôn ngữ hiện tại","ภาษาปัจจุบัน","> Текущий язык","Bahasa Saat Ini","","아이콘03"
"","Language_Target_Language","변경 언어","> Change Language","> Change Language","> Change Language","Đổi ngôn ngữ","เปลี่ยนภาษา","> Изменить язык","Ubah Bahasa","","아이콘03"
"","MainButton_AI"," '인사' 뭐하지","To do","旅行先 おすすめ","做什么比较好呢？"," 'INSA' làm gì?"," 'INSA' ทำอะไรดี?","Чем заняться"," 'INSA' ngapain ya?","","아이콘04"
"","MainButton_AI_Subtext","AI 검색하기","AI Search","AI検索","AI搜索","Tìm kiếm AI","ค้นหาด้วย AI","AI Поиск","Pencarian AI","",""
"","MainButton_Insarang","(준비중)","(Coming Soon)","（準備中）","（即将推出）","(Sắp ra mắt)","(เร็วๆ นี้)","(Скоро)","(Segera Hadir)","",""
"","MainButton_Insarang_Subtext","굿즈 만들기","Make Merch","グッズ作り","制作周边","Làm đồ lưu niệm","ทำสินค้าที่ระลึก","Создание сувениров","Membuat Souvenir","",""
"","MainButton_Event","인사동 이벤트","Events","おすすめイベント","推荐活动","Sự kiện Insadong","กิจกรรมอินซาดง","Мероприятия","Event Insadong","","아이콘06"
"","MainButton_Event_Subtext","인사동 행사","Insadong Events","仁寺洞イベント","仁寺洞活动","Sự kiện Insadong","กิจกรรมอินซาดง","Мероприятия в Инсадоне","Acara Insadong","",""
"","MainButton_ToEat"," '인사' 뭐먹지?","To eat","飲食店のおすすめ","我们吃什么呢？"," 'INSA' ăn gì?"," 'INSA' กินอะไรดี?","Где поесть"," 'INSA' makan apa?","","아이콘07"
"","MainButton_ToEat_Subtext","맛집 추천","Restaurant Recommendations","おすすめのレストラン","推荐餐厅","Đề xuất nhà hàng","ร้านอาหารแนะนำ","Рекомендуемые рестораны","Rekomendasi Restoran","",""
"","MainButton_ToBuy"," '인사' 뭐사지?","To buy","お買い物 おすすめ","我们买什么呢？"," 'INSA' mua gì?"," 'INSA' ซื้ออะไรดี?","Что купить"," 'INSA' beli apa?","","아이콘08"
"","MainButton_ToBuy_SubText","쇼핑 추천","Shopping Recommendations","おすすめのショッピング","推荐购物","Đề xuất mua sắm","แหล่งช้อปปิ้งแนะนำ","Рекомендуемые магазины","Rekomendasi Belanja","",""
"","MainButton_ToStay","숙박안내","Accommodation","宿泊情報","住宿信息","Lưu trú","ข้อมูลที่พัก","Проживание","Akomodasi","",""
"","MainButton_ToStay_Subtext","인사동 숙소 모음","Insadong Accommodations","仁寺洞の宿泊一覧","仁寺洞住宿推荐","Tổng hợp chỗ ở Insadong","รวมที่พักในอินซาดง","Жилье в Инсадоне","Koleksi Penginapan Insadong","",""
"","MainButton_Palace","고궁안내","Palaces","故宮情報","故宫信息","Cung điện","ข้อมูลพระราชวัง","Дворцы","Info Istana","","아이콘18"
"","MainButton_Palace_Subtext","한국의 전통 궁","Korea's Traditional Palaces","韓国の伝統的な宮殿","韩国传统古宫","Cung điện truyền thống Hàn Quốc","พระราชวังดั้งเดิมของเกาหลี","Традиционные дворцы Кореи","Istana Tradisional Korea","",""
"","MainButton_Here","여기는 인사동","Insadong","インサドンの紹介","这里是仁寺洞","Đây là Insadong","ที่นี่คืออินซาดง","Инсадон","Ini Insadong","","아이콘11"
"","MainButton_Here_Subtext","관광지 추천","Recommended Attractions","観光地のおすすめ","景点推荐","Đề xuất điểm du lịch","สถานที่ท่องเที่ยวแนะนำ","Рекомендуемые достопримечательности","Rekomendasi Wisata","",""
"","MainButton_Greeting","안녕 '인사'","Hello 'INSA'","こんにちは 'INSA'","你好 'INSA'","Chào 'INSA'","สวัสดี 'INSA'","Привет, 'INSA'","Halo 'INSA'","",""
"","MainButton_Greeting_Subtext","인사' 소개","About 'INSA'","「インサ」の紹介","“仁沙”介绍","Giới thiệu 'INSA'","แนะนำ 'INSA'","Знакомство с 'INSA'","Pengenalan 'INSA'","",""
"","MainButton_ToHelp","도와줘 '인사'","Help","ヘルプとサービスです","请帮忙","Giúp với 'INSA'","ช่วยด้วย 'INSA'","Помощь","Tolong 'INSA'","",""
"","MainButton_ToHelp_Subtext","편의시설 안내","Facility Information","施設案内","设施指南","Thông tin cơ sở vật chất","ข้อมูลสิ่งอำนวยความสะดวก","Информация об удобствах","Informasi Fasilitas","",""
"","MainButton_ToGallery","인사동 미술관","Art Venues","仁寺洞美術館","仁寺洞美术馆","Bảo tàng Insadong","หอศิลป์อินซาดง","Галереи","Galeri Insadong","",""
"","MainButton_ToGallery_Subtext","미술관 및 전시회 안내","Art Galleries & Exhibitions","美術館・展示会案内","美术馆及展览指南","Hướng dẫn bảo tàng & triển lãm","ข้อมูลหอศิลป์และนิทรรศการ","Информация о галереях и выставках","Informasi Galeri Seni & Pameran","",""
"","MainButton_Exchange","환율","Exchange","為替レート情報","汇率信息","Tỷ giá","อัตราแลกเปลี่ยน","Обмен валют","Kurs","",""
"","MainButton_Exchange_Subtext","환율 계산기","Exchange Rate Calculator","為替レート計算機","汇率计算器","Máy tính tỷ giá","เครื่องคำนวณอัตราแลกเปลี่ยน","Калькулятор обменного курса","Kalkulator Nilai Tukar","",""
"","MainButton_Map","인사동 지도","Insadong Map","インサドン地図","仁寺洞地图","Bản đồ Insadong","แผนที่อินซาดง","Карта Инсадона","Peta Insadong","",""
"","MainButton_Map_Subtext","인사동 안내","Insadong Guide","仁寺洞の案内","仁寺洞指南","Hướng dẫn Insadong","คู่มือนำเที่ยวอินซาดง","Путеводитель по Инсадону","Panduan Insadong","",""
"","MainButton_Transport","교통안내","Transportation","交通案内","交通指南","Giao thông","ข้อมูลการเดินทาง","Транспорт","Info Transport","",""
"","MainButton_Transport_Subtext","대중교통","Public Transportation","公共交通機関","公共交通","Giao thông công cộng","การขนส่งสาธารณะ","Общественный транспорт","Transportasi Umum","",""
"","MainButton_TaxFree","TAX-FREE","TAX-FREE","TAX-FREE","TAX-FREE","TAX-FREE","TAX-FREE","TAX-FREE","TAX-FREE","","아이콘10"
"","MainButton_TaxFree_Subtext","면세 혜택","Duty-Free Benefits","免税特典","免税优惠","Ưu đãi miễn thuế","สิทธิประโยชน์ปลอดภาษี","Беспошлинные льготы","Manfaat Bebas Pajak","",""
"","MainButton_Promotion","PROMOTION(준비중)","PROMOTION (Coming Soon)","PROMOTION（準備中）","促销活动（即将推出）","CHƯƠNG TRÌNH KHUYẾN MÃI (Sắp ra mắt)","โปรโมชั่น (เร็วๆ นี้)","АКЦИЯ (Скоро будет доступна)","PROMOSI (Segera Hadir)","","아이콘19"
"","MainButton_WC","화장실","Toilet","トイレ","廁所","Nhà vệ sinh","ห้องน้ำ","Туалет","Toilet","","아이콘21"
"","MainButton_Donation","기부","Donation","寄付","捐款","Quyên góp","บริจาค","Пожертвование","Donasi","",""
"","MainButton_Donation_Subtext","교복 기부","School Uniform Donation","制服の寄付","校服捐赠","Quyên góp đồng phục học sinh","บริจาคชุดนักเรียน","Пожертвование школьной формы","Donasi Seragam Sekolah","",""
"","MainButton_Hanbok","한복설명","Hanbok","韓服","韩服","Thông tin Hanbok","ข้อมูลฮันบก","Ханбок","Info Hanbok","",""
"","Search_Result_Title","검색","Search","検索","搜索","Tìm kiếm","ค้นหา","Поиск","Pencarian","",""
"","Search_Result_Subtitle","* 검색결과를 클릭하시면 상세정보(길찾기)를 보실 수 있어요.","* Click a search result to see more details","* 検索結果をクリックして、詳細とルート案内をご覧ください。","* 点击搜索结果，查看详情与路线导航。","Nhấn vào kết quả để xem chi tiết (chỉ đường).","คลิกที่ผลการค้นหาเพื่อดูรายละเอียด (การนำทาง) ค่ะ","Нажмите результат — детали и маршрут.","Klik hasil pencarian untuk info detail (petunjuk arah).","",""
"","Search_Detail_Title","검색 > 상세","Search > Details","検索 > 詳細","搜索 > 详情","Tìm kiếm > Chi tiết","ค้นหา > รายละเอียด","Поиск > Подробности","Cari > Detail","",""
"","Search_NoContent","* 검색하신 단어는 해당 장소나 업체가 존재하지 않습니다. ","* The place or business you searched for does not exist.","* 検索された単語に該当する場所や店舗は存在しません。","* 未找到与检索词对应的地点或商户。","* Địa điểm hoặc cửa hàng bạn tìm kiếm không tồn tại.","* คำที่ค้นหาไม่มีสถานที่หรือร้านค้านี้อยู่","* По вашему запросу место или заведение не найдено.","* Tempat atau toko yang Anda cari tidak ditemukan.","",""
"","Insa_Todo_Title","인사' 뭐하지","To do","旅行先 おすすめ","做什么比较好呢？"," 'INSA' làm gì?"," 'INSA' ทำอะไรดี?","Чем заняться"," 'INSA' ngapain ya?","",""
"","Insa_Todo_Subtitle1","코스를 선택해 주세요","Please select a course","コースを選択してください","请选择路线","Vui lòng chọn tuyến đường","กรุณาเลือกเส้นทาง","Пожалуйста, выберите маршрут","Silakan pilih rute","",""
"","Insa_Todo_Subtitle1-1","모든 추천코스는 인사동을 기준으로 제작되었습니다.","All recommended courses are based on Insadong.","すべてのおすすめコースは仁寺洞を基準に作成されています。","所有推荐路线均以仁寺洞为基准制作。","Tất cả các tuyến đường gợi ý đều dựa trên Insadong.","เส้นทางแนะนำทั้งหมดจัดทำขึ้นโดยอ้างอิงจากอินซาดง","Все рекомендуемые маршруты составлены на основе Инсадона.","Semua rute yang direkomendasikan dibuat berdasarkan Insadong.","",""
"","Insa_Todo_Subtitle1-2","부터 21:00까지 이용 가능한 코스를 추천해드립니다.","We recommend courses available until 21:00.","21:00まで利用可能なコースをおすすめします。","为您推荐截至21:00可游览的路线。","Chúng tôi gợi ý các tuyến đường có thể trải nghiệm đến 21:00.","เราแนะนำเส้นทางที่สามารถใช้บริการได้ถึง 21:00 น.","Мы рекомендуем маршруты, доступные до 21:00.","Kami merekomendasikan rute yang dapat dikunjungi hingga pukul 21:00.","",""
"","My_Course_title","나만의 코스","My own course","自分だけのコース","专属路线","Khóa học của riêng tôi","หลักสูตรของฉันเอง","Мой собственный курс","Kursus saya sendiri","",""
"","My_Course_desc1","원하는 대로 골라 만드는","Pick and choose as you like","思いのままに選んで作る","随心所欲挑选制作","Chọn và tạo theo ý muốn","เลือกและสร้างตามที่คุณต้องการ","Выбирайте и создавайте по своему желанию","Pilih dan buat sesuka Anda","",""
"","My_Course_desc2","취향·동행·일정까지 원하는\n내가 원하는 여행 코스를 만들어 보세요.","Create your own travel course according to your tastes, companions, and schedule.","好み・同行者・日程まで希望通り
自分だけの旅行コースを作ってみてください。","根据您的喜好、同行者和日程
制定您专属的旅行路线。","Tạo khóa học du lịch của riêng bạn
tùy theo sở thích, bạn đồng hành và lịch trình của bạn.","สร้างหลักสูตรการเดินทางของคุณเอง
ตามรสนิยม ผู้ร่วมเดินทาง และตารางเวลาของคุณ","Создайте свой собственный туристический курс
в соответствии с вашими вкусами, попутчиками и расписанием.","Buat kursus perjalanan Anda sendiri
sesuai dengan selera, teman perjalanan, dan jadwal Anda.","",""
"","Recommended_Course_title","추천코스","Recommended Course","おすすめコース","推荐路线","Khóa học được đề xuất","หลักสูตรที่แนะนำ","Рекомендуемый курс","Kursus yang direkomendasikan","",""
"","Recommended_Course_1_subtitle","유산을 따라 걷는","Walking along Heritage","遺産をたどる散策","漫步历史遗产","Đi dọc theo di sản","เดินตามรอยมรดก","Прогулка по следам наследия","Menyusuri Jejak Warisan","",""
"","Recommended_Course_1_title","유산 탐방 코스","Heritage Exploration Course","遺産探訪コース","遗产探访路线","Tuyến Khám phá Di sản","เส้นทางสำรวจมรดก","Маршрут: исследование наследия","Rute Eksplorasi Warisan","",""
"","Recommended_Course_2_subtitle","미식과 감성을 즐기는","Savoring Food & Vibes","グルメと雰囲気を満喫","畅享美食与氛围","Tận hưởng ẩm thực & không gian chill","ดื่มด่ำรสชาติและบรรยากาศ","Наслаждаясь едой и атмосферой","Menikmati Kuliner & Suasana","",""
"","Recommended_Course_2_title","맛집·감성 코스","Gourmet & Vibe Course","グルメ・感性コース","美食·感性路线","Tuyến Ẩm thực & Cảm xúc","เส้นทางอาหารและบรรยากาศ","Маршрут: гастрономия и атмосфера","Rute Kuliner & Suasana","",""
"","Recommended_Course_3_subtitle","지역의 매력을 발견하는","Discovering Local Charm","地域の魅力を発見","发现当地魅力","Khám phá nét đẹp bản địa","ค้นพบเสน่ห์ท้องถิ่น","Открывая местный колорит","Menemukan Pesona Lokal","",""
"","Recommended_Course_3_title","쇼핑·로컬 체험 코스","Shopping & Local Experience Course","ショッピング・ローカル体験コース","购物·当地体验路线","Tuyến Mua sắm & Trải nghiệm Bản địa","เส้นทางช้อปปิ้งและสัมผัสวิถีท้องถิ่น","Маршрут: шопинг и местный колорит","Rute Belanja & Pengalaman Lokal","",""
"","Recommended_Course_4_subtitle","아이와 함께 즐기는","Fun with Kids","子どもと一緒に楽しむ","亲子同乐","Vui chơi cùng trẻ nhỏ","เพลิดเพลินกับเด็กๆ","Семейный отдых с детьми","Menikmati Bersama Anak","",""
"","Recommended_Course_4_title","가족·체험 코스","Family & Experience Course","家族・体験コース","家庭·体验路线","Tuyến Gia đình & Trải nghiệm","เส้นทางครอบครัวและประสบการณ์","Маршрут: семья и впечатления","Rute Keluarga & Pengalaman","",""
"","Visitor_Title","방문 인원","Number of Visitors","訪問人数","访问人数","Số lượng khách","จำนวนผู้เยี่ยมชม","Количество посетителей","Jumlah Pengunjung","",""
"","Visitor_1","1명","1 person","1人","1人","1 người","1 คน","1 гость","1 orang","",""
"","Visitor_2","2명","2 people","2人","2人","2 người","2 คน","2 гостя","2 orang","",""
"","Visitor_3","3명","3 people","3人","3人","3 người","3 คน","3 гостя","3 orang","",""
"","Visitor_4","4명","4 people","4人","4人","4 người","4 คน","4 гостя","4 orang","",""
"","Visitor_5","5~9명","5~9 pax","5~9人","5~9人","5~9 người","5~9 คน","5~9 чел.","5~9 orang","",""
"","Visitor_6","10명~","10+ pax","10人~","10人~","10 người~","10 คน~","10+ чел.","10 orang~","",""
"","StayTime","체류 시간","How long are you planning to be here","どのくらい滞在する予定ですか？","您计划在这里停留多久？","Thời gian lưu trú","ระยะเวลาที่พำนัก","Как долго вы планируете здесь пробыть?","Durasi Kunjungan","",""
"","StayTime_02","0 ~ 2시간","0 ~ 2 hours","0～2時間","0～2小时","0 ~ 2 giờ","0 ~ 2 ชั่วโมง","0 ~ 2 часа","0 - 2 jam","",""
"","StayTime_24","2 ~ 4시간","2 ~ 4 hours","2～4時間","2～4小时","2 ~ 4 giờ","2 ~ 4 ชั่วโมง","2 ~ 4 часа","2 ~ 4 jam","",""
"","StayTime_46","4 ~ 6시간","4 ~ 6 hours","4～6時間","4～6小时","4 ~ 6 giờ","4 ~ 6 ชั่วโมง","4 ~ 6 часов","4 ~ 6 jam","",""
"","StayTime_66","6시간~","6 hours ~","6時間～","6小时以上","6 giờ ~","6 ชั่วโมง ~","от 6 часов","6 jam ~","",""
"","JoyContent","즐길 거리","Things to Enjoy","楽しみ","娱乐项目","Hoạt động","สิ่งที่น่าสนใจ","Развлечения","Hal Menarik","",""
"","SubmitButton","코스 추천받기","Get course recommendations","コースの推薦を受ける","获取路线推荐","Nhận đề xuất khóa học","รับคำแนะนำหลักสูตร","Получить рекомендации по курсу","Dapatkan rekomendasi kursus","",""
"","Insa_Todo_result_Subtitle","AI 맞춤 추천 코스","AI Personalized Recommended Course","AIカスタムおすすめコース","AI定制推荐路线","Tuyến đường đề xuất tùy chỉnh AI","เส้นทางแนะนำส่วนตัวโดย AI","Персональный рекомендуемый маршрут от ИИ","Rute Rekomendasi Khusus AI","",""
"","Insa_Todo_result_tags","#취향#맞춤#내맘대로","#Taste #Customized #AsYouLike","#好み #カスタム #思いのまま","#喜好 #定制 #随心所欲","#SởThích #CáNhânHóa #TùyÝ","#ตามใจชอบ #ปรับแต่งได้ #ตามสไตล์คุณ","#ПоВкусу #Индивидуально #КакДушеУгодно","#Selera #SesuaiKeinginan #SukaSuka","",""
"","TotalStayTime","총 소요시간","Total time","総時間","总时间","Tổng thời gian","เวลารวมทั้งหมด","Общее время","Total waktu yang","",""
"","TotalTravelTime","이동시간","Travel Time","移動時間","旅行时间","Thời gian di chuyển","เวลาเดินทาง","Время в пути","Waktu Perjalanan","",""
"","dayLapsed","일차","First","一次","第一的","Đầu tiên","อันดับแรก","Первый","Pertama","",""
"","blogReview","블로그 리뷰","Blog Review","ブログレビュー","博客评论","Đánh giá trên blog","รีวิวบล็อก","Обзор блога","Ulasan Blog","",""
"","Distance","이동거리","Business Hours","営業時間","营业时间","Giờ làm việc","เวลาทำการ","Часы работы","Jam Operasional","",""
"","Minute","분","Time spent","滞在時間","停留时间","Thời gian lưu trú","เวลาที่ใช้","Время пребывания","Waktu yang dihabiskan","",""
"","Difficulty","난이도","Difficulty","難易度","难度","Độ khó","ความยาก","Сложность","Tingkat Kesulitan","",""
"","Difficulty_easy","쉬움","Easy","簡単","简单","Dễ","ง่าย","Легкий","Mudah","",""
"","Difficulty_normal","중간","Medium","普通","中等","Trung bình","ปานกลาง","Средний","Sedang","",""
"","Difficulty_hard","어려움","Hard","難しい","困难","Khó","ยาก","Сложный","Sulit","",""
"","Open&closeTime","영업 시간","Business Hours","営業時間","营业时间","Giờ mở cửa","เวลาทำการ","Часы работы","Jam Operasional","",""
"","TimeToAdjourn","머무는 시간","Time spent","滞在時間","停留时间","Thời gian lưu trú","เวลาที่ใช้","Время пребывания","Waktu yang dihabiskan","",""
"","Event_Title","인사동 이벤트","Events","おすすめイベント","推荐活动","Sự kiện Insadong","กิจกรรมอินซาดง","Мероприятия","Event Insadong","",""
"","Event_SubTitle","* 인사동에서 진행중인 이벤트를 찾아보세요 ","* Find events happening in Insa-dong.","* 仁寺洞で開催中のイベントを探してみてください","* 查找正在仁寺洞举行的活动","Tìm sự kiện đang diễn ra tại Insadong","ค้นหากิจกรรมที่จัดขึ้นในอินซาดงค่ะ","* Узнайте о мероприятиях, проходящих в Инсадоне.","Cari acara yang ada di Insadong","",""
"","Event_Tab_Insadong","인사동","Insadong","仁寺洞","仁寺洞","Insadong","อินซาดง","Инсадон","Insadong","",""
"","Event_Category_All","전체","All","全て","全部","Tất cả","ทั้งหมด","Все","Semua","",""
"","Event_Category_performance","공연","Performance","公演","演出","Biểu diễn","การแสดง","Выступление","Pertunjukan","",""
"","Event_Category_exibition","전시","Exhibition","展示","展览","Triển lãm","นิทรรศการ","Выставка","Pameran","",""
"","Event_Category_etc","기타","Etc","その他","其他","Khác","อื่นๆ","Другое","Lainnya","",""
"","Event_MBTI_types","[외향적, 경험적, 이성적, 계획적, 내향적, 상상적, 감성적, 즉흥적]","[Extroverted, Experiential, Rational, Planned, Introverted, Imaginative, Emotional, Spontaneous]","[外向的、経験的、理性的、計画的、内向的、想像的、感性的、即興的]","[外向、经验、理性、计划、内向、想象、感性、即兴]","[Hướng ngoại, Dựa trên kinh nghiệm, Lý trí, Có kế hoạch, Hướng nội, Giàu trí tưởng tượng, Cảm xúc, Ngẫu hứng]","[เปิดเผย, ตามประสบการณ์, ใช้เหตุผล, มีแบบแผน, เก็บตัว, ใช้จินตนาการ, ใช้อารมณ์, ตามสัญชาตญาณ]","[Экстравертный, Опирающийся на опыт, Рациональный, Планирующий, Интровертный, Обладающий воображением, Эмоциональный, Спонтанный]","[Ekstrovert, Berdasarkan Pengalaman, Rasional, Terencana, Introvert, Imajinatif, Emosional, Spontan]","",""
"","Event_MBTI_results","추천 결과 보기","View Recommendation Results","おすすめ結果を見る","查看推荐结果","Xem kết quả đề xuất","ดูผลลัพธ์ที่แนะนำ","Посмотреть результаты рекомендаций","Lihat Hasil Rekomendasi","",""
"","Event_MBTI_guide1","MBTI 성향과 취향을 반영해 인사동 이벤트를<br/> 맞춤 추천해 드립니다!","We provide customized recommendations for Insadong events<br/> reflecting your MBTI personality and tastes!","MBTIの傾向と好みを反映し、仁寺洞のイベントを<br/> カスタマイズしておすすめします！","反映您的MBTI倾向和喜好，<br/> 为您量身推荐仁寺洞的活动！","Chúng tôi đề xuất các sự kiện ở Insadong<br/> phản ánh xu hướng và sở thích MBTI của bạn!","เราขอแนะนำกิจกรรมในอินซาดง<br/> ที่ปรับแต่งตามความชอบและประเภท MBTI ของคุณ!","Мы предлагаем индивидуальные рекомендации мероприятий в Инсадоне,<br/> отражающие ваши предпочтения и тип MBTI!","Kami memberikan rekomendasi khusus untuk acara Insadong<br/> yang mencerminkan kepribadian MBTI dan selera Anda!","",""
"","Event_MBTI_guide2","MBTI 4가지 유형을 전부 선택하지 않아도<br/> 나만의 추천 결과를 받아볼 수 있어요!","You can receive your own personalized recommendations<br/> even if you don't select all 4 MBTI types!","MBTIの4つのタイプをすべて選択しなくても、<br/> 自分だけのおすすめ結果を受け取ることができます！","即使不选择所有4个MBTI类型，<br/> 也能获得专属的推荐结果！","Bạn có thể nhận được kết quả đề xuất của riêng mình<br/> ngay cả khi bạn không chọn tất cả 4 loại MBTI!","คุณสามารถรับผลการแนะนำของคุณเองได้<br/> แม้ว่าคุณจะไม่ได้เลือก MBTI ทั้ง 4 ประเภทก็ตาม!","Вы можете получить свои собственные персональные рекомендации,<br/> даже если не выберете все 4 типа MBTI!","Anda bisa mendapatkan hasil rekomendasi sendiri<br/> meskipun Anda tidak memilih keempat tipe MBTI!","",""
"","Event_Detail_SubHeader","* QR코드로 이벤트의 상세정보를 확인하세요","* Scan the QR code for event details","* QRコードでイベントの詳細を確認してください","* 扫描二维码查看活动详情","Quét QR xem chi tiết sự kiện.","สแกน QR เพื่อดูรายละเอียดค่ะ","* Отсканируйте QR-код, чтобы узнать подробности о мероприятии.","Scan QR untuk detail acara.","",""
"","Event_Source","출처 : 서울 열린데이터광장","Source: Seoul Open Data Plaza","出典：ソウル開かれたデータ広場","来源：首尔开放数据广场","Nguồn: Seoul Open Data Plaza","ที่มา: Seoul Open Data Plaza","Источник: Seoul Open Data Plaza","Sumber: Seoul Open Data Plaza","",""
"","SubHeader_ToEat","* 검색결과를 클릭하시면 상세정보(길찾기)를 보실 수 있어요.","* Click a search result to see more details","* 検索結果をクリックして、詳細とルート案内をご覧ください。","* 点击搜索结果，查看详情与路线导航。","Nhấn vào kết quả để xem chi tiết (chỉ đường).","คลิกที่ผลการค้นหาเพื่อดูรายละเอียด (การนำทาง) ค่ะ","Нажмите результат — детали и маршрут.","Klik hasil pencarian untuk info detail (petunjuk arah).","",""
"","SubHeader_ToBuy","* 검색결과를 클릭하시면 상세정보(길찾기)를 보실 수 있어요.","* Click a search result to see more details","* 検索結果をクリックして、詳細とルート案内をご覧ください。","* 点击搜索结果，查看详情与路线导航。","Nhấn vào kết quả để xem chi tiết (chỉ đường).","คลิกที่ผลการค้นหาเพื่อดูรายละเอียด (การนำทาง) ค่ะ","Нажмите результат — детали и маршрут.","Klik hasil pencarian untuk info detail (petunjuk arah).","",""
"","SubHeader_ToStay","* 인사동에는 다양한 종류의 숙박이 가능합니다. ","* Various types of accommodation are available.","* インサドンでは多様な宿泊が可能です。","* 在仁寺洞可以选择多种住宿方式。","Có nhiều loại chỗ ở tại Insadong.","มีที่พักหลากหลายประเภทในอินซาดงค่ะ","* В Инсадоне доступны различные виды размещения.","Tersedia berbagai jenis penginapan di Insadong.","",""
"","SubHeader_Palace","* 대한민국의 역사와 전통을 한눈에 볼 수있는 고궁을 방문해보세요 ","* Click a search result to see more details","* 検索結果をクリックして、詳細とルート案内をご覧ください。","* 点击搜索结果，查看详情与路线导航。","Nhấn vào kết quả để xem chi tiết (chỉ đường).","คลิกที่ผลการค้นหาเพื่อดูรายละเอียด (การนำทาง) ค่ะ","Нажмите результат — детали и маршрут.","Klik hasil pencarian untuk info detail (petunjuk arah).","",""
"","SubHeader_ToHelp","* 검색결과를 클릭하시면 상세정보(길찾기)를 보실 수 있어요.","* Click a search result to see more details","* 検索結果をクリックして、詳細とルート案内をご覧ください。","* 点击搜索结果，查看详情与路线导航。","Nhấn vào kết quả để xem chi tiết (chỉ đường).","คลิกที่ผลการค้นหาเพื่อดูรายละเอียด (การนำทาง) ค่ะ","Нажмите результат — детали и маршрут.","Klik hasil pencarian untuk info detail (petunjuk arah).","",""
"","SubHeader_ToGallery","* 검색결과를 클릭하시면 상세정보(길찾기)를 보실 수 있어요.","* Click a search result to see more details","* 検索結果をクリックして、詳細とルート案内をご覧ください。","* 点击搜索结果，查看详情与路线导航。","Nhấn vào kết quả để xem chi tiết (chỉ đường).","คลิกที่ผลการค้นหาเพื่อดูรายละเอียด (การนำทาง) ค่ะ","Нажмите результат — детали и маршрут.","Klik hasil pencarian untuk info detail (petunjuk arah).","",""
"","SubHeader_Detail","* QR을 핸드폰으로 찍으시면 길을 안내해드려요","* Scan the QR code with your phone for directions","* スマホでQRコードを読み取ると道案内が表示されます","* 用手机扫描二维码即可获取路线导航","Quét mã QR bằng điện thoại để nhận chỉ đường.","สแกน QR ด้วยมือถือเพื่อดูเส้นทางค่ะ","Отсканируйте QR-код телефоном, чтобы проложить маршрут","Pindai QR dengan ponsel Anda untuk petunjuk arah","뭐먹지, 뭐사지, 숙박안내, 고궁안내, 도와줘 등 상세 페이지에서 subtitle 로 표시해 주기",""
"","Here_IsInsa_Subtitle","* 한국의 전통을 느낄수 있는  인사동 입니다.  ","* Experience Korean tradition in Insadong.","* 韓国の伝統を感じられる仁寺洞です。","* 这里是能感受韩国传统魅力的仁寺洞。","* Đây là Insadong, nơi cảm nhận truyền thống Hàn Quốc.","* ที่นี่คืออินซาดงที่คุณสัมผัสได้ถึงประเพณีเกาหลี","* Почувствуйте корейские традиции в Инсадоне.","* Inilah Insadong, tempat merasakan tradisi Korea.","",""
"","Here_Attraction","관광명소","Tourist Attractions","観光名所","旅游景点","Điểm tham quan","สถานที่ท่องเที่ยว","Достопримечательности","Objek Wisata","",""
"","Here_History","역사","History","歴史","历史","Lịch sử","ประวัติศาสตร์","История","Sejarah","",""
"","Here_History_Introduce_title","인사동 소개","About Insadong","仁寺洞の紹介","仁寺洞介绍","Giới thiệu về Insadong","ข้อมูลเกี่ยวกับอินซาดง","О районе Инсадон","Tentang Insadong","",""
"","Here_History_Introduce_content","인사동은 조선시대부터 서울의 중심 문화거리로, 골동품과 전통공예, 갤러리가 밀집한 곳으로 자리 잡았습니다. 관인방의 중심부에 위치하며, 서화와 골동품을 다루는 상점들이 형성되며 학문과 예술을 사랑하는 문화가 형성되었습니다.","Since the Joseon Dynasty, Insadong has been a central cultural street of Seoul, densely packed with antiques, traditional crafts, and galleries. Located in Gwanin-bang, it fostered a love of learning and art through shops dealing in calligraphy, paintings, and antiques.","仁寺洞は朝鮮時代からソウルの中心的な文化街として、骨董品や伝統工芸、ギャラリーが集まる場所として発展してきました。寛仁坊の中心に位置し、書画や骨董品を扱う店が立ち並び、学問や芸術を愛する文化が育まれました。","自朝鲜时代起，仁寺洞便是首尔的核心文化街区，汇集了众多古董店、传统工艺品店和画廊。它坐落于宽仁坊的中心，随着书画古董商铺的兴起，形成了崇尚学术与艺术的浓厚文化。","Từ thời Joseon, Insadong đã là con phố văn hóa trung tâm của Seoul, tập trung nhiều đồ cổ, thủ công mỹ nghệ truyền thống và phòng trưng bày nghệ thuật. Nằm ở trung tâm Gwanin-bang, nơi đây hình thành nét văn hóa yêu chuộng học thuật và nghệ thuật nhờ các cửa hàng bán tranh chữ và đồ cổ.","ตั้งแต่สมัยโชซอน อินซาดงเป็นถนนสายวัฒนธรรมใจกลางกรุงโซลที่เต็มไปด้วยร้านขายของโบราณ งานหัตถกรรมดั้งเดิม และแกลเลอรี ตั้งอยู่ใจกลางย่านกวานอินบัง และได้ก่อกำเนิดวัฒนธรรมรักการเรียนรู้และศิลปะผ่านร้านค้าที่จำหน่ายภาพเขียนและวัตถุโบราณ","Со времен династии Чосон Инсадон был центральной культурной улицей Сеула, где сосредоточены антиквариат, традиционные ремесла и галереи. Расположенный в районе Кванин-бан, он сформировал культуру любви к науке и искусству благодаря магазинам каллиграфии, живописи и антиквариата.","Sejak Dinasti Joseon, Insadong telah menjadi pusat kebudayaan Seoul yang dipenuhi barang antik, kerajinan tradisional, dan galeri. Terletak di pusat Gwanin-bang, kawasan ini menumbuhkan budaya cinta ilmu dan seni melalui toko kaligrafi, lukisan, dan barang antik.","",""
"","Here_HistoryFlow","인사동의 역사 흐름","Historical Flow of Insadong","仁寺洞の歴史の流れ","仁寺洞的历史变迁","Dòng chảy lịch sử Insadong","ลำดับประวัติศาสตร์ของอินซาดง","Исторический путь Инсадона","Alur Sejarah Insadong","",""
"","Here_History_epoch1","조선시대","Joseon Dynasty","朝鮮時代","朝鲜时代","Thời Joseon","สมัยโชซอน","Династия Чосон","Dinasti Joseon","",""
"","Here_History_epoch1_desc","한성부 관인방 형성","Formation of Hanseong-bu Gwanin-bang","漢城府寛仁坊の形成","汉城府宽仁坊形成","Hình thành Gwanin-bang thuộc Hanseong-bu","การก่อตั้งย่านกวานอินบัง ฮันซ็องบู","Образование района Кванин-бан в Хансоне","Pembentukan Gwanin-bang Hanseong-bu","",""
"","Here_History_epoch2","일제강점기","Japanese Colonial Period","日本統治時代","日本殖民统治时期","Thời kỳ thuộc địa Nhật Bản","ยุคอาณานิคมญี่ปุ่น","Период японского правления","Masa Penjajahan Jepang","",""
"","Here_History_epoch2_desc","인사동 명칭 유래","Origin of the Name Insadong","仁寺洞の名称の由来","仁寺洞名称的由来","Nguồn gốc tên gọi Insadong","ที่มาของชื่ออินซาดง","Происхождение названия Инсадон","Asal-usul Nama Insadong","",""
"","Here_History_epoch3","해방 이후","Post-Liberation Period","解放後","光复以后","Sau ngày giải phóng","หลังการประกาศอิสรภาพ","После освобождения","Pasca Kemerdekaan","",""
"","Here_History_epoch3_desc","골동품 거리 형성","Formation of Antique Street","骨董品街の形成","古董街形成","Hình thành phố đồ cổ","การก่อตัวของถนนของเก่า","Формирование антикварной улицы","Terbentuknya Jalan Barang Antik","",""
"","Here_History_epoch4","1980년대","1980s","1980年代","1980年代","Những năm 1980","ทศวรรษ 1980","1980-е годы","Era 1980-an","",""
"","Here_History_epoch4_desc","갤러리·화랑 거리","Gallery & Art Street","ギャラリー・画廊街","画廊与美术馆之街","Phố phòng tranh & triển lãm","ถนนแกลเลอรีและหอศิลป์","Улица галерей и выставок","Jalan Galeri & Seni","",""
"","Here_History_epoch5","2000년대","2000s","2000年代","2000年代","Những năm 2000","ทศวรรษ 2000","2000-е годы","Era 2000-an","",""
"","Here_History_epoch5_desc","문화의 거리 지정","Designated as Cultural Street","文化の街に指定","被指定为文化街","Được công nhận là Con phố Văn hóa","ได้รับการแต่งตั้งเป็นถนนสายวัฒนธรรม","Признание культурной улицей","Ditetapkan sebagai Jalan Budaya","",""
"","Here_History_epoch6","현재","Present","現在","现代","Hiện tại","ปัจจุบัน","Настоящее время","Masa Kini","",""
"","Here_History_epoch6_desc","전통과 현재의 공존","Coexistence of Tradition and Modernity","伝統と現在の共存","传统与现代的共存","Sự giao thoa giữa truyền thống và hiện đại","การอยู่ร่วมกันของประเพณีและความทันสมัย","Сосуществование традиций и современности","Berdampingannya Tradisi dan Masa Kini","",""
"","Here_HistoryContent_1_title","조선시대의 인사동","Insadong in the Joseon Dynasty","朝鮮時代の仁寺洞","朝鲜时代的仁寺洞","Insadong thời Joseon","อินซาดงในสมัยโชซอน","Инсадон эпохи Чосон","Insadong pada Masa Dinasti Joseon","",""
"","Here_HistoryContent_1_summary","인사동은 고려 시대 이후 서울의 중심부에서 형성되기 시작했습니다. 조선 전기에는 왕궁과 사찰 주변의 작은 마을이었으나, 조선 후기에는 관청과 상점이 모여 도시로서의 모습을 갖추기 시작했습니다. 이후 근대와 현대를 거치며 전통과 현대가 공존하는 문화의 거리로 자리 잡았습니다.","Insadong began taking shape at the heart of Seoul after the Goryeo period. It grew from a small village near royal palaces and temples into an urban hub with government offices and shops, eventually becoming a cultural street blending tradition and modernity.","仁寺洞は高麗時代以降、ソウルの中心部で形成され始めました。朝鮮時代前期には王宮や寺院周辺の小さな村でしたが、後期には役所や店が集まり都市の姿を備え始めました。近代と現代を経て、伝統と現代が共存する文化街として定着しました。","仁寺洞自高丽时代起在首尔中心区域形成雏形。朝鲜前期曾是宫殿和寺庙周边的村落，至后期商铺官署林立，发展为繁华街市。历经近现代变迁，如今已成为传统与现代交相辉映的文化街区。","Insadong bắt đầu hình thành tại trung tâm Seoul sau thời Goryeo. Từ ngôi làng nhỏ quanh cung điện và chùa chiền thời đầu Joseon, nơi đây phát triển thành trung tâm đô thị với công sở và cửa hàng, rồi trở thành con phố văn hóa kết hợp truyền thống và hiện đại.","อินซาดงเริ่มก่อตัวขึ้นใจกลางกรุงโซลหลังสมัยโครยอ ในช่วงต้นโชซอนเป็นเพียงหมู่บ้านเล็กๆ รอบวังและวัด แต่ต่อมาพัฒนาเป็นศูนย์กลางเมืองที่มีหน่วยงานและร้านค้า จนกลายเป็นถนนวัฒนธรรมที่ผสานประเพณีและความทันสมัย","Инсадон зародился в центре Сеула после эпохи Корё. Из небольшой деревни близ дворцов и храмов он превратился в городской центр с учреждениями и лавками, а затем стал культурной улицей, сочетающей традиции и современность.","Insadong mulai terbentuk di pusat Seoul setelah periode Goryeo. Dari desa kecil dekat istana dan kuil pada awal Joseon, wilayah ini berkembang menjadi pusat kota dengan kantor dan toko, hingga menjadi jalan budaya yang memadukan tradisi dan modernitas.","",""
"","Here_HistoryContent_2_title","근현대의 인사동","Modern and Contemporary Insadong","近現代の仁寺洞","近现代的仁寺洞","Insadong thời cận hiện đại","อินซาดงในยุคใหม่และร่วมสมัย","Инсадон новейшего времени","Insadong Modern dan Kontemporer","",""
"","Here_HistoryContent_2_summary","인사동은 근대 이후 도시의 변화를 거치며 새로운 상업과 문화가 유입되었습니다. 전통시장과 현대 상점이 함께 자리 잡으며, 예술과 전통문화가 어우러진 거리로 발전했습니다. 오늘날에는 관광객과 서울 시민이 함께하는 대표적인 문화의 거리로 자리 잡았습니다.","Through modern urban changes, Insadong embraced new commerce and culture. Blending traditional markets with modern shops, it flourished into an art and culture hub cherished by both locals and international visitors today.","仁寺洞は近代以降の都市の変化に伴い、新たな商業と文化を取り入れました。伝統市場と現代的な商店が共存し、芸術と伝統文化が調和する街へと発展。今日では観光客と市民が集う代表的な文化街となっています。","历经近代城市变迁，仁寺洞迎来了新的商贸与文化。传统集市与现代店铺共生共荣，发展为融合艺术与传统文化的街区，成为深受游客和市民喜爱的代表性文化地标。","Trải qua quá trình đô thị hóa thời cận đại, Insadong tiếp nhận thương mại và văn hóa mới. Chợ truyền thống đan xen cùng cửa hiệu hiện đại tạo nên con phố nghệ thuật và văn hóa đặc sắc, thu hút đông đảo du khách và người dân Seoul.","อินซาดงเปิดรับการค้าและวัฒนธรรมใหม่ผ่านความเปลี่ยนแปลงในยุคใหม่ การผสมผสานระหว่างตลาดดั้งเดิมและร้านค้าสมัยใหม่ทำให้ที่นี่เติบโตเป็นศูนย์รวมศิลปะวัฒนธรรมที่ทั้งนักท่องเที่ยวและชาวโซลนิยมแวะเวียนมา","Пройдя через городские изменения новейшего времени, Инсадон вобрал в себя новую торговлю и культуру. Традиционные рынки и современные магазины объединились, создав улицу искусства и культуры, любимую туристами и жителями Сеула.","Melalui perubahan perkotaan modern, Insadong menyerap perdagangan dan budaya baru. Pasar tradisional berdampingan dengan toko modern menciptakan jalan seni dan budaya yang kini dinikmati oleh wisatawan dan warga Seoul.","",""
"","Here_Culture","문화","Culture","文化","文化","Văn hóa","วัฒนธรรม","Культура","Kebudayaan","",""
"","Here_Culture_Introduce_title","인사동 문화","Culture of Insadong","仁寺洞の文化","仁寺洞文化","Văn hóa Insadong","วัฒนธรรมอินซาดง","Культура Инсадона","Budaya Insadong","",""
"","Here_Culture_Introduce_content","인사동은 전통과 현대가 공존하는 서울의 대표 문화지대로, 한옥과 전통시장, 전통공예, 예술과 음식이 어우러진 고유한 문화를 체험할 수 있습니다.","As Seoul's iconic cultural district blending tradition and modernity, Insadong invites you to experience its unique culture of hanok, traditional markets, crafts, art, and dining.","仁寺洞は伝統と現代が共存するソウルを代表する文化地域であり、韓屋や伝統市場、伝統工芸、芸術、グルメが調和した独自の文化を体験できます。","仁寺洞是首尔具有代表性的文化胜地，完美融合了传统与现代。在此您可以体验由韩屋、传统集市、传统工艺、艺术与美食构成的独特文化魅力。","Insadong là khu văn hóa tiêu biểu của Seoul kết hợp truyền thống và hiện đại, nơi bạn có thể trải nghiệm nét văn hóa độc đáo với hanok, chợ truyền thống, thủ công mỹ nghệ, nghệ thuật và ẩm thực.","อินซาดงเป็นย่านวัฒนธรรมอันโดดเด่นของโซลที่ผสานประเพณีและความทันสมัย คุณสามารถสัมผัสวัฒนธรรมอันเป็นเอกลักษณ์ผ่านฮันอก ตลาดดั้งเดิม งานหัตถกรรม ศิลปะ และอาหาร","Инсадон — знаковый культурный район Сеула, гармонично сочетающий традиции и современность, где можно познакомиться с ханоками, традиционными рынками, ремеслами, искусством и кухней.","Insadong adalah kawasan budaya ikonik Seoul yang memadukan tradisi dan modernitas, tempat Anda dapat merasakan perpaduan hanok, pasar tradisional, kerajinan seni, dan kuliner.","",""
"","Here_Culture_Content_1_title","한옥 문화","Hanok Culture","韓屋文化","韩屋文化","Văn hóa Hanok","วัฒนธรรมฮันอก","Культура ханок","Budaya Hanok","",""
"","Here_Culture_Content_1_desc","인사동의 한옥은 서울의 전통을 담은 대표적인 건축물로,기와지붕과 목조 구조를 통해 전통의 아름다움을 보여줍니다. 한옥의 정취를 느끼며 서울의 역사와 문화를 경험할 수 있습니다.","Hanok houses in Insadong are quintessential structures capturing Seoul's traditions, showcasing architectural beauty through tiled roofs and wooden frames where you can immerse yourself in history.","仁寺洞の韓屋はソウルの伝統を今に伝える代表的な建築で、瓦屋根や木造構造を通じて伝統の美しさを伝えています。韓屋の情緒を感じながら歴史と文化を体験できます。","仁寺洞的韩屋是承载首尔传统精髓的代表性建筑，瓦顶和木构架展现出高雅的古典之美。漫步其间，可深刻感受首尔的历史底蕴与文化魅力。","Nhà Hanok ở Insadong là kiến trúc tiêu biểu lưu giữ nét truyền thống Seoul, phô diễn vẻ đẹp cổ kính qua mái ngói và khung gỗ, mang lại trải nghiệm lịch sử và văn hóa sâu sắc.","บ้านฮันอกในอินซาดงเป็นสถาปัตยกรรมเอกลักษณ์ที่สะท้อนประเพณีของโซล อวดความงามผ่านหลังคากระเบื้องและโครงสร้างไม้ ให้คุณได้ดื่มด่ำกับประวัติศาสตร์และวัฒนธรรม","Ханоки Инсадона — яркие образцы традиционного зодчества Сеула с черепичными крышами и деревянными конструкциями, позволяющие прочувствовать очарование истории и культуры города.","Hanok di Insadong adalah bangunan khas yang memuat tradisi Seoul, menampilkan keindahan melalui atap genteng dan struktur kayu untuk merasakan pesona sejarah dan budaya.","",""
"","Here_Culture_Content_2_title","전통시장","Traditional Market","伝統市場","传统市场","Chợ truyền thống","ตลาดดั้งเดิม","Традиционный рынок","Pasar Tradisional","",""
"","Here_Culture_Content_2_desc","인사동의 전통시장은 한옥과 골목길이 어우러진 유서 깊은 공간으로, 전통음식과 전통공예품을 감상하며 서울의 전통문화를 느낄 수 있습니다.","Insadong's traditional market is a historic space intertwined with hanok and alleys, where you can savor traditional foods and appreciate handicrafts reflecting Seoul's heritage.","仁寺洞の伝統市場は韓屋と路地が調和した由緒ある空間で、伝統的な食事や工芸品を鑑賞しながらソウルの伝統文化を肌で感じることができます。","仁寺洞的传统集市融合了韩屋与古朴小巷，漫步其间品尝传统美食、鉴赏手工艺品，尽情领略首尔深厚的传统文化风情。","Chợ truyền thống Insadong là không gian lịch sử giao hòa giữa nhà hanok và ngõ nhỏ, nơi bạn thưởng thức ẩm thực cổ truyền và chiêm ngưỡng các tác phẩm thủ công tinh xảo.","ตลาดดั้งเดิมอินซาดงเป็นพื้นที่เก่าแก่ที่ผสานตรอกซอกซอยเข้ากับบ้านฮันอก ให้คุณเพลิดเพลินกับอาหารพื้นเมืองและงานฝีมือดั้งเดิมพร้อมสัมผัสวัฒนธรรมโซล","Традиционный рынок Инсадона — историческое место с ханоками и уютными улочками, где можно попробовать традиционные блюда и полюбоваться ремесленными изделиями Сеула.","Pasar tradisional Insadong adalah ruang bersejarah yang berpadu dengan hanok dan gang-gang kecil, tempat menikmati kuliner tradisional dan kerajinan tangan khas Seoul.","",""
"","Here_Culture_Content_3_title","인사동 생활문화","Insadong Lifestyle & Living Culture","仁寺洞の生活文化","仁寺洞生活文化","Văn hóa đời sống Insadong","วิถีชีวิตและวัฒนธรรมอินซาดง","Бытовая культура Инсадона","Budaya Kehidupan Insadong","",""
"","Here_Culture_Content_3_desc","인사동의 생활문화는 전통과 현대가 어우러진 서울의 대표 문화지대로, 한옥과 골목길, 전통음식과 예술이 어우러진 고유한 문화를 체험할 수 있습니다.","Insadong's living culture captures Seoul's harmony of past and present, offering experiences that weave together hanok alleys, traditional foods, and dynamic local arts.","仁寺洞の生活文化は伝統と現代が調和した代表的な文化地域であり、韓屋や路地、伝統的な食事や芸術が融合した独自の文化を体験できます。","仁寺洞的生活文化生动展现了传统与现代的融合，古色古香的韩屋小巷、地道风味的美食与艺术在此交织，带来别具一格的文化体验。","Nét văn hóa sinh hoạt tại Insadong thể hiện sự hài hòa giữa xưa và nay, mang đến trải nghiệm độc đáo kết hợp giữa ngõ hanok, ẩm thực truyền thống và nghệ thuật.","วิถีชีวิตของอินซาดงสะท้อนการผสมผสานระหว่างอดีตและปัจจุบัน มอบประสบการณ์ที่ไม่เหมือนใครผ่านตรอกฮันอก อาหารพื้นเมือง และศิลปะอันทรงคุณค่า","Бытовая культура Инсадона отражает гармонию традиций и современности Сеула, предлагая уникальное погружение в атмосферу ханоков, традиционной кухни и искусства.","Budaya kehidupan di Insadong mencerminkan keharmonisan tradisi dan modernitas Seoul, menawarkan pengalaman perpaduan gang hanok, makanan tradisional, dan seni lokal.","",""
"","Here_Culture_Content_4_title","인사동 음식문화","Insadong Food Culture","仁寺洞の食文化","仁寺洞饮食文化","Văn hóa ẩm thực Insadong","วัฒนธรรมอาหารอินซาดง","Кулинарная культура Инсадона","Budaya Kuliner Insadong","",""
"","Here_Culture_Content_4_desc","인사동 음식문화는 전통과 현대가 어우러진 서울의 대표 음식지대로, 한식, 분식, 카페음식 등 다양한 음식을 즐길 수 있습니다.","Insadong's culinary culture represents the best of Seoul's gastronomy, featuring diverse options from authentic Korean cuisine and street snacks to trendy cafes.","仁寺洞の食文化は伝統と現代が調和したソウルを代表するグルメ地帯で、韓国料理や屋台スナック、カフェメニューなど多彩なグルメを楽しめます。","仁寺洞饮食文化融汇古今风味，囊括正宗韩餐、特色小吃与时尚咖啡馆美馔，是品味首尔丰富美食魅力的必访之地。","Văn hóa ẩm thực Insadong đại diện cho nền ẩm thực phong phú của Seoul, nơi bạn có thể thưởng thức đa dạng món ăn từ món Hàn truyền thống, đồ ăn vặt đến quán cà phê phong cách.","วัฒนธรรมอาหารอินซาดงเป็นศูนย์รวมความอร่อยของโซลที่ผสานความดั้งเดิมและความทันสมัย ให้คุณได้ลิ้มลองทั้งอาหารเกาหลี สตรีทฟู้ด และเมนูคาเฟ่หลากหลาย","Кулинарная культура Инсадона сочетает традиции и тренды Сеула, предлагая богатое разнообразие блюд корейской кухни, закусок и уютных кафе.","Budaya kuliner Insadong mewakili kelezatan gastronomi Seoul yang memadukan tradisi dan tren modern, menyajikan aneka hidangan Korea, camilan, hingga kafe kekinian.","",""
"","Greeting_Introduce","* 안녕하세요! 마스코트 '인사'를 소개할게요!","* Hello! Let me introduce ‘Insa,’ the mascot of Insadong!","* こんにちは！ インサドンのマスコット「インサ」を紹介します！","* 你好！让我来介绍一下仁寺洞的吉祥物“仁沙”！","* Xin chào! Xin giới thiệu linh vật 'INSA'!","สวัสดี! ขอแนะนำ 'INSA' มาสคอตของเรา!","* Привет! Позвольте представить 'Insa', талисмана Инсадона!","Halo! Kenalan yuk sama maskot 'INSA'!","",""
"","Greeting_Category1","인사' 소개","Model of Insadong","仁寺洞モデル","仁寺洞宣传模特 ","Giới thiệu về 'INSA'","แนะนำ 'INSA'","Модель Инсадона","Tentang 'INSA'","",""
"","Greeting_Category2","인사 취미생활","INSA's Hobbies","""INSA"" の趣味","INSA 的兴趣爱好","Sở thích của INSA","งานอดิเรกของ INSA","Хобби INSA","Hobi INSA","",""
"","Greeting_Category3","인사' 건강습관","INSA's Healthy Habits","""INSA"" の健康習慣","INSA 的健康习惯","Thói quen lành mạnh của INSA","นิสัยเพื่อสุขภาพของ INSA","Здоровые привычки INSA","Kebiasaan Sehat INSA","",""
"","Greeting_Name","이름 ","Name","名前","姓名","Tên","ชื่อ","Имя","Nama","",""
"","Greeting_NameContent","인사","Insa","インサ","英莎","INSA","INSA","INSA","INSA","",""
"","Greeting_BirthDay","생일","DOB","生年月日","出生日期","Sinh nhật","วันเกิด","Дата рождения","Hari ulang tahun","",""
"","Greeting_BirthDayContent","2005년 9월 30일","September 30, 2005","2005年9月30日","2005年9月30日","Ngày 30 tháng 9 năm 2005","30 กันยายน 2005","30 сентября 2005 г.","30 September 2005","",""
"","Greeting_HomeTown","출신","Home","出身地","出生地","Xuất thân","ถิ่นกำเนิด","Родной город","Asal","",""
"","Greeting_HomeTownContent","서울 종로구 인사동","Insadong, Seoul","ソウル特別市 鍾路区 仁寺洞","首尔市钟路区仁寺洞","Insadong, Jongno-gu, Seoul","อินซาดง เขตจงโน โซล","Инсадон, Сеул","Insadong, Jongno-gu, Seoul","",""
"","Greeting_Nationality","국적","Nationality","国籍","国籍","Quốc tịch","สัญชาติ","Гражданство","Kewarganegaraan","",""
"","Greeting_NationalityContent","대한민국","Republic of Korea","大韓民国","大韩民国","Hàn Quốc","สาธารณรัฐเกาหลี","Республика Корея","Republik Korea","",""
"","Greeting_BloodType","혈액형","Blood ","血液型","血型","Nhóm máu","กรุ๊ปเลือด","Группа крови","Golongan Darah","",""
"","Greeting_BloodTypeContent","A형","Type A","A型","A型","Nhóm máu A","กรุ๊ป A","Группа A","Golongan A","",""
"","Greeting_MBTI","MBTI","MBTI","MBTI","MBTI","MBTI","MBTI","MBTI","MBTI","",""
"","Greeting_MBTIContent","ENTJ","ENTJ","ENTJ","ENTJ","ENTJ","ENTJ","ENTJ","ENTJ","",""
"","Greeting_Hobby","취미","Hobbies","趣味","兴趣爱好","Sở thích","งานอดิเรก","Хобби","Hobi","",""
"","Greeting_HobbyContent","카페가기, K-POP춤추기, 테니스","Going to cafes, dancing to K-POP, tennis","カフェ巡り、K-POPダンス、テニス","去咖啡馆、跳K-POP舞、打网球","Đi cà phê, Nhảy K-POP, Tennis","ไปคาเฟ่, เต้น K-POP, เทนนิส","Походы в кафе, танцы под K-POP, теннис","Pergi ke kafe, Menari K-POP, Tenis","",""
"","Greeting_Specialty","특기","Specialty","特技","特长","Sở trường","ความสามารถพิเศษ","Особенности","Keahlian","",""
"","Greeting_SpecialtyContent","노래","Singing","歌","唱歌","Hát","ร้องเพลง","Пение","Menyanyi","",""
"","Greeting_FutureHope","장래희망","Dream","将来の夢","未来梦想","Ước mơ","ความฝันในอนาคต","Мечта","Cita-cita","",""
"","Greeting_FutureHopeContent","인사동을 전 세계에 알리는 홍보모델이 되고싶어요,
한복모델, K-POP아이돌도요!","I aspire to become a globally recognized PR model, represent traditional Korean clothing like hanbok, and pursue a career as a K-pop idol.","世界的に認知されるPRモデルになり、伝統的な韓国の衣装であるハンボクを代表し、K-popアイドルとしてのキャリアを追求したいです。","我希望成为全球知名的公关模特，代表传统的韩国服装汉服，并追求成为K-pop偶像的职业。","Muốn làm mẫu quảng bá Insadong, mẫu Hanbok và cả thần tượng K-POP nữa!","อยากเป็นแบบโปรโมตอินซาดง นางแบบฮันบก และไอดอล K-POP ค่ะ!","Я стремлюсь стать всемирно известной PR-моделью, представлять традиционную корейскую одежду, такую как ханбок, и сделать карьеру K-pop айдола.","Mau jadi model promosi Insadong, model Hanbok, dan idola K-POP!","",""
"","Greeting_Introdution","자기소개","Intro","自己紹介","你好","Giới thiệu bản thân","แนะนำตัว","О себе","Profil Diri","",""
"","Greeting_IntrodutionContent","MZ세대의 취향을 가득 담은 인사동 홍보모델이에요!\n
맛집 탐방부터 한복·교복 체험, K-POP과 인사동의 다양한 문화까지 즐기고 있어요.\n
인사의 특별한 순간을 함께 만나고 싶다면 인스타그램으로 놀러오세요! @insa_stagram","I'm Insadong's promotional model capturing MZ generation vibes! From food tours and hanbok/uniform rentals to K-POP and rich local culture, follow @insa_stagram for special moments!","MZ世代のトレンドが詰まった仁寺洞のPRモデルです！ グルメ巡りから韓服・制服体験、K-POPや仁寺洞の文化まで満喫中。特別な瞬間はインスタへ！ @insa_stagram","我是充满MZ世代潮流气息的仁寺洞宣传模特！从探访美食、韩服与校服体验，到K-POP和多元文化尽情畅享。快来Instagram关注我吧！@insa_stagram","Mình là người mẫu quảng bá Insadong mang phong cách thế hệ MZ! Từ food tour, thử Hanbok/đồng phục đến K-POP và văn hóa độc đáo. Theo dõi khoảnh khắc tại @insa_stagram nhé!","ฉันคือนางแบบโปรโมตอินซาดงสไตล์คนรุ่น MZ! ตั้งแต่ตระเวนชิมของอร่อย เช่าชุดฮันบก/ชุดนักเรียน ไปจนถึง K-POP และวัฒนธรรมอินซาดง ติดตามโมเมนต์พิเศษได้ที่ @insa_stagram ค่ะ!","Я промо-модель Инсадона в стиле поколения MZ! От гастротуров и примерки ханбоков/школьной формы до K-POP и культуры района. Делюсь моментами в Instagram: @insa_stagram!","Aku model promosi Insadong bergaya generasi MZ! Dari tur kuliner, coba Hanbok/seragam sekolah, hingga K-POP dan aneka budaya. Yuk intip momen seru di Instagram @insa_stagram!","",""
"","Greeting_Hobby_First","K-POP","K-POP","K-POP","K-POP","K-POP","K-POP","K-POP","K-POP","",""
"","Greeting_Hobby_First_Desc_1","K-POP 댄스로 에너지를 충전해요!","Recharge your energy with K-POP dance!","K-POPダンスでエネルギーを充電！","用K-POP舞蹈补充能量！","Hãy nạp lại năng lượng với điệu nhảy K-POP!","เติมพลังให้ตัวเองด้วยการเต้น K-POP!","Восстановите силы с помощью танцев K-POP!","Isi ulang energimu dengan tarian K-POP!","",""
"","Greeting_Hobby_First_Desc_2","좋아하는 안무를 하나씩 배우며 즐거운 시간을 보내요.  신나는 음악이 들리면 어디서든 리듬을 타게 된답니다.","Have a great time learning your favorite dance moves one by one. Whenever exciting music plays, you'll find yourself moving to the rhythm wherever you are.","好きな振り付けを一つずつ学び、楽しい時間を過ごします。  楽しい音楽が聞こえたらどこでもリズムに乗ることになります。","尽情享受学习你最喜欢的舞蹈动作的乐趣吧！每当动感的音乐响起，你都会情不自禁地随着节奏舞动起来。","Chúc bạn có khoảng thời gian tuyệt vời khi học từng bước nhảy yêu thích. Mỗi khi có nhạc sôi động vang lên, bạn sẽ thấy mình nhún nhảy theo điệu nhạc dù đang ở bất cứ đâu.","ขอให้สนุกกับการเรียนรู้ท่าเต้นที่คุณชื่นชอบทีละท่า เมื่อใดก็ตามที่เสียงเพลงสนุกสนานดังขึ้น คุณจะพบว่าตัวเองกำลังขยับตัวไปตามจังหวะไม่ว่าคุณจะอยู่ที่ไหนก็ตาม","Получайте удовольствие, разучивая свои любимые танцевальные движения одно за другим. Под зажигательную музыку вы будете двигаться в ритме, где бы вы ни находились.","Nikmati waktu menyenangkan mempelajari gerakan tari favoritmu satu per satu. Kapan pun musik yang asyik dimainkan, kamu akan ikut bergerak mengikuti irama di mana pun kamu berada.","",""
"","Greeting_Hobby_Second","골프","Golf","ゴルフ","高尔夫","Golf","กอล์ฟ","Гольф","Golf","",""
"","Greeting_Hobby_Second_Desc_1","스윙하는 순간, 스트레스가 싹 날아가요!","The moment I swing, all my stress flies away!","スイングした瞬間、ストレスが一気に吹き飛びます！","挥杆的那一刻，所有的压力都烟消云散！","Khoảnh khắc vung gậy, mọi căng thẳng đều tan biến!","วินาทีที่สวิง วงสวิงจะพัดพาความเครียดหายไปในพริบตา!","В момент удара весь стресс улетучивается!","Saat mengayunkan stik golf, semua stres langsung hilang!","",""
"","Greeting_Hobby_Second_Desc_2","푸른 잔디 위에서 시원한 바람을 맞으며 여유롭게 스윙하는 순간이 정말 좋아요. \n
자연 속에서 골프를 즐기며 힐링하고, 멋진 골프웨어 스타일링도 함께 즐겨보세요!","I love swinging leisurely on green grass in the cool breeze. Heal yourself playing golf in nature, and enjoy stylish golf wear looks too!","青い芝生の上で爽やかな風を感じながらゆったりスイングする瞬間が大好きです。自然の中でゴルフを楽しみながら癒され、おしゃれなゴルフウェアも楽しんでみてください！","我很喜欢在绿茵场上迎着凉爽清风悠闲挥杆的时刻。在自然中享受高尔夫带来的治愈，同时也能体验时尚高尔夫穿搭的乐趣！","Mình rất thích cảm giác thảnh thơi vung gậy trên thảm cỏ xanh đón làn gió mát. Vừa chữa lành giữa thiên nhiên vừa diện trang phục golf sành điệu nhé!","ชอบช่วงเวลาที่ได้สวิงอย่างผ่อนคลายบนสนามหญ้าสีเขียวรับสายลมเย็นสบาย ได้ฮีลใจท่ามกลางธรรมชาติและสนุกกับการแต่งตัวชุดกอล์ฟสุดเท่ด้วยค่ะ!","Обожаю не спеша делать свинг на зеленом газоне под свежим ветерком. Наслаждайтесь отдыхом на природе за игрой в гольф и примеряйте стильные спортивные образы!","Aku sangat suka momen santai mengayun stik di atas rumput hijau berhembus angin sejuk. Rasakan ketenangan bermain golf di alam terbuka sekaligus tampil modis dengan pakaian golf!","",""
"","Greeting_Hobby_Third","테니스","tennis","テニス","网球","quần vợt","เทนนิส","теннис","tenis","",""
"","Greeting_Hobby_Third_Desc_1","테니스는 내 스트레스 해소법!","Tennis is my way of relieving stress!","テニスは私のストレス解消法！ ","网球是我释放压力的方法！ ","Tennis là cách giải tỏa căng thẳng của mình!","เทนนิสคือวิธีคลายเครียดของฉัน!","Теннис — мой способ снять стресс!","Tenis adalah cara melepas stresku!","",""
"","Greeting_Hobby_Third_Desc_2","랠리를 이어가며 한 점 한 점 승부를 즐기는 시간이 가장 행복해요. 친구들과 함께 경기를 하거나 새로운 기술을 연습하며 건강한 에너지를 충전한답니다.","I am happiest when I enjoy the match point by point while continuing the rally. I recharge my healthy energy by playing matches with friends or practicing new skills.","ラリーを続けて一点一点勝負を楽しむ時間が一番幸せです。友達と一緒に試合をしたり、新しいスキルを練習して健康なエネルギーを充電したりします。","我最快乐的时候，就是享受比赛的每一分，不断进行拉锯战。和朋友们一起比赛或者练习新技能，都能让我重新焕发活力。","Tôi cảm thấy hạnh phúc nhất khi tận hưởng từng điểm số của trận đấu và tiếp tục duy trì nhịp độ. Tôi nạp lại năng lượng bằng cách chơi các trận đấu với bạn bè hoặc luyện tập các kỹ năng mới.","ฉันมีความสุขที่สุดเมื่อได้สนุกกับแมตช์ทีละแต้มไปพร้อมกับการตีโต้กันอย่างต่อเนื่อง ฉันเติมพลังให้ตัวเองด้วยการเล่นแมตช์กับเพื่อนๆ หรือฝึกฝนทักษะใหม่ๆ","Я чувствую себя наиболее счастливым, когда наслаждаюсь каждым розыгрышем, продолжая игру. Я восстанавливаю свою энергию, играя в матчи с друзьями или оттачивая новые навыки.","Saya paling bahagia ketika menikmati setiap poin pertandingan sambil terus melanjutkan reli. Saya mengisi kembali energi saya dengan bermain pertandingan bersama teman-teman atau berlatih keterampilan baru.","",""
"","Greeting_Healthy_Habit_First","목·어깨","Neck and shoulders","首・肩","颈部和肩部","Cổ và vai","คอและไหล่","Шея и плечи","Leher dan bahu","",""
"","Greeting_Healthy_Habit_First_Desc_1","인사동을 즐기는 만큼 몸도 가볍게 풀어보세요.","Relax your body lightly as you enjoy Insadong.","仁寺洞を満喫する分、体も軽くほぐしてみましょう。","在尽情游览仁寺洞的同时，也来放松一下身体吧。","Vừa tận hưởng Insadong vừa thả lỏng cơ thể thật nhẹ nhàng nhé.","ผ่อนคลายร่างกายสบายๆ ไปพร้อมกับการเพลิดเพลินในอินซาดง","Наслаждаясь Инсадоном, снимите напряжение легкой разминкой.","Sembari menikmati Insadong, regangkan juga tubuhmu dengan ringan.","",""
"","Greeting_Healthy_Habit_First_Desc_2","인사동 곳곳을 둘러보며 쌓인 목과 어깨의 긴장을 가볍게 풀어보세요. 화면 속 동작을 천천히 따라 하며 몸을 리프레시하고, 더욱 편안하게 인사동을 즐겨보세요.","Gently ease tension built up in your neck and shoulders from sightseeing. Follow movements on screen to refresh yourself and enjoy Insadong more comfortably.","仁寺洞を巡って凝った首や肩の緊張を軽くほぐしましょう。画面の動きに合わせてリフレッシュし、より快適に仁寺洞を楽しんでください。","轻轻舒缓因游览仁寺洞而积累的颈肩疲劳。跟随屏幕动作慢慢伸展放松，焕发活力，更轻松舒适地畅游仁寺洞吧。","Hãy nhẹ nhàng giải tỏa căng cứng ở cổ và vai sau khi dạo quanh Insadong. Từ từ làm theo động tác trên màn hình để nạp lại năng lượng và tận hưởng chuyến đi thoải mái hơn.","คลายความตึงบริเวณคอและไหล่ที่สะสมจากการเดินเที่ยวอินซาดง ทำตามท่าทางบนหน้าจอช้าๆ เพื่อเติมความสดชื่นและเที่ยวอินซาดงอย่างสบายตัวยิ่งขึ้นค่ะ","Мягко разомните шею и плечи, уставшие после прогулки по Инсадону. Повторяйте движения с экрана, чтобы освежиться и продолжить знакомство с районом с комфортом.","Regangkan leher dan bahu yang kaku setelah berkeliling Insadong. Ikuti gerakan di layar secara perlahan untuk menyegarkan tubuh dan nikmati Insadong dengan lebih nyaman.","",""
"","Greeting_Healthy_Habit_Second","허리","waist","ウエスト","腰部","thắt lưng","เอว","талия","pinggang","",""
"","Greeting_Healthy_Habit_Second_Desc_1","지친 몸, 잠시 쉬어가세요.","Take a short break for your tired body.","疲れた体、少し休んでいきましょう。","疲惫的身体，不妨稍作休息。","Cơ thể mệt mỏi rồi, hãy nghỉ ngơi một chút nhé.","ร่างกายที่เหนื่อยล้า พักสักครู่กันนะคะ","Дайте немного отдохнуть уставшему телу.","Istirahatkan sejenak tubuh yang lelah.","",""
"","Greeting_Healthy_Habit_Second_Desc_2","인사동 곳곳을 둘러보느라 뻐근해진 몸을 가볍게 풀어보세요. 간단한 스트레칭으로 몸의 긴장을 풀고, 편안한 마음으로 인사동 여행을 이어가세요.","Lightly loosen up stiffness from exploring Insadong. Relieve tension with simple stretches and continue your Insadong journey with ease.","仁寺洞巡りでこわばった体を軽くほぐしましょう。簡単なストレッチで緊張を緩め、心地よい気分で旅を続けてください。","轻轻舒展因漫步仁寺洞而酸痛的身体。通过简单的拉伸动作放松紧绷肌肉，以轻松惬意的心情继续您的仁寺洞之旅。","Hãy thả lỏng cơ thể đang mỏi mệt sau khi khám phá các ngõ ngách Insadong. Giãn cơ đơn giản giúp giải tỏa căng thẳng và tiếp tục hành trình thật thoải mái.","ยืดเหยียดร่างกายที่เมื่อยล้าจากการเดินสำรวจอินซาดง ผ่อนคลายกล้ามเนื้อด้วยท่ายืดเส้นง่ายๆ แล้วเดินทางท่องเที่ยวอินซาดงต่ออย่างสบายใจ","Снимите напряжение в теле после долгих прогулок по улочкам Инсадона. Простая растяжка поможет расслабиться и продолжить путешествие с легкостью.","Ringankan tubuh yang pegal setelah menjelajahi sudut-sudut Insadong. Lakukan peregangan sederhana untuk melepas ketegangan dan lanjutkan wisata Insadong dengan nyaman.","",""
"","Greeting_Healthy_Habit_Third","기분전환","A change of pace","気分転換","节奏变化","Một sự thay đổi nhịp độ","การเปลี่ยนบรรยากาศ","Смена темпа","Perubahan suasana","",""
"","Greeting_Healthy_Habit_Third_Desc_1","잠시 멈춰, 기분 좋은 에너지를 채워보세요.","Pause for a moment and fill yourself with pleasant energy.","しばらく止まり、気持ちの良いエネルギーを満たしてください。","稍作停顿，让自己充满愉悦的情绪。","Hãy dừng lại một chút và lấp đầy bản thân bằng nguồn năng lượng tích cực.","หยุดพักสักครู่ แล้วเติมพลังแห่งความสุขให้กับตัวเอง","Остановитесь на мгновение и наполните себя приятной энергией.","Berhentilah sejenak dan isi dirimu dengan energi yang menyenangkan.","",""
"","Greeting_Healthy_Habit_Third_Desc_2","간단한 스트레칭을 따라 하며 긴장을 풀고, 여행 중 쌓인 피로를 자연스럽게 덜어보세요. 잠깐의 휴식이 여행을 더욱 즐겁게 만드는 특별한 시간이 될 거예요.","Follow simple stretches to relieve tension and naturally ease travel fatigue. A short break will make your trip even more memorable and enjoyable.","簡単なストレッチで緊張をほぐし、旅の疲れを心地よくリセット。ひと休みの時間が、旅をさらに楽しくする特別なひとときになります。","跟随简单的拉伸动作放松身心，自然缓解旅行中的疲惫。片刻的小憩将成为让旅程更加愉悦难忘的特别时光。","Làm theo bài tập giãn cơ đơn giản để xua tan mệt mỏi trong chuyến đi. Khoảnh khắc nghỉ ngơi ngắn ngủi sẽ biến hành trình thêm phần trọn vẹn và thú vị.","ยืดเส้นง่ายๆ ตามเพื่อคลายความเมื่อยล้าจากการเดินทาง การพักผ่อนเพียงครู่เดียวจะกลายเป็นช่วงเวลาพิเศษที่ทำให้ทริปสนุกยิ่งขึ้น","Повторяйте несложную растяжку, чтобы снять накопившуюся в поездке усталость. Небольшая пауза подарит силы и сделает путешествие еще приятнее.","Ikuti peregangan simpel untuk meredakan ketegangan dan lelah selama perjalanan. Istirahat sejenak ini akan membuat petualanganmu terasa makin menyenangkan.","",""
"","Greeting_Tag1","#INSA","#INSA","#INSA","#INSA","#INSA","#INSA","#INSA","#INSA","",""
"","Greeting_Tag2","#인사","#INSA","#インサ","#英莎","#INSA","#INSA","#INSA","#INSA","",""
"","Greeting_Tag3","#안녕 인사","#HelloINSA","#こんにちはINSA","#你好英莎","#ChàoINSA","#สวัสดีINSA","#ПриветINSA","#HaloINSA","",""
"","Transport_Subtitle","인사동을 올수 있는 다양한 방법을 알려드릴게요 ","* Let me show you the different ways you can get to Insa-dong","* 仁寺洞 へのさまざまなアクセス方法をご案内します","* 我来告诉你前往仁寺洞的多种方式","Mình sẽ hướng dẫn bạn các cách khác nhau để đến Insadong nhé!","ฉันจะแนะนำวิธีต่างๆ ในการเดินทางมายังอินซาดงให้ทราบค่ะ!","* Позвольте мне показать вам различные способы добраться до Инсадона","Aku bakal kasih tahu berbagai cara untuk pergi ke Insadong!","",""
"","Transport_Public","대중교통","Public Transportation","公共交通機関","公共交通","Giao thông công cộng","ขนส่งสาธารณะ","Общественный транспорт","Transportasi Umum","",""
"","Transport_Map","인사동지도","Insadong Map","仁寺洞マップ","仁寺洞地图","Bản đồ Insadong","แผนที่อินซาดง","Карта Инсадона","Peta Insadong","",""
"","Transport_Parking","주차장 안내","Parking Information","駐車場案内","停车场指南","Hướng dẫn bãi đỗ xe","ข้อมูลที่จอดรถ","Информация о парковке","Informasi Parkir","",""
"","Transport_SubwayAndBus","지하철/버스","Subway / Bus","地下鉄 / バス","地铁 / 公交车","Tàu điện ngầm / Xe buýt","รถไฟใต้ดิน / รถบัส","Метро / Автобус","Kereta Bawah Tanah / Bus","",""
"","Transport_SubwayContent_1","1호선 종각역 11번출구","Jonggak Exit 11","1号線 鐘閣駅 11番出口","1号线 钟阁站 11号出口","Tuyến 1, Ga Jonggak Cổng 11","สาย 1 สถานีจงกัก ทางออก 11","Станция Чонгак, выход 11","Jalur 1, Stasiun Jonggak Pintu Keluar 11","",""
"","Transport_SubwayContent_2","3호선 안국역 6번출구","Anguk Exit 6","3号線 安国駅 6番出口","3号线 安国站 6号出口","Tuyến 3, Ga Anguk Cổng 6","สาย 3 สถานีอันกุก ทางออก 6","Станция Ангук, выход 6","Jalur 3, Stasiun Anguk Pintu Keluar 6","",""
"","Transport_SubwayContent_3","5호선 종로3가역 5번출구","Jongno 3-ga Exit 5","5号線 鐘路3街駅 5番出口","5号线 钟路3街站 5号出口","Tuyến 5, Ga Jongno 3-ga Cổng 5","สาย 5 สถานีจงโน 3-กา ทางออก 5","Станция Чонно 3-га, выход 5","Jalur 5, Stasiun Jongno 3-ga Pintu Keluar 5","",""
"","Transport_BusContent_1","M4102, 5500, 9003, 9301, 9400,940, 9411","M4102, 5500, 9003, 9301, 9400, 940, 9411","M4102、5500、9003、9301、9400、940、9411","M4102、5500、9003、9301、9400、940、9411","M4102, 5500, 9003, 9301, 9400,940, 9411","M4102, 5500, 9003, 9301, 9400,940, 9411","M4102, 5500, 9003, 9301, 9400, 940, 9411","M4102, 5500, 9003, 9301, 9400,940, 9411","",""
"","Transport_BusContent_2","7212, 1020, 7022, 7025","7212, 1020, 7022, 7025","7212、1020、7022、7025","7212、1020、7022、7025","7212, 1020, 7022, 7025","7212, 1020, 7022, 7025","7212, 1020, 7022, 7025","7212, 1020, 7022, 7025","",""
"","Transport_BusContent_3","103,109, 143, 150, 151, 160, 161, 162, 171, 172, 260, 270, 271, 273, 370, 601, 606","103,109, 143, 150, 151, 160, 161, 162, 171, 172, 260, 270, 271, 273, 370, 601, 606","103,109, 143, 150, 151, 160, 161, 162, 171, 172, 260, 270, 271, 273, 370, 601, 606","103,109, 143, 150, 151, 160, 161, 162, 171, 172, 260, 270, 271, 273, 370, 601, 606","103,109, 143, 150, 151, 160, 161, 162, 171, 172, 260, 270, 271, 273, 370, 601, 606","103,109, 143, 150, 151, 160, 161, 162, 171, 172, 260, 270, 271, 273, 370, 601, 606","103,109, 143, 150, 151, 160, 161, 162, 171, 172, 260, 270, 271, 273, 370, 601, 606","103,109, 143, 150, 151, 160, 161, 162, 171, 172, 260, 270, 271, 273, 370, 601, 606","",""
"","Transport_MapInfo","한국의 전통문화를 접할 수 있는 서울의 대표 거리 인사동입니다.","Insadong is a representative street in Seoul where you can experience Korean traditional culture.","仁寺洞は、韓国の伝統文化を体験できるソウルの代表的な通りです。","仁寺洞是首尔具有代表性的街道，在这里可以体验韩国传统文化。","Chào mừng bạn đến với Insadong, con phố tiêu biểu của Seoul, nơi bạn có thể trải nghiệm văn hóa truyền thống Hàn Quốc.","อินซาดง ถนนสายหลักของโซลที่คุณจะได้สัมผัสกับวัฒนธรรมดั้งเดิมของเกาหลีค่ะ","Инсадон — это репрезентативная улица в Сеуле, где вы можете познакомиться с традиционной корейской культурой.","Insadong, jalan ikonik di Seoul tempat Anda bisa merasakan budaya tradisional Korea.","",""
"","Transport_MapContent_2","""WIT AI SMART KIOSK"" 설치장소","Installation Location of ""WIT AI SMART KIOSK""","「WIT AI SMART KIOSK」設置場所","""WIT AI SMART KIOSK"" 安装地点","Địa điểm lắp đặt ""WIT AI SMART KIOSK""","สถานที่ติดตั้ง ""WIT AI SMART KIOSK""","Место установки ""WIT AI SMART KIOSK""","Lokasi Pemasangan ""WIT AI SMART KIOSK""","",""
"","Transport_MapContent_3","1. 북인사 마당 앞  / 2. 인사동 쉼터(사거리) / 3. 남인사광장 앞","1. In front of Buk-Insa Yard / 2. Naminsa Rest Area / 3.In front of Naminsa Plaza","1. 北仁寺広場前 / 2.南仁寺休憩所 / 3. 南仁寺広場前","1. 北仁寺庭院前 / 2. 南仁寺休息区 / 3. 南仁寺广场前","Trước sân Bukinsadong / Khu nghỉ chân Insadong (Ngã tư) / Trước quảng trường Naminsadong","หน้าลานบุกอินซาดง / Khu nghỉ chân Insadong (Ngã tư) / หน้าลานกว้างนัมอินซาดง","1. Перед двором Бук-Инса / 2. Зона отдыха Наминса / 3. Перед площадью Наминса","Di depan Bukinsadong Madang / Area Istirahat Insadong (Persimpangan) / Di depan Naminsadong Plaza","",""
"","Transport_JongroPick","종로 Pick","Jongno Pick","チョンノPick","钟路Pick (Jongno Pick)","Lựa chọn hàng đầu tại Jongno","จงโน พิก (ที่เที่ยวแนะนำในจงโน)","Jongno Pick","Pilihan Terbaik Jongno","",""
"","Transport_Free","무료","Free","無料","免费","Miễn phí","ฟรี","Бесплатно","Gratis","",""
"","Transport_AppDetail","앱 상세정보","App Information","アプリ詳細情報","APP详细信息","Thông tin chi tiết ứng dụng","รายละเอียดแอป","Информация о приложении","Detail Aplikasi","",""
"","Transport_AppDetailContent","종로에는 종로Pick! 종로구 스마트 라이프앱 종로Pick을 통해
종로구의 실시간 정보와 행정서비스 이용이 가능해집니다.","Jongno has JongnoPick! With this smart life app, you can access  
real-time information and administrative services in Jongno-gu.","チョンノにはチョンノPick！このスマートライフアプリで、  
チョンノ区のリアルタイム情報や行政サービスが利用できます。","钟路就用钟路Pick！ 
通过这款智慧生活APP，可以获取钟路区的实时信息并使用行政服务。","Jongno Pick! Qua ứng dụng Jongno Pick, bạn có thể dùng dịch vụ hành chính và xem tin tức Jongno thực tế.","จงโนต้อง Jongno Pick! รับข้อมูลเรียลไทม์และบริการภาครัฐของจงโนได้ง่ายๆ ผ่านแอป Jongno Pick ค่ะ","В Чонно есть JongnoPick! С помощью этого умного приложения вы можете получить доступ к 
информации в реальном времени и административным услугам в районе Чонно-гу.","Jongno Pick! Akses info real-time dan layanan publik Jongno-gu melalui aplikasi smart life Jongno Pick.","",""
"","Transport_JongroPickService","종로 Pick 앱의 5대 주요 서비스","5 Main Services of the JongnoPick App","チョンノPickアプリの5大サービス","钟路Pick APP的五大服务","5 dịch vụ chính của ứng dụng Jongno Pick","5 บริการหลักของแอป Jongno Pick","5 основных услуг приложения JongnoPick","5 Layanan Utama Aplikasi Jongno Pick","",""
"","Transport_JongroPickServiceContent_1","공용주차장 실시간 주차정보","Real-time public parking availability  ","公共駐車場のリアルタイム情報  ","公共停车场实时信息","Thông tin đỗ xe công cộng thực tế","ข้อมูลที่จอดรถสาธารณะแบบเรียลไทม์","Наличие мест на общественных парковках в реальном времени","Info Parkir Umum Secara Real-time","",""
"","Transport_JongroPickServiceContent_2","SOS 긴급신고","SOS Emergency Alerts ","SOS緊急通報  ","SOS 紧急申报","Báo động khẩn cấp SOS","แจ้งเหตุฉุกเฉิน SOS","Экстренные оповещения SOS","Laporan Darurat SOS","",""
"","Transport_JongroPickServiceContent_3","정화조 청소예약, 건강이상 서비스 신청 등 민원서비스","Civil services like septic tank cleaning and health check requests 
"," 浄化槽清掃予約、健康異常サービス申請などの民願サービス  ","化粪池清理预约、健康异常服务申请等便民服务","Dịch vụ dân sự: Đặt lịch dọn bể phốt, dịch vụ y tế...","บริการจองล้างถังบำบัด, ขอรับบริการสุขภาพ และงานบริการรัฐ","Гражданские услуги, такие как очистка септиков и запросы на проверку здоровья 
","Layanan publik: Sedot septic tank, layanan kesehatan, dll.","",""
"","Transport_JongroPickServiceContent_4","프로그램 / 강좌"," Programs / Courses  ","プログラム / 講座  ","项目 / 讲座","Chương trình / Khóa học","โปรแกรม / คอร์สเรียน","Программы / Курсы","Program / Kursus","",""
"","Transport_JongroPickServiceContent_5","종로산책(골목길 탐방코스)","Jongno Walk (Alleyway Tour Courses)","チョンノ散歩（路地裏探訪コース）","钟路漫步（胡同探访路线）","Tản bộ Jongno (Khám phá ngõ nhỏ)","เดินเล่นจงโน (ทัวร์ตรอกซอกซอย)","Прогулка по Чонно (Маршруты по переулкам)","Jalan Jongno (Tur Gang Kecil)","",""
"","Exchange_Subtitle","인사동에 오신걸 환영합니다. 오늘의 환율 정보입니다. ","Welcome to Insadong. Here is today's exchange rate information.","仁寺洞へようこそ。本日の為替レート情報です。","欢迎来到仁寺洞。这是今日的汇率信息。","Chào mừng bạn đến với Insadong. Đây là thông tin tỷ giá hôm nay.","ยินดีต้อนรับสู่อินซาดง นี่คือข้อมูลอัตราแลกเปลี่ยนของวันนี้ค่ะ","Добро пожаловать в Инсадон. Информация о курсах валют на сегодня.","Selamat datang di Insadong. Berikut informasi nilai tukar hari ini.","",""
"","Exchange_tab_1","실시간 환율","Real-time","リアルタイム","实时","Thời gian thực","เรียลไทม์","Pеального времени","Waktu nyata","",""
"","Exchange_tab_2","환율 계산기","Calculator","計算機","计算器","Máy tính","เครื่องคิดเลข","Калькулятор","Kalkulator","",""
"","Exchange_desc_1","기준 환율","Standard exchange rate","基準為替レート","标准汇率","Tỷ giá hối đoái tiêu chuẩn","อัตราแลกเปลี่ยนมาตรฐาน","Стандартный обменный курс","Nilai tukar standar","",""
"","Exchange_desc_2","금액","amount","金額","数量","số lượng","จำนวน","количество","jumlah","",""
"","Exchange_desc_3","환전","currency exchange","両替","货币兑换","trao đổi tiền tệ","การแลกเปลี่ยนสกุลเงิน","обмен валюты","penukaran mata uang","",""
"","Taxfree_Subtitle1","텍스리펀드 서비스를 통해 텍스를 환급해가세요","Get your tax refunded through the tax refund service.","タックスリファンドで税金の払い戻しを受けましょう","通过退税服务机构获取退税。","Nhận lại tiền thuế của bạn thông qua dịch vụ hoàn thuế.","รับเงินคืนภาษีของคุณผ่านบริการคืนภาษี","Получите возврат налогов через службу возврата налогов.","Dapatkan pengembalian pajak Anda.","",""
"","Taxfree_Subtitle2","텍스프리 가맹점을 무상으로 신청하세요","Apply to become a tax-free merchant for free.","テックスフリー加盟店を無償で申請してください","免费申请成为免税商家。","Đăng ký cửa hàng miễn thuế, miễn phí.","สมัครเป็นผู้ค้าปลอดภาษีได้ฟรี","Станьте магазином Tax-Free бесплатно.","Daftar toko bebas pajak, gratis.","",""
"","Taxfree_Introduce","텍스프리 소개","About Tax-Free","免税サービス案内","免税服务介绍","Giới thiệu Tax Free","แนะนำแท็กซ์ฟรี (Tax Free)","О системе Tax-Free","Panduan Tax Free","",""
"","Taxfree_desc1","텍스리펀드 서비스를 통해 텍스를 환급해가세요","Get your tax refunded through the tax refund service.","テックスリファンドサービスを通じてテックスを払い戻してください。","通过退税服务机构获取退税。","Nhận lại tiền thuế của bạn thông qua dịch vụ hoàn thuế.","รับเงินคืนภาษีของคุณผ่านบริการคืนภาษี","Получите возврат налогов через службу возврата налогов.","Dapatkan pengembalian pajak Anda melalui layanan pengembalian pajak.","",""
"","Taxfree_desc2","외국인 관광객이 물품을 구입하고 출국하는 경우, 
 여행 중에 구매한 물품의 일정액 부가가치세를 돌려주는
 외국인 대상 세금 환급 제도로서 외국인 편의 향상을 위한 필수 서비스","As a tax refund system for foreigners that returns a certain amount of value-added tax on goods purchased during a trip when foreign tourists purchase items and depart the country, it is an essential service for enhancing convenience for foreigners.","外国人観光客が物品を購入して出国する場合、 
 旅行中に購入した商品の一定額の付加価値税を返す
 外国人対象税還付制度として外国人便宜向上のための必須サービス","作为一项针对外国人的退税制度，当外国游客在旅行期间购买商品并离境时，该制度会退还其在旅行期间购买商品的部分增值税，这是一项提高外国人出行便利性的必要服务。","Là một hệ thống hoàn thuế cho người nước ngoài, cho phép hoàn trả một khoản thuế giá trị gia tăng nhất định đối với hàng hóa mua trong chuyến đi khi khách du lịch nước ngoài mua hàng và rời khỏi đất nước, đây là một dịch vụ thiết yếu nhằm nâng cao sự thuận tiện cho người nước ngoài.","ระบบการคืนภาษีสำหรับชาวต่างชาติ ซึ่งจะคืนภาษีมูลค่าเพิ่มในจำนวนหนึ่งสำหรับสินค้าที่ซื้อระหว่างการเดินทาง เมื่อนักท่องเที่ยวต่างชาติซื้อสินค้าและเดินทางออกจากประเทศ ถือเป็นบริการที่สำคัญในการเพิ่มความสะดวกสบายให้กับชาวต่างชาติ","Система возврата налогов для иностранцев, которая предусматривает возврат определенной суммы налога на добавленную стоимость, уплаченного за товары, приобретенные во время поездки, когда иностранные туристы покупают товары и покидают страну, является важной услугой, повышающей удобство для иностранцев.","Sebagai sistem pengembalian pajak bagi warga asing yang mengembalikan sejumlah pajak pertambahan nilai (PPN) atas barang yang dibeli selama perjalanan ketika wisatawan asing membeli barang dan meninggalkan negara tersebut, ini merupakan layanan penting untuk meningkatkan kenyamanan bagi warga asing.","",""
"","Taxfree_Apply","세금 환급 신청","Tax-Free","免税申請","申请退税","Hoàn thuế","ขอคืนภาษี","Заявка на возврат налога","Pengajuan Refund Pajak","",""
"","Taxfree_Enroll","텍스프리 가맹점 신청","Apply Tax-Free","免税加盟店申請","申请免税加盟店","Đăng ký cửa hàng","สมัครร้านค้าสมาชิก","Регистрация торговой точки","Pendaftaran Merchant","",""
"","Photo_HanbokTry","AR 한복체험  ","AR Hanbok Try-On","AR 韓服 体験","Ar 韩服 体验","Trải nghiệm Hanbok AR","ลองชุดฮันบก AR","Примерка ханбока в AR","Pengalaman Hanbok AR","","아이콘20"
"","Photo_HanbokSelect","의상 선택하기","Choose Hanbok","韓服を選ぶ","选择韩服","Chọn Hanbok/Trang phục","เลือกชุดฮันบก/เครื่องแต่งกาย","Выбор ханбока/костюма","Pilih Hanbok/Busana","","아이콘20"
"","Photo_HanbokSelectContent","원하시는 의상을 고르고 선택 완료 버튼을 누른뒤 사진촬영 버튼을 눌러주세요 ","Please choose your desired costume and press the ""Complete Selection"" button","お好きな衣装を選んで「選択完了」ボタンを押してください","请选择您喜欢的服装，然后点击“完成选择”按钮","Chọn trang phục, nhấn 'Đã chọn xong' rồi nhấn 'Chụp ảnh'.","เลือกชุดที่ชอบ กด 'เลือกเสร็จแล้ว' แล้วกด 'ถ่ายภาพ' ค่ะ","Выберите желаемый костюм, нажмите кнопку «Выбор завершен», а затем нажмите кнопку «Сделать фото».","Pilih busana, tekan 'Selesai Memilih' lalu 'Ambil Foto'.","","아이콘20"
"","Photo_SelectConfirm","선택 완료","Complete Selection","選択完了","完成选择","Đã chọn xong","เลือกเสร็จแล้ว","Выбор завершен","Selesai Memilih","","아이콘20"
"","Photo_SelectAlone","사진촬영 (혼자찍기)","Solo Shot","ひとりで撮影","单人拍摄","Chụp ảnh (Chụp một mình)","ถ่ายรูป (ถ่ายคนเดียว)","Фотосъемка (один)","Foto (Sendiri)","","아이콘20"
"","Photo_SelectTogether","사진촬영 (with '인사')","With ‘Insa’","「インサ」と一緒に","与“INSA”一起","Chụp ảnh (cùng Insa)","ถ่ายรูป (กับอินซา)","Фотосъемка (с «Инса»)","Foto (bersama Insa)","","아이콘20"
"","Photo_TakePhoto","사진촬영 안내","Photo Shoot Guide","写真撮影のご案内","拍照指南","Hướng dẫn chụp ảnh","คำแนะนำในการถ่ายภาพ","Руководство по фотосъемке","Panduan Pengambilan Foto","","아이콘20"
"","Photo_TakePhotoContent","• 사진촬영 버튼을 누르고 좌측 카메라에 얼굴을 바라봐주세요.  
   10초후 촬영이 시작됩니다. 결과물이 나오면 QR이 제공됩니다. 
   QR에 핸드폰 카메라를 담으시면 핸드폰에 저장됩니다.  ","• Press Photo and look at the left camera. 
   The photo will be taken in 10 seconds. Save it to your phone. ","• 撮影を押して左のカメラを見てください。
   10秒後に開始し、結果は左と前の画面に表示されます。","• 按拍照按钮并看向左侧摄像头，10秒后开始拍摄。
   结果会显示在左侧和前方屏幕。","• Nhấn nút chụp và nhìn vào camera bên trái.
Chụp sau 10 giây. Sau đó mã QR sẽ hiện ra.
Quét mã QR bằng điện thoại để lưu ảnh.","• กดปุ่มถ่ายภาพแล้วมองไปที่กล้องทางซ้ายค่ะ
จะเริ่มถ่ายใน 10 วินาที และมี QR ปรากฏขึ้น
สแกน QR ด้วยมือถือเพื่อบันทึกรูปค่ะ","• Нажмите кнопку съемки и посмотрите в левую камеру.
Съемка начнется через 10 секунд. После завершения появится QR-код.
Отсканируйте QR-код камерой телефона, чтобы сохранить фото на устройство.","• Tekan tombol foto dan lihat kamera di sisi kiri.
Foto dimulai dlm 10 detik. QR akan muncul setelahnya.
Scan QR dengan ponsel untuk menyimpan foto.","","아이콘20"
"","Photo_PrivacyPolicy","[개인정보활용동의]","[Consent to Use of Personal Information]","[個人情報利用同意]","[同意使用个人信息]","[Đồng ý dùng thông tin cá nhân]","[ยินยอมการใช้ข้อมูลส่วนบุคคล]","[Согласие на обработку персональных данных]","[Persetujuan Data Pribadi]","","아이콘20"
"","Photo_PrivacyPolicyContent","개인정보 처리방침
1. 개인정보의 수집 항목 및 방법
당사는 서비스 제공을 위해 아래와 같은 개인정보를 수집합니다:
필수 항목: 사진 파일 및 관련 메타데이터
수집 방법: 사용자가 키오스크에서 의상을 선택후 사진촬영을 통해 생성되는 합성 사진 정보 

2. 개인정보의 수집 및 이용 목적
당사는 수집한 개인정보를 다음과 같은 목적을 위해 이용합니다:
서비스 제공: 사용자에게 사진 합성 사진 데이터 제공 
알림 및 마케팅: 이벤트, 프로모션, 광고 등 사용자 맞춤형 정보를 제공하기 위한 활용

3. 개인정보의 보유 및 이용 기간
당사는 사용자의 개인정보를 수집한 목적을 달성할 때까지 보유하며, 이용 목적이 달성된 후에는 즉시 안전하게 파기합니다. 사용자가 탈퇴를 요청하거나 이용을 중단할 경우에도 개인정보는 관련 법령에 따라 일정 기간 보유한 후 파기됩니다.

4. 개인정보의 제3자 제공
당사는 사용자의 개인정보를 원칙적으로 제3자에게 제공하지 않습니다. 다만, 다음과 같은 경우에 한해 개인정보를 제공할 수 있습니다:
법적 의무: 법령에 의한 요구나 법적 절차에 따르는 경우
서비스 제공을 위한 제휴사: 기능 및 프로모션 제공을 위해 필요한 외부 업체와의 협력 시, 최소한의 개인정보를 공유할 수 있습니다.
사용자의 사전 동의: 사용자가 동의한 경우에 한해 개인정보를 제공할 수 있습니다.

5. 개인정보의 안전성 확보 조치
당사는 사용자의 개인정보를 보호하기 위해 다음과 같은 조치를 취하고 있습니다:
데이터 암호화: 개인정보를 암호화하여 저장하고 전송합니다.
접근 제한: 개인정보에 대한 접근을 필요한 직원 및 제휴사로 제한합니다.
보안 업데이트: 정기적인 보안 점검 및 업데이트를 통해 시스템의 취약점을 방지합니다.

6. 개인정보 처리방침의 변경
본 개인정보 처리방침은 법적 요구사항이나 서비스 변경에 따라 수정될 수 있습니다. 변경 사항이 있을 경우, 변경된 사항을 앱 내 또는 웹사이트를 통해 고지합니다.

7. 개인정보 보호 담당자
담당자: 진현욱 
연락처: company@witworldwide.com

","Privacy Policy  
1.Items and Collection Method
We collect essential information such as photo files and related metadata when users select costumes and take photos at the kiosk, generating composite images.

2. Purpose of Collection and Use
Collected data is used to provide the composite photo service and deliver personalized notifications like events, promotions, and advertisements.
  
3. Retention Period
Personal information is securely deleted once the collection purpose is fulfilled. If users withdraw or stop using the service, data is deleted except where retention is required by law.
  
4. Provision to Third Parties
Information is generally not shared with third parties, except when legally required, shared minimally with service partners for features and promotions, or with the user’s prior consent.
  
5. Safety Measures
We encrypt personal data for storage and transmission, restrict access to authorized staff and partners, and perform regular security checks and updates.

6. Changes to Privacy Policy  
This policy may change according to legal or service changes.  
All updates will be notified through the app or website.  
  
7. Personal Information Manager  
Manager: Jay Jin
Contact: company@witworldwide.com  
","個人情報取扱方針  
1. 収集項目および方法  
当社は以下のような個人情報をサービス提供のために収集します：  
必須項目：写真ファイルおよび関連メタデータ  
収集方法：キオスクで衣装選択後に撮影される合成写真  
  
2. 利用目的  
当社は収集した個人情報を以下の目的で利用します：  
サービス提供：合成写真データの提供  
お知らせとマーケティング：イベント、プロモーション、広告などの情報提供  
  
3. 保有および利用期間  
当社は収集目的が達成されるまで個人情報を保有します。  
目的が完了した後は速やかに安全に削除します。  
ユーザーが利用を中止または退会を希望した場合も、  
法令に従って一定期間保有した後に削除します。  
  
4. 第三者提供  
原則として第三者への提供は行いません。  
ただし、以下の場合に限り提供することがあります：  
法的義務：法律や法的手続きにより必要な場合  
サービス提供のための提携先：  
機能やプロモーションを実現するため、必要最小限の情報を共有する場合  
ユーザーの事前同意：同意を得た場合のみ提供します  
  
5. 安全対策  
当社は以下の措置を講じています：  
データ暗号化：保存・送信時に暗号化  
アクセス制限：必要なスタッフ・提携先に限定  
セキュリティ更新：定期的な点検と更新  
  
6. 政策の変更  
本ポリシーは法的要件やサービス変更により修正される場合があります。  
変更時にはアプリまたはウェブサイトでお知らせします。  
  
7. 個人情報保護責任者  
担当者：Jay Jin
連絡先：company@witworldwide.com  ","隐私政策  
1. 收集的项目与方式  
为提供服务，我们收集以下个人信息：  
必填信息：照片文件及相关元数据  
收集方式：用户在自助机选择服装并拍照生成的合成图片信息  
  
2. 收集与使用目的  
我们将所收集的信息用于以下目的：  
服务提供：为用户提供合成照片数据  
通知和营销：用于提供活动、促销和广告等个性化信息  
  
3. 信息保留与使用期限  
我们会保留信息直到目的达成，  
一旦完成，将立即安全删除。  
若用户请求注销或停止使用，  
信息将根据法律保留一定期限后删除。  
  
4. 向第三方提供  
我们原则上不会将个人信息提供给第三方。  
但在以下情况下可能提供：  
法律义务：法律或司法程序要求时  
服务合作伙伴：为了提供功能或活动，  
与外部合作伙伴共享最少必要的信息  
用户同意：仅在用户同意的前提下共享  
  
5. 信息安全措施  
我们采取以下措施保障信息安全：  
数据加密：加密存储与传输用户数据  
访问限制：限制信息访问仅限授权人员  
安全更新：定期检查并更新系统安全  
  
6. 隐私政策变更  
本政策可能因法律或服务变更而修改，  
所有更改将通过应用或网站公告通知。  
  
7. 个人信息负责人  
负责人：Jay jin
联系方式：company@witworldwide.com  ","[Tiếng Việt]Chính sách xử lý thông tin cá nhân

1. Các mục và phương pháp thu thập thông tin cá nhân
Công ty thu thập các thông tin cá nhân sau đây để cung cấp dịch vụ:
Mục bắt buộc: File ảnh và siêu dữ liệu liên quan
Phương pháp thu thập: Thông tin ảnh tổng hợp được tạo ra thông qua việc chụp ảnh sau khi người dùng chọn trang phục tại kiosk.
2. Mục đích thu thập và sử dụng thông tin cá nhân
Công ty sử dụng thông tin cá nhân đã thu thập cho các mục đích sau:
Cung cấp dịch vụ: Cung cấp dữ liệu ảnh tổng hợp cho người dùng
Thông báo và Tiếp thị: Sử dụng để cung cấp thông tin tùy chỉnh cho người dùng như sự kiện, chương trình khuyến mãi, quảng cáo.
3. Thời hạn lưu trữ và sử dụng thông tin cá nhân
Công ty lưu giữ thông tin cá nhân của người dùng cho đến khi đạt được mục đích thu thập và sẽ hủy bỏ một cách an toàn ngay sau khi mục đích sử dụng được hoàn thành. Ngay cả khi người dùng yêu cầu rút khỏi dịch vụ hoặc ngừng sử dụng, thông tin cá nhân vẫn được lưu giữ trong một thời gian nhất định theo các quy định pháp luật liên quan trước khi bị hủy bỏ.
4. Cung cấp thông tin cá nhân cho bên thứ ba
Về nguyên tắc, công ty không cung cấp thông tin cá nhân của người dùng cho bên thứ ba. Tuy nhiên, thông tin cá nhân có thể được cung cấp trong các trường hợp sau:
Nghĩa vụ pháp lý: Theo yêu cầu của pháp luật hoặc tuân theo các thủ tục pháp lý.
Đối tác cung cấp dịch vụ: Khi hợp tác với các đơn vị bên ngoài cần thiết để cung cấp tính năng và chương trình khuyến mãi, có thể chia sẻ thông tin cá nhân ở mức tối thiểu.
Sự đồng ý trước của người dùng: Chỉ cung cấp thông tin cá nhân khi người dùng đã đồng ý.
5. Biện pháp đảm bảo tính an toàn của thông tin cá nhân
Công ty đang thực hiện các biện pháp sau để bảo vệ thông tin cá nhân của người dùng:
Mã hóa dữ liệu: Lưu trữ và truyền tải thông tin cá nhân dưới dạng mã hóa.
Hạn chế truy cập: Hạn chế quyền truy cập vào thông tin cá nhân đối với những nhân viên và đối tác cần thiết.
Cập nhật bảo mật: Ngăn ngừa các lỗ hổng hệ thống thông qua kiểm tra và cập nhật bảo mật định kỳ.
6. Thay đổi chính sách xử lý thông tin cá nhân
Chính sách xử lý thông tin cá nhân này có thể được sửa đổi tùy theo yêu cầu pháp lý hoặc thay đổi dịch vụ. Nếu có thay đổi, nội dung thay đổi sẽ được thông báo qua ứng dụng hoặc trang web.
7. Người phụ trách bảo vệ thông tin cá nhân
Người phụ trách: Jin Hyeon-uk","[ภาษาไทย]
นโยบายการจัดการข้อมูลส่วนบุคคล
1. รายการและวิธีการเก็บรวบรวมข้อมูลส่วนบุคคล
บริษัทเก็บรวบรวมข้อมูลส่วนบุคคลดังต่อไปนี้เพื่อให้บริการ:
รายการที่จำเป็น: ไฟล์รูปภาพและข้อมูลเมตาที่เกี่ยวข้อง
วิธีการเก็บรวบรวม: ข้อมูลภาพถ่ายที่สร้างขึ้นจากการถ่ายภาพหลังจากที่ผู้ใช้เลือกชุดที่ตู้คีออสก์
2. วัตถุประสงค์ในการเก็บรวบรวมและใช้ข้อมูลส่วนบุคคล
บริษัทใช้ข้อมูลส่วนบุคคลที่เก็บรวบรวมเพื่อวัตถุประสงค์ดังต่อไปนี้:
การให้บริการ: ให้ข้อมูลภาพถ่ายแก่ผู้ใช้
การแจ้งเตือนและการตลาด: ใช้เพื่อให้ข้อมูลที่ปรับให้เหมาะกับผู้ใช้ เช่น กิจกรรม โปรโมชั่น และการโฆษณา
3. ระยะเวลาการเก็บรักษาและการใช้ข้อมูลส่วนบุคคล
บริษัทจะเก็บรักษาข้อมูลส่วนบุคคลของผู้ใช้จนกว่าจะบรรลุวัตถุประสงค์ในการเก็บรวบรวม และจะทำลายทิ้งอย่างปลอดภัยทันทีหลังจากบรรลุวัตถุประสงค์การใช้งาน แม้ว่าผู้ใช้จะขอยกเลิกหรือหยุดใช้งาน ข้อมูลส่วนบุคคลจะถูกเก็บรักษาไว้เป็นระยะเวลาหนึ่งตามกฎหมายที่เกี่ยวข้องก่อนที่จะถูกทำลาย
4. การให้ข้อมูลส่วนบุคคลแก่บุคคลที่สาม
โดยหลักการแล้วบริษัทจะไม่ให้ข้อมูลส่วนบุคคลของผู้ใช้แก่บุคคลที่สาม อย่างไรก็ตาม อาจมีการให้ข้อมูลส่วนบุคคลในกรณีดังต่อไปนี้เท่านั้น:
ภาระผูกพันตามกฎหมาย: ในกรณีที่มีการร้องขอตามกฎหมายหรือปฏิบัติตามขั้นตอนทางกฎหมาย
พันธมิตรสำหรับการให้บริการ: เมื่อร่วมมือกับบริษัทภายนอกที่จำเป็นสำหรับการจัดหาฟังก์ชันและโปรโมชั่น อาจมีการแบ่งปันข้อมูลส่วนบุคคลขั้นต่ำ
ความยินยอมล่วงหน้าของผู้ใช้: อาจมีการให้ข้อมูลส่วนบุคคลเฉพาะในกรณีที่ผู้ใช้ยินยอมเท่านั้น
5. มาตรการรักษาความปลอดภัยของข้อมูลส่วนบุคคล
บริษัทดำเนินมาตรการดังต่อไปนี้เพื่อปกป้องข้อมูลส่วนบุคคลของผู้ใช้:
การเข้ารหัสข้อมูล: เข้ารหัสข้อมูลส่วนบุคคลในการจัดเก็บและส่งต่อ
การจำกัดการเข้าถึง: จำกัดการเข้าถึงข้อมูลส่วนบุคคลเฉพาะพนักงานและพันธมิตรที่จำเป็นเท่านั้น
การอัปเดตความปลอดภัย: ป้องกันช่องโหว่ของระบบผ่านการตรวจสอบความปลอดภัยและการอัปเดตเป็นประจำ
6. การเปลี่ยนแปลงนโยบายการจัดการข้อมูลส่วนบุคคล
นโยบายการจัดการข้อมูลส่วนบุคคลนี้อาจได้รับการแก้ไขตามข้อกำหนดทางกฎหมายหรือการเปลี่ยนแปลงบริการ หากมีการเปลี่ยนแปลงจะมีการแจ้งการเปลี่ยนแปลงผ่านแอปหรือเว็บไซต์
7. เจ้าหน้าที่คุ้มครองข้อมูลส่วนบุคคล
เจ้าหน้าที่: Jin Hyeon-uk
ติดต่อ: company@witworldwide.com","Политика конфиденциальности
1. Собираемые данные и метод сбора
Мы собираем необходимую информацию, такую как файлы фотографий и связанные метаданные, когда пользователи выбирают костюмы и делают снимки в киоске, создавая комбинированные изображения.

2. Цель сбора и использования
Собранные данные используются для предоставления услуг по созданию комбинированных фотографий, а также для отправки персонализированных уведомлений, таких как информация о мероприятиях, рекламных акциях и объявлениях.

3. Срок хранения
Персональные данные надежно удаляются после достижения целей сбора. Если пользователь отзывает согласие или прекращает использование сервиса, данные удаляются, за исключением случаев, когда их хранение требуется по закону.

4. Предоставление третьим лицам
Информация, как правило, не передается третьим лицам, за исключением случаев, предусмотренных законом, минимального совместного использования с партнерами для предоставления функций и рекламных акций или с предварительного согласия пользователя.

5. Меры безопасности
Мы шифруем персональные данные при хранении и передаче, ограничиваем доступ только для уполномоченного персонала и партнеров, а также проводим регулярные проверки и обновления безопасности.

6. Изменения в политике конфиденциальности
Настоящая политика может меняться в соответствии с изменениями в законодательстве или работе сервиса. Все обновления будут публиковаться в приложении или на веб-сайте.

7. Ответственный за защиту персональных данных
Ответственный: Jay Jin
Контакты: company@witworldwide.com","[ Bahasa Indonesia]
Kebijakan Pemrosesan Informasi Pribadi
1. Item dan Metode Pengumpulan Informasi Pribadi
Perusahaan mengumpulkan informasi pribadi berikut untuk menyediakan layanan:
Item Wajib: File foto dan metadata terkait
Metode Pengumpulan: Informasi foto komposit yang dihasilkan melalui pengambilan foto setelah pengguna memilih kostum di kios.
2. Tujuan Pengumpulan dan Penggunaan Informasi Pribadi
Perusahaan menggunakan informasi pribadi yang dikumpulkan untuk tujuan berikut:
Penyediaan Layanan: Menyediakan data foto komposit kepada pengguna
Pemberitahuan dan Pemasaran: Penggunaan untuk memberikan informasi yang disesuaikan dengan pengguna seperti acara, promosi, dan iklan.
3. Masa Retensi dan Penggunaan Informasi Pribadi
Perusahaan menyimpan informasi pribadi pengguna hingga tujuan pengumpulan tercapai, dan segera memusnahkannya dengan aman setelah tujuan penggunaan tercapai. Bahkan jika pengguna meminta penarikan atau berhenti menggunakan layanan, informasi pribadi akan disimpan untuk jangka waktu tertentu sesuai dengan undang-undang terkait dan kemudian dimusnahkan.
4. Penyediaan Informasi Pribadi kepada Pihak Ketiga
Pada prinsipnya, perusahaan tidak memberikan informasi pribadi pengguna kepada pihak ketiga. Namun, informasi pribadi dapat diberikan hanya dalam kasus-kasus berikut:
Kewajiban Hukum: Dalam hal permintaan berdasarkan undang-undang dan peraturan atau mengikuti prosedur hukum.
Mitra Penyedia Layanan: Saat bekerja sama dengan perusahaan eksternal yang diperlukan untuk menyediakan fitur dan promosi, informasi pribadi minimum dapat dibagikan.
Persetujuan Sebelumnya dari Pengguna: Informasi pribadi hanya dapat diberikan jika pengguna menyetujuinya.
5. Langkah-langkah Menjamin Keamanan Informasi Pribadi
Perusahaan mengambil langkah-langkah berikut untuk melindungi informasi pribadi pengguna:
Enkripsi Data: Mengenkripsi informasi pribadi untuk disimpan dan dikirimkan.
Pembatasan Akses: Membatasi akses ke informasi pribadi hanya untuk karyawan dan mitra yang diperlukan.
Pembaruan Keamanan: Mencegah kerentanan sistem melalui pemeriksaan dan pembaruan keamanan rutin.
6. Perubahan Kebijakan Pemrosesan Informasi Pribadi
Kebijakan Pemrosesan Informasi Pribadi ini dapat diubah sesuai dengan persyaratan hukum atau perubahan layanan. Jika ada perubahan, hal-hal yang diubah akan diberitahukan melalui aplikasi atau situs web.
7. Petugas Perlindungan Informasi Pribadi
Petugas: Jin Hyeon-uk
Kontak: company@witworldwide.com","","아이콘20"
"","Photo_Start","촬영시작","Start Shooting","撮影開始","开始拍摄","Bắt đầu chụp","เริ่มถ่ายภาพ","Начать съемку","Mulai Ambil Foto","","아이콘20"
"","Photo_QRExplain","사진을 저장하려면 <color=#FE6C50>QR을 카메라로 찍어주세요!</color>","To save your photo, <color=#FE6C50>scan the QR!</color>","写真を保存するには<color=#FE6C50>QRコードをスキャンしてください！</color>","若要保存照片，请<color=#FE6C50>扫描二维码！</color>","Quét mã QR để lưu ảnh của bạn!","สแกนคิวอาร์โค้ดเพื่อบันทึกรูปภาพค่ะ!","Чтобы сохранить фото, <color=#FE6C50>отсканируйте QR-код!</color>","Scan kode QR untuk menyimpan foto Anda!","","아이콘20"
"","Photo_Save","저장하기","Save","保存","保存","Lưu lại","บันทึก","Сохранить","Simpan","","아이콘20"
"","Photo_Home","다시찍기","Try Again","再撮影","重拍","Chụp lại","ถ่ายใหม่","Переснять","Ulangi Foto","","아이콘20"
"","Photo_SNS","QR을 통해서 내 핸드폰에 저장하고 다양한 SNS에 올려보세요 
한복 착장에 관한 이벤트가 준비중이니 많은 참여 바랍니다. ","Scan the QR to save and share on socials! Stay tuned for our Hanbok event.","QRで保存してSNSにシェア！韓服イベントも準備中なのでお楽しみに。","扫码保存并分享至社交平台！韩服活动筹备中，敬请期待。","Lưu về máy qua QR và chia sẻ lên mạng xã hội.
Sắp có sự kiện thử Hanbok, hãy cùng tham gia nhé!","บันทึกรูปผ่าน QR และแชร์ลงโซเชียลกันนะคะ
กิจกรรมลองชุดฮันบกกำลังจะเริ่ม เชิญมาร่วมสนุกค่ะ","Сохраните фото на телефон с помощью QR-кода и делитесь им в социальных сетях!\nГотовится мероприятие по примерке ханбоков, надеемся на ваше активное участие.","Simpan ke ponsel via QR dan bagikan ke Sosmed.
Event Hanbok segera hadir, ayo ikutan!","","아이콘20"
"","Photo_Wait","잠시만 기다려주세요!","Please wait a moment!","少々お待ちください！","请稍候！","Vui lòng đợi trong giây lát!","กรุณารอสักครู่ค่ะ!","Пожалуйста, подождите немного!","Mohon tunggu sebentar!","",""
"","Photo_Game_Title","게임","Game","ゲーム","游戏","Trò chơi","เกม","Игра","Game","",""
"","Photo_Game_desc1","기다리는 동안 게임을 즐겨보세요!","Enjoy a game while you wait!","待ち時間にゲームをお楽しみください！","等待期间不妨玩个游戏吧！","Hãy cùng chơi game trong lúc chờ đợi nhé!","เพลิดเพลินกับเกมระหว่างรอได้เลยค่ะ!","Сыграйте в игру, пока ждете!","Nikmati permainan sambil menunggu!","",""
"","Photo_Game_1","틀린 그림 찾기","Spot the Difference","間違い探し","大家来找茬","Tìm điểm khác biệt","จับผิดภาพ","Найди отличия","Cari Perbedaan","",""
"","Photo_Game_1_desc1","두 그림에서 다른 곳을 찾아보세요!","Find the differences between the two pictures!","2つの絵から違うところを見つけてみてください！","找出两幅画中的不同之处吧！","Hãy tìm điểm khác nhau giữa hai bức tranh!","หาจุดที่แตกต่างกันในภาพทั้งสองรูปค่ะ!","Найдите различия между двумя картинками!","Temukan perbedaan antara kedua gambar!","",""
"","Photo_Game_Type_1","터치 게임","Touch Game","タッチゲーム","触摸游戏","Trò chơi chạm","เกมสัมผัส","Сенсорная игра","Game Sentuh","",""
"","Photo_Game_1_Play_desc1","기다리는 동안 틀린 그림을 찾아보세요!","Spot the differences while you wait!","待ち時間の間に間違いを探してみてください！","在等待的过程中找出不同之处吧！","Hãy tìm các điểm khác biệt trong khi chờ đợi nhé!","ค้นหาจุดจับผิดภาพระหว่างรอนะคะ!","Найдите отличия, пока ждете!","Temukan perbedaan gambar sambil menunggu!","",""
"","Photo_Game_1_show_hint","힌트","Hint","ヒント","提示","Gợi ý","คำใบ้","Подсказка","Petunjuk","",""
"","Photo_Game_show_result","결과 보기","View Results","結果を見る","查看结果","Xem kết quả","ดูผลลัพธ์","Посмотреть результат","Lihat Hasil","",""
"","Photo_Game_popup_title_success","다 찾았어요!","Found them all!","全部見つけました！","全部找到了！","Đã tìm thấy tất cả!","หาเจอครบแล้วค่ะ!","Все найдены!","Berhasil temukan semua!","",""
"","Photo_Game_popup_title_failed","아쉬워요","Almost had it!","惜しい！","太可惜了","Tiếc quá","น่าเสียดายจัง","Не повезло","Kurang beruntung","",""
"","Photo_Game_popup_desc_result","개를 찾았어요","found","個見つけました","个找到了","điểm đã tìm thấy","จุดที่เจอ","найдено","berhasil ditemukan","",""
"","Photo_popup_title_Complete","사진이 완성됐어요!","Your photo is ready!","写真が完成しました！","照片制作完成！","Ảnh của bạn đã hoàn thành!","รูปถ่ายเสร็จเรียบร้อยแล้วค่ะ!","Фотография готова!","Foto Anda sudah selesai!","",""
"","Photo_popup_desc_Complete","게임을 계속하다가 원할 때 사진을 봐도 돼요","You can keep playing and view the photo whenever you want.","ゲームを続けて、見たいときにいつでも写真を確認できます。","您可以继续玩游戏，并随时查看照片。","Bạn có thể tiếp tục chơi và xem ảnh bất cứ khi nào muốn.","เล่นเกมต่อแล้วเปิดดูรูปภาพเมื่อไหร่ก็ได้ที่ต้องการค่ะ","Вы можете продолжить игру и посмотреть фото в любое время.","Anda bisa lanjut bermain dan melihat foto kapan pun Anda mau.","",""
"","Photo_Game_popup_button1","계속 게임하기","Keep Playing","ゲームを続ける","继续游戏","Tiếp tục chơi","เล่นเกมต่อ","Продолжить игру","Lanjut Bermain","",""
"","Photo_Game_popup_button2","사진 보기","View Photo","写真を見る","查看照片","Xem ảnh","ดูรูปถ่าย","Посмотреть фото","Lihat Foto","",""
"","Photo_Game_popup_button3","한 판 더!","Play Again!","もう一回！","再玩一局！","Chơi ván nữa!","เล่นอีกรอบ!","Еще раунд!","Main Lagi!","",""
"","Photo_Game_popup_button4","다른 게임","Another Game","別のゲーム","其他游戏","Trò chơi khác","เกมอื่น","Другая игра","Game Lain","",""
"","HanbokExplain_HanbokDesigner","WITH의 모든 한복은 박술녀 한복입니다.","All hanboks at WITH are crafted by Park Sulnyeo Hanbok.","WITHのすべての韓服はパク・スルニョ韓服です。","WITH的所有韩服均出自朴洙烈韩服。","Tất cả Hanbok tại WITH đều là Hanbok của Park Sul-nyeo.","ชุดฮันบกทั้งหมดที่ WITH เป็นชุดฮันบกจาก พัคซุลนยอ","Все ханбоки в WITH предоставлены брендом Park Sulnyeo Hanbok.","Semua Hanbok di WITH adalah karya Park Sul-nyeo Hanbok.","","아이콘20"
"","HanbokExplain_Header","한복 설명","Hanbok Guide","韓服の説明","韩服介绍","Giới thiệu Hanbok","ข้อมูลเกี่ยวกับชุดฮันบก","Описание ханбока","Penjelasan Hanbok","",""
"","HanbokExplain_Content","한복은 한국 전통 의복으로, 오랜 역사와 전통을 가진 옷입니다.
한복은 고유의 아름다움과 독특한 디자인으로 한국 문화를 대표하는  상징 중 하나로 
여겨지며, 특별한 행사나 명절 때 주로 착용됩니다. 
직선적인 서양 복식과 달리, 한복은 부드럽게 흐르는 선과 넉넉한 옷자락이 특징입니다. 
전통적으로, 한복의 색은 사회적 지위, 연령, 계절 등에 따라 다르게 선택되었으며, 
색상의 조합은 옷을 입는 사람의 개성과 상황을 반영합니다. 
한복은 단순한 의복을 넘어 한국의 전통과 문화를 상징하는 중요한 문화유산으로, 세계적으로도 그 아름다움을 인정받고 있습니다. 
바로 지금, 저 인사가 한복을 입은 여러분들의 예쁜 모습을 화면속에 담아드릴게요! 
한복 착장서비스를 시작해보세요 ~~","Hanbok is traditional Korean attire with a long history, known for its elegant beauty and flowing design. 
Unlike Western clothing, it features soft lines and wide sleeves. 
Traditionally, its colors reflected social status, age, and season, expressing the wearer’s individuality. 
More than just clothing, hanbok is a symbol of Korean culture and heritage, admired worldwide. 
Now, I, INSA, will capture your beautiful hanbok look on screen—try our hanbok fitting service today!","韓服（ハンボク）は、韓国の伝統衣装で、長い歴史と美しいデザインを持ち、特別な行事や祝日に着用されます。
柔らかなラインとゆったりとしたシルエットが特徴で、色の組み合わせには着る人の個性や背景が表れます。
韓服は韓国文化を象徴する重要な文化遺産として、世界でもその美しさが認められています。
今、インサが韓服姿の皆さんを画面に映し出します！
韓服着用サービスを体験してみましょう〜","韩服是韩国传统服饰，拥有悠久历史，以柔美的线条和独特设计著称。
它常在节日或特别场合穿着，颜色选择体现身份、年龄与个性。
韩服不仅是服装，更是韩国文化的重要象征，因其美丽而享誉全球。
现在，我是INSA，要把你穿韩服的美丽模样展现在屏幕上！
快来体验韩服穿搭服务吧〜

","Hanbok là trang phục truyền thống của Hàn Quốc với lịch sử lâu đời. Với vẻ đẹp riêng biệt và thiết kế độc đáo, Hanbok được coi là biểu tượng văn hóa tiêu biểu của Hàn Quốc, thường được mặc vào các dịp lễ tết hoặc sự kiện đặc biệt. Khác với trang phục phương Tây có đường nét góc cạnh, Hanbok đặc trưng bởi những đường cong mềm mại và tà áo rộng rãi. Theo truyền thống, màu sắc được lựa chọn dựa trên địa vị, độ tuổi, mùa màng, phản ánh cá tính và hoàn cảnh của người mặc. Vượt xa một bộ trang phục, Hanbok là di sản văn hóa thế giới. Ngay bây giờ, tôi sẽ giúp bạn lưu lại khoảnh khắc xinh đẹp trong bộ Hanbok! Hãy bắt đầu dịch vụ mặc thử Hanbok nào!","ชุดฮันบกคือชุดประจำชาติเกาหลีที่มีประวัติศาสตร์อันยาวนาน ด้วยความงามที่เป็นเอกลักษณ์และดีไซน์ที่โดดเด่น จึงถือเป็นหนึ่งในสัญลักษณ์ทางวัฒนธรรมที่สำคัญและมักสวมใส่ในเทศกาลหรือโอกาสพิเศษ ชุดฮันบกต่างจากเสื้อผ้าตะวันตกตรงที่มีเส้นสายที่นุ่มนวลและชายเสื้อที่พลิ้วไหว ตามธรรมเนียมเดิม การเลือกสีจะขึ้นอยู่กับสถานะ อายุ และฤดูกาล ซึ่งสะท้อนถึงบุคลิกและโอกาสของผู้สวมใส่ ชุดฮันบกเป็นมรดกทางวัฒนธรรมที่ทั่วโลกยอมรับ ตอนนี้ฉันจะบันทึกภาพอันสวยงามของคุณในชุดฮันบกลงบนหน้าจอให้นะคะ! มาเริ่มใช้บริการลองชุดฮันบกกันเลยค่ะ!","Ханбок — это традиционная корейская одежда с долгой историей и традициями.\nБлагодаря своей неповторимой красоте и уникальному дизайну ханбок считается одним из символов корейской культуры и надевается в основном на особые мероприятия и праздники.\nВ отличие от западной одежды с прямыми линиями, ханбок отличается мягкими плавными линиями и свободным кроем.\nТрадиционно цвета ханбока подбирались в зависимости от социального статуса, возраста и времени года, а сочетание цветов отражало индивидуальность человека и ситуацию.\nХанбок — это не просто одежда, а важное культурное наследие, символизирующее традиции и культуру Кореи, красота которого признана во всем мире.\nПрямо сейчас я, Инса, запечатлею ваш прекрасный образ в ханбоке на экране! Попробуйте услугу примерки ханбока ~~","Hanbok adalah pakaian tradisional Korea yang memiliki sejarah dan tradisi panjang. Dengan keindahan khas dan desain uniknya, Hanbok dianggap sebagai salah satu simbol budaya Korea yang dikenakan pada hari raya atau acara khusus. Berbeda dengan pakaian Barat yang cenderung kaku, Hanbok memiliki ciri khas garis yang mengalir lembut dan potongan yang longgar. Secara tradisional, warna Hanbok dipilih berdasarkan status sosial, usia, dan musim, yang mencerminkan kepribadian serta situasi pemakainya. Hanbok bukan sekadar pakaian, melainkan warisan budaya penting yang diakui keindahannya secara global. Sekarang, saya akan mengabadikan momen cantik Anda saat mengenakan Hanbok ke dalam layar! Ayo mulai layanan mencoba Hanbok sekarang!","","아이콘20"
"","Photo_Goods","굿즈제작","Creating Goods","グッズ作り","制作商品","Tạo đồ lưu niệm","ทำสินค้าที่ระลึก","Изготовление сувениров","Buat Souvenir","AR사진촬영",""
"","Header_KoreaMap","전국지도","KoreaMap","KoreaMap","KoreaMap","Bản đồ toàn quốc","แผนที่ทั่วประเทศ","Карта всей страны","Peta Nasional","",""
"","SubHeader_KoreaMap","지역을 선택해 주세요.","Please select a region.","地域を選択してください。","请选择地区。","Vui lòng chọn khu vực.","กรุณาเลือกพื้นที่ค่ะ","Пожалуйста, выберите регион.","Silakan pilih wilayah.","",""
"","SubHeader_Attraction","* 관광명소 서브헤더","* Tourist Attractions","* 観光名所","* 旅游景点","Điểm tham quan","สถานที่ท่องเที่ยว","Достопримечательности","Objek Wisata","관광명소 ",""
"","SubHeader_TraditionalMarket","* 전통시장 서브헤더","* Traditional Markets","* 伝統市場","* 传统市场","Chợ truyền thống","ตลาดพื้นเมือง","Традиционные рынки","Pasar Tradisional","전통시장",""
"","Province_1","서울","Seoul","そうる","首尔","Seoul","Seoul","Сеул","Seoul","",""
"","Province_2","경기도","Gyeonggi","きょんぎど","京畿道","gyeonggi-do","Kota Gyeonggi","Кёнгидо","Gyeonggi-do","",""
"","Province_3","인천","Incheon","いんちょん","仁川","Incheon","Incheon","Инчхон","Incheon","",""
"","Province_4","강원도","Gangwon","かんうぉんど","江原道","Gangwon-do","Gangwon-do","Канвондо","Gangwon-do","",""
"","Province_5","충청남도","Chungcheongnam","ちゅんちょんなむど","忠清南道","Chungcheongnam-do","Chungcheongnam-do","Чхунчхоннамдо","Chungcheongnam-do","",""
"","Province_6","세종","Sejong","せじょん","世宗","Sejong","Sejong","Седжон","Sejong","",""
"","Province_7","대전","Daejeon","てじょん","大田","Daejeon","Daejeon","Тэджон","Daejeon","",""
"","Province_8","충청북도","Chungcheongbuk","ちゅんちょんぶくど","忠清北道","Chungcheongbuk-do","Chungcheongbuk-do","Чхунчхонбукдо","Chungcheongbuk-do","",""
"","Province_9","경상북도","Gyeongsangbuk","きょんさんぶくど","庆尚北道","Tỉnh Bắc Gyeongsang","Provinsi Gyeongsang Utara","Кёнсанбукдо","Gyeongsangbuk-do","",""
"","Province_10","대구","Daegu","てぐ","大邱","daegu","daegu","Тэгу","Daegu","",""
"","Province_11","전라북도","Jeollabuk","ちょるらぶくど","全罗北道","Jeollabuk-do","Jeollabuk-do","Чоллабукдо","Jeollabuk-do","",""
"","Province_12","전주","Jeonju","ぜんじゅ","全州","Jeonju","Jeonju","Чонджу","Jeonju","",""
"","Province_13","전라남도","Jeollanam","ちょるらなむど","全罗南道","Jeollanam-do","Jeollanam-do","Чолланамдо","Jeollanam-do","",""
"","Province_14","광주","Gwangju","くぁんじゅ","光州","gwangju","gwangju","Кванджу","Gwangju","",""
"","Province_15","경상남도","Gyeongsangnam","きょんさんなむど","庆尚南道","Gyeongsangnam-do","Kota Gyeongsangnam","Кёнсаннамдо","Gyeongsangnam-do","",""
"","Province_16","부산","Busan","ぷさん","釜山","Busan","Busan","Пусан","Busan","",""
"","Province_17","울산","Ulsan","うるさん","蔚山","Ulsan","Ulsan","Ульсан","Ulsan","",""
"","Province_18","제주도","Jeju-do","ちぇじゅど","济州岛","đảo Jeju","Pulau Jeju","Чеджудо","Pulau Jeju","",""
"","Photo_ResultSubHeader","사진 촬영 결과물을 통해 나만의 굿즈를 만들어 보세요 ","Make your own photo merch.","写真で自分だけのグッズ作り。","用照片定制专属周边。","Tạo ra các sản phẩm mang thương hiệu riêng của bạn bằng cách sử dụng kết quả buổi chụp ảnh.","สร้างสินค้าของคุณเองโดยใช้ผลลัพธ์จากการถ่ายภาพ","Создайте собственную продукцию, используя результаты вашей фотосессии.","Buat merchandise Anda sendiri menggunakan hasil pemotretan Anda.","",""
"","SmartTour_RecommendContentShowMore","더보기","More","もっと見る","查看更多","Xem thêm","ดูเพิ่มเติม","Подробнее","Lihat Lebih Lanjut","",""
"","MainButton_Promotion","취사병 전설이 되다","The Legend of a Cook","炊事兵、伝説になる","炊事兵成为传说","Đầu Bếp Huyền Thoại","ตำนานพลทหารทำอาหาร","Легенда о поваре","The Legend of a Cook","",""
"","Header_Promotion","티빙 오리지널 취사병 전설이 되다","TVING Original The Legend of a Cook","TVINGオリジナル 炊事兵、伝説になる","TVING原创 炊事兵成为传说","TVING Original Đầu Bếp Huyền Thoại","TVING Original ตำนานพลทหารทำอาหาร","Оригинальный сериал TVING Легенда о поваре","TVING Original The Legend of a Cook","",""
"","SubHeader_Promotion","이벤트에 참가 해보세요.","Please participate in the event.","イベントに参加してみてください。","请参加活动。","Hãy tham gia sự kiện.","เข้าร่วมกิจกรรม","Пожалуйста, примите участие в мероприятии.","Silakan ikuti acara ini.","",""
"","Promotion_Introduce","> 이벤트 소개 <","> Event Introduction <","> イベント紹介 <","> 活动介绍 <","> Giới thiệu sự kiện <","> แนะนำกิจกรรม <","> Описание мероприятия <","> Pengenalan Acara <","",""
"","Promotion_Participate","> 이벤트 참여 <","> Participate in Event <","> イベント参加 <","> 参与活动 <","> Tham gia sự kiện <","> เข้าร่วมกิจกรรม <","> Участие в мероприятии <","> Ikut Acara <","",""
"","Promotion_Reward","> 이벤트 상품 <","> Event Prizes <","> イベント商品 <","> 活动奖品 <","> Phần thưởng sự kiện <","> รางวัลกิจกรรม <","> Призы мероприятия <","> Hadiah Acara <","",""