"운영팀> 인사동 고궁 번호","업체명 (한국어)","업체명 (영어)","업체명 (일어)","업체명 (중국어)","주소 (한국어)","주소 (영어)","주소 (일어)","주소 (중국어)","해쉬태그 (한국어)","해쉬태그  (영어)"," 해쉬태그 (일어)","해쉬태그  (중국어)","정보 (한국어) ","정보 (영어 )","정보 (일어) ","정보 (중국어) ","업무시간 (한국어","업무시간 (영어)","업무시간 (일어)","업무시간 (중국어)","볼거리(한국어)","볼거리(영어)","볼거리(일어)","볼거리(중국어)","입장료(한국어)","입장료(영어)","입장료(일어)","입장료(중국어)","전화번호"
"1","경복궁","Gyeongbok Palace","景福宮 (キョンボックン)","景福宫","서울시 종로구 사직로 161 ","161 Sajik-ro, Jongno-gu, Seoul, Gyeongbokgung Palace","ソウル市鍾路区サジク路161　景福宮","韩国首尔市钟路区社稷路161号 景福宫","#경복궁 #경복궁한복대여 #경회루 #서울여행","#VisitSeoul #Kculture #SeoulTrip","#ソウル旅行 #韓国観光 #ハンボク #キョンボックン","#首尔旅行 #韩国旅游 #韩服体验 #光化门","경복궁은 1395년 창건된 조선 제일의 법궁으로, '새 왕조가 큰 복을 누려 번영한다'는 의미를 담고 있습니다. 임진왜란으로 소실되어 270여 년간 방치되었다가 1867년에야 재건되었습니다. 일제강점기에는 조선총독부 청사가 들어서는 등 심각하게 훼손되었으나, 1990년대부터 본격적인 복원이 시작되었습니다. 이후 총독부 건물을 철거하고 광화문 등 주요 전각을 복원하여 현재의 모습을 갖추게 되었습니다.","Founded in 1395, Gyeongbokgung is the principal Joseon palace symbolizing the dynasty's prosperity. Destroyed in the Imjin War and rebuilt in 1867, it was severely damaged during the Japanese colonial period by the Governor-General's office. Since the 1990s, restoration efforts, including the office's demolition, have returned the palace to its current state.","景福宮（キョンボックン）は1395年に創建された朝鮮王朝の正宮で、「新しい王朝が大きな福を享受する」という意味を持ちます。壬辰倭乱で焼失し270年間放置されましたが、1867年に再建されました。日本統治時代に深刻に毀損されたものの、1990年代からの復元作業や総督府の撤去、光化門の再建を経て、現在の姿を取り戻しました。","景福宫建于1395年，是朝鲜王朝的第一法宫，蕴含着“新王朝享有大福并繁荣昌盛”之意。壬辰倭乱期间被烧毁，荒废约270年后，于1867年才得以重建。日本殖民统治时期，因建造朝鲜总督府厅舍等原因，宫殿遭到了严重破坏，但从1990年代开始进行了正式的复原工程。此后，拆除了总督府建筑，并修复了光化门等主要殿阁，形成了现在的面貌。","매주 화요일휴무","Closed every Tuesday","毎週火曜日休館","每周二休息","광화문, 근정전, 향원정","Gwanghwamun, Geunjeongjeon, Hyangwonjeong.","こうかもん, きんせいでん, こうえんてい"," 光化门、勤政殿、香远亭","내국인 만25~64세(3,000원) / 외국인 만19~64세(3,000원)
그외에는 무료 ","Koreans(25 to 64); Foreigners(19 to 64) 3,000 won
Free for others","入場料 3,000ウォン, 韓国国籍 25歳~ 64歳, 外国国籍19歳~ 64歳, その他無料","25至64岁的韩国人和19至64岁的外国人需支付3,000韩元。其他人免费","82-2-3700-3900"
"2","창덕궁","Changdeok Palace","昌徳宮 (チャンドックン)","昌德宫","서울시 종로구 율곡로 99","99 Yulgok-ro, Jongno-gu, Seoul","ソウル市鍾路区ユルゴク路99","韩国首尔市钟路区律曲路99号","#비원 #후원 #창덕궁달빛기행 #서울궁궐","#SecretGarden #SeoulPalace #KoreaHeritage","#チャンドックン #秘苑 #韓国旅行 #ソウル観光","#秘苑 #首尔旅游 #韩国古宫 #昌德宫后苑","창덕궁은 1405년 경복궁의 이궁으로 창건되었으나, 임진왜란 후 1610년 가장 먼저 재건되어 약 270년간 조선의 실질적인 법궁 역할을 했습니다. 특히 흥복헌은 경술국치가 결정된 비운의 장소이며, 낙선재는 광복 후 마지막 황실 가족들이 생을 마감한 곳이기도 합니다. 주변 지형과 조화를 이루는 가장 한국적인 궁궐로서 그 가치를 인정받아, 1997년 유네스코 세계유산에 등재되었습니다.","Established in 1405, Changdeokgung was rebuilt in 1610 and served as the primary royal residence for 270 years. It houses significant sites like Heungbokheon, where the 1910 annexation treaty was decided, and Naksonjae, the final home of the last imperial family. Praised for its harmony with nature, it was designated a UNESCO World Heritage site in 1997.","昌徳宮は1405年に創建され、1610年の再建後、約270年間実質的な正宮の役割を果たしました。日韓併合が決まった興福軒や皇室の家族が余生を過ごした楽善斎など、歴史的に重要な場所が残っています。自然と調和した最も韓国的な宮殿として高く評価され、1997年にはユネスコ世界遺産に登録されました。","昌德宫建于1405年，最初是景福宫的离宫。壬辰倭乱后，于1610年率先重建，在约270年的时间里充当了朝鲜实质上的法宫（正宫）。特别是兴福轩是决定“庚戌国耻（日韩合并）”的悲剧场所，乐善斋则是光复后末代皇室成员度过余生的地方。昌德宫因顺应周边地形、与自然和谐相融，被评价为最具韩国特色的宫殿，于1997年被列入联合国教科文组织世界遗产名录。","매주 월요일휴무","Closed every Monday","毎週月曜日休館","每周一休息","인정전, 궐내각사, 낙선재 
","Injeongjeon, Gwelnaegaksa, Nakseonjae","じんせいでん, けつないかくし, らくぜんさい","仁政殿, 闕内各司, 樂善齋","내국인 만24~64세(3,000원) / 외국인 만18~64세(3,000원)
그외에는 무료 ","Koreans(24 to 64); Foreigners(18 to 64) 1,000 won
Free for others","24歳から64歳の韓国人と18歳から64歳の外国人は3,000ウォン。他は無料です。","24至64岁的韩国人和18至64岁的外国人需支付3,000韩元。其他人免费。","82-2-3668-2300"
"3","창경궁","Changgyeong Palace","昌慶宮 (チャンギョングン)","昌庆宫","서울시 종로구 창경궁로 185 ","185 Changgyeonggung-ro, Jongno-gu, Seoul, Changgyeonggung Palace","ソウル市鍾路区昌慶宮路185　昌慶宮","韩国首尔市钟路区昌庆宫路185号 昌庆宫","#야간개장 #대온실 #궁궐산책 #서울데이트","#GrandGreenhouse #SeoulPalace #KoreaTrip","#チャンギョングン #大温室 #韓国旅行 #ソウル観光","#大温室 #首尔旅行 #韩国旅游 #首尔古宫","창경궁은 세종 때 지어진 수강궁 터에 1483년 성종이 세 명의 대비를 위해 확장 건설한 궁궐입니다. 창덕궁과 경계 없이 연결되어 '동궐'이라 불리며 주로 왕실 가족의 생활 공간으로 사용되었습니다. 그러나 순종 때 동물원이 들어서고 일제에 의해 창경원(昌慶苑)으로 격하되어 공원화되는 수모를 겪었습니다. 이후 1983년 본래 명칭을 되찾고 동물원을 이전하는 등 꾸준한 복원 노력을 통해 현재의 모습을 갖추게 되었습니다.","Originally established as Sugang Palace, it was expanded and renamed Changgyeonggung in 1483 by King Seongjong for queen mothers. Connected to Changdeokgung, it was degraded into a zoo during the Japanese colonial period but had its name and original state restored through major reconstruction in 1983.","昌慶宮は1418年に創建された寿康宮を前身とし、1483年に成宗が3人の大妃のために拡張・改称した宮殿です。昌徳宮と共に「東闕」と呼ばれ、主に王族の生活空間として使われました。日本統治時代に動物園が設置され「昌慶苑」へと格下げされましたが、1983年に本来の名称と姿を取り戻す復元が行われました。正門と正殿が東向きに配置されているのが大きな特徴です。","昌庆宫的前身是1418年世宗为太宗兴建的寿康宫。1483年，成宗为供奉三位皇太后对其进行大规模扩建，并更名为昌庆宫。它与昌德宫合称“东阙”，主要作为王室的生活空间。1907年后，因设立动植物园及日占时期的降格，宫殿遭到严重损坏。1983年，宫殿恢复原名并启动复元工程，迁移了动物园，逐步找回了原本的面貌。","매주 월요일휴무","Closed every Monday","毎週月曜日休館","每周一休息","옥천교, 명정문, 명정전, 함인정, 양화당","Okcheongyo, Myeongjeongmun, Myeongjeongjeon","ぎょくせんきょう, めいせいもん, めいせいでん","玉川桥,  明正门, 明正殿, 含仁亭, 养和堂","내국인 만24~64세(1,000원) / 외국인 만18~64세(1,000원)
그외에는 무료 ","Koreans(24 to 64); Foreigners(18 to 64) 1,000 won
Free for others","韓国人24〜64歳（1,000ウォン）、外国人7〜64歳（1,000ウォン）、その他は無料です","韩国人24至64岁（1,000韩元）；外国人7至64岁（1,000韩元），其他人免费","82-2-762-4868"
"4","덕수궁","Deoksu Palace","徳寿宮 (トクスグン)","德寿宫","서울시 중구 세종대로 99 ","99 Sejong-daero, Jung-gu, Seoul, Deoksugung Palace","ソウル市中区世宗大路99　徳寿宮","韩国首尔市中区世宗大路99号 德寿宫","#덕수궁돌담길 #야간개장 #석조전 #시청역맛집","#StoneWallPath #SeoulPalace #DiscoverKorea","#トクスグン #石造殿 #ソウル旅行 #韓国観光","#石造殿 #德寿宫石墙路 #首尔旅游 #韩国古宫","덕수궁은 원래 월산대군의 사저였으나, 임진왜란으로 도성의 궁들이 소실되자 1593년부터 임시 궁궐로 사용되었습니다. 1611년 경운궁으로 명명되어 정식 궁궐이 되었다가 한동안 별궁으로 남았으나, 1897년 고종이 대한제국을 선포하면서 황궁으로 격상되었습니다.
이때 서양식 건물이 도입되어 전통과 근대 건축이 조화를 이루는 독특한 경관을 갖추게 되었습니다. 이후 1907년 고종의 강제 퇴위로 이름이 덕수궁으로 바뀌었고, 해방 후에는 석조전에서 미소공동위원회가 개최되는 등 근현대사의 주요 현장이 되었습니다.","Originally a royal residence, Deoksugung served as a temporary palace during the Imjin War and rose to prominence as the imperial palace of the Korean Empire in 1897. Distinguished by a unique blend of traditional and Western architecture, it was renamed Deoksugung in 1907 following Emperor Gojong's abdication. The site holds modern historical significance as the venue for the US-Soviet Joint Committees after Korea's liberation.","徳寿宮は1897年に宣布された大韓帝国の皇宮で、元は慶運宮と呼ばれていました。1593年から臨時宮殿として使われ、1611年に正式な宮殿となりました。高宗が大韓帝国を宣布した後は皇居として規模を拡大し、伝統と西洋建築が調和する空間となりました。1907年に日本によって「徳寿宮」へ改称され、その後規模が縮小・公園化されましたが、現在は復元が進み今の姿に至っています。","德寿宫原为月山大君私邸，1593年因壬辰战争宫殿全毁而作为临时宫殿使用。1611年正式命名为庆运宫，后随昌德宫重建变为别宫。1897年高宗宣布建立大韩帝国，将其作为皇宫扩建，形成了传统与西洋建筑融合的特色。1904年历经大火损毁，1907年高宗被迫退位后更名为德寿宫。1946至1947年间，其石造殿曾是美苏共同委员会会议的举办地。","매주 월요일휴무","Closed every Monday","毎週月曜日休館","每周一休息","중화전, 정관헌, 돈덕전, 즉조당, 석어당","Jungwajeon, Jeonggwanheon, Dondeokjeon, Jeukjodang, Seogeodang.","ちゅうかでん, しょうかんけん, とんとくでん,  そくしょうどう, せきごどう"," 中华殿、正观轩、敦德殿、即照堂、石御堂","내국인 만24~64세(1,000원)  / 외국인 만7~64세(1,000원)
그외에는 무료 ","Koreans(24 to 64); Foreigners(18 to 64) 1,000 won
Free for others","韓国人24〜64歳（1,000ウォン）、外国人7〜64歳（1,000ウォン）、その他は無料です。","韩国人24至64岁（1,000韩元）；外国人7至64岁（1,000韩元），其他人免费。","82-2-771-9951"