"운영팀> 1번 모니터> AI모델 영상 자막 + 우측상단 표기  NO","Key","VideoFileName","KR","EN","JP","CN","우측상단 서브타이틀 KR","EN","JP","CN","재생조건 재생조건(Condition)","Description","넘버링 NO"
"1","Default","M=hanbok01=5.1-02=2-V4-fin","‘인사’의 취미는 K-POP 아이돌의 댄스를 추는거에요 
제가 요즘 배우는 댄스인데 잠깐 보여드릴게요.
","This is a dance I'm currently learning. 
let me show you a bit!""
","K-POPアイドルのダンスはとっても楽しいです〜
これからもたくさん練習して、いろんなダンスをお見せしますね。
","K-POP偶像的舞蹈真的非常有趣～
以后我会多多练习，给大家展示更多不同的舞蹈","인사동 앰버서더 NO.1 ""인사""","Insa-dong Ambassador NO.1 ""INSA""","Insa-dong Ambassador NO.1 ""INSA""","Insa-dong Ambassador NO.1 ""INSA""","기본화면_1 (인사댄스)","",""
"2","Default","M=Hanbok02=11-05=3-V11-Fin-D","안녕하세요 'INSA(인사)' 언니 동생 '인정' 이에여 
제가 입은 한복 이쁘죠?  '박술녀' 선생님 한복이에요^^ ","Hello, I’m Injeong, the younger sister of “INSA.”
It’s made by Korea’s top hanbok designer, Park Sulnyeo.","こんにちは、「INSA（インサ）」お姉さんの妹、インジョンです。
韓国一の韓服デザイナー、パク・スルニョ先生の作品なんですよ。","你好，我是“INSA”姐姐的妹妹“仁静”。
我穿的韩服好看吧？是“朴瑟女”老师设计的哦！","인사동 앰버서더 NO.2 ""인정""","Insa-dong Ambassador NO.2 ""INJUNG""","Insa-dong Ambassador NO.2 ""INJUNG""","Insa-dong Ambassador NO.2 ""INJUNG""","기본화면_2(인사소개)","",""
"3","Default","M=hanbok01=7.2-02=1-V4-fin","INSA(인사)'에요~ 인사동에 오신 모든 관광객 여러분 사랑합니다.  
한국어, 영어, 일본어, 중국어를 선택해서 편하게 이용하세요 ","Kiosk supports 4 languages: Korean, English, Japanese, and Chinese.","このキオスクは韓国語・英語・日本語・中国語の4言語に対応しています。お好きな言語を選んでお楽しみください！"," 探索附近的宫殿、画廊和市场吧！","인사동 앰버서더 NO.1 ""인사""","Insa-dong Ambassador NO.1 ""INSA""","Insa-dong Ambassador NO.1 ""INSA""","Insa-dong Ambassador NO.1 ""INSA""","기본화면_3(다국어가능안내)","",""
"4","Default","M=Hanbok02=12.1-05=5-V11-Fin-D","인사동의 전통과 현대 감성을 함께 즐겨보세요. 
'인사'와 함께 'WIT AI 스마트 관광 키오스크'가 도와드릴게요!","Insadong has both modern vibes and rich tradition—experience both through this kiosk!","まずは手首と腕をほぐしましょう。次に、肩を時計回りに回してください、こんな感じです！","仁寺洞结合传统与现代，来这里体验精彩吧！","인사동 앰버서더 NO.2 ""인정""","Insa-dong Ambassador NO.2 ""INJUNG""","Insa-dong Ambassador NO.2 ""INJUNG""","Insa-dong Ambassador NO.2 ""INJUNG""","기본화면_4 (스트레칭-1)","",""
"5","Default","M=Hanbok05=6-1C-11=2-V5-Fin-D","관심사에 따라 맞춤 코스를 '인사'가 추천해드려요. 
저와 함께 'AI기능'을 통해서 지금 확인해보세요!","Want to explore more? Get personalized course suggestions based on your interests","興味に合わせておすすめコースをご紹介！今すぐチェック！","根据兴趣推荐专属路线，快来看看吧！","인사동 앰버서더 NO.2 ""인정""","Insa-dong Ambassador NO.2 ""INJUNG""","Insa-dong Ambassador NO.2 ""INJUNG""","Insa-dong Ambassador NO.2 ""INJUNG""","기본화면_5 (스트레칭-2)","",""
"6","Default","M=Hanbok03=15.2C-08=1-V11-Fin-D","인사동 근처 궁궐, 미술 갤러리, 다양한 상점을 찾아보세요! 
인사동은 산책하기에도 좋은 장소예요. 출발해볼까요?","Discover nearby palaces, galleries, and markets worth exploring!","近くの宮殿や市場、ギャラリーを探索してみて！","逛得開心嗎？跟我一起來個2分鐘伸展操，
放鬆一下再繼續探險吧！","인사동 앰버서더 NO.2 ""인정""","Insa-dong Ambassador NO.2 ""INJUNG""","Insa-dong Ambassador NO.2 ""INJUNG""","Insa-dong Ambassador NO.2 ""INJUNG""","기본화면_6(스트레칭-3)","",""
"7","Default","M=Hanbok05=14-2C-11=1-V5-Fin-D","전통 식당부터 숨은 맛집까지, 골목골목 인사동을 찾아보세요!
인사동에는 한국 고유의 전통문화가 살아 숨쉬고 있답니다. ","Explore traditional restaurants, cafés, and hidden gems around every corner"," 伝統グルメから隠れた名店まで、インサドンを探索してね！"," 探索仁寺洞的传统餐厅与隐藏美食，精彩不断！","인사동 앰버서더 NO.2 ""인정""","Insa-dong Ambassador NO.2 ""INJUNG""","Insa-dong Ambassador NO.2 ""INJUNG""","Insa-dong Ambassador NO.2 ""INJUNG""","기본화면_7 (스트레칭-4)","",""
"8","Default","M=Hanbok02=12.1-05=5-V11-Fin-D","검색을 원하는 매장, 음식점, 명소, 미술관등을 바로 검색해보세요. 
검색바를 누르면 키보드가 나와요. 자 시작해볼까요?","Search for stores, restaurants, attractions, instantly.
Tap the search bar to open the keyboard. Ready to start?","お店や観光地を検索できます。
検索バーをタップしてください。 始めましょう！","您可以立即搜索商店、餐厅、景点或美术馆。
点击搜索栏，键盘就会弹出。 准备开始了吗？","인사동 앰버서더 NO.2 ""인정""","Insa-dong Ambassador NO.2 ""INJUNG""","Insa-dong Ambassador NO.2 ""INJUNG""","Insa-dong Ambassador NO.2 ""INJUNG""","기본화면_8 (키오스크추천-이벤트)","",""
"9","Default","M=hanbok01=7.1-02=1-V4-fin","전통 기념품과 특별한 상점들을 소개해드릴게요! 
지금 'WIT AI 스마트 키오스크'를 통해서 확인하세요

","Want a souvenir? Find traditional gifts and special shops just for you","お土産を探してる？伝統雑貨や特別なお店を見つけよう！"," 想带点纪念品？探索传统礼品和特色小店！","인사동 앰버서더 NO.1 ""인사""","Insa-dong Ambassador NO.1 ""INSA""","Insa-dong Ambassador NO.1 ""INSA""","Insa-dong Ambassador NO.1 ""INSA""","기본화면_9 (텍스프리 이용권장)","",""
"10","Default","M=Hanbok03=15.2C-08=1-V11-Fin-D","인사동은 곳곳에 예쁜 장소가 정말 많아요. 검색해보세요. 
'인사' 동생 '인정'이가  빠르게 찾아드릴게요.","Insadong has many lovely spots!
Injeong will find them for you right away.

","仁寺洞には綺麗な場所がたくさん！
インジョンがすぐに探します。
","仁寺洞有很多好看的地方！
仁静马上帮你找！","인사동 앰버서더 NO.2 ""인정""","Insa-dong Ambassador NO.2 ""INJUNG""","Insa-dong Ambassador NO.2 ""INJUNG""","Insa-dong Ambassador NO.2 ""INJUNG""","기본화면_10 (쇼핑하라는 내용)","",""
"11","Search","M=Hanbok05=22-1-11=2-V5-Fin-D","인사동엔 예쁜 장소가 많아요. 인사가 빠르게 찾아드릴게요!
아래 키보드로 상점명을 천천히 정확히 입력해 주세요.","Insadong is full of hidden gems. Type the store name below, and I’ll help you find it fast—let’s explore!","インサドンには素敵な場所がいっぱい。
下のキーボードでお店を検索できます。","仁寺洞有超多美景，我可以帮你快速找到！一起去探索吧！
请用下方键盘输入店名，我来帮你找～输入时请注意拼写哦！","인사동 앰버서더 NO.2 ""인정""","Insa-dong Ambassador NO.2 ""INJUNG""","Insa-dong Ambassador NO.2 ""INJUNG""","Insa-dong Ambassador NO.2 ""INJUNG""","기본화면 -> 서치선택","",""
"12","Search_Enter","M=Hanbok05=22-2-11=3-V5-Fin-D","매장을 클릭하시면 더욱더 상세한 정보를 얻을 수 있어요","Tap for more details and directions","店舗をクリックすると、
さらに詳しい情報をご覧いただけます。","点击查看详细信息和导航路线。","인사동 앰버서더 NO.2 ""인정""","Insa-dong Ambassador NO.2 ""INJUNG""","Insa-dong Ambassador NO.2 ""INJUNG""","Insa-dong Ambassador NO.2 ""INJUNG""","기본화면 -> 서치선택 -> 검색후 엔터 ","",""
"13","Search_Detail","M=Hanbok05=22-4-11=1-V5-Fin-D","핸드폰으로 [QR] 코드를 찍으시면 길을 안내 받으실수 있어요.","Scan the [QR] code with your phone to receive detailed directions","スマートフォンで［QR］コードを読み取れば、
道案内も受けられますよ。","用手机扫描 [QR] 码即可获取详细路线指引。","인사동 앰버서더 NO.2 ""인정""","Insa-dong Ambassador NO.2 ""INJUNG""","Insa-dong Ambassador NO.2 ""INJUNG""","Insa-dong Ambassador NO.2 ""INJUNG""","기본화면 -> 서치선택 -> 검색후 엔터 -> 상세검색","",""
"14","ChangeLanguage_KR","M=7.1-02=hanbok01=1-V4_fin","WIT AI SMART KIOSK는 다국어를 지원합니다. 
지금부터 한국어로 키오스크를 이용해보세요 ","WIT AI SMART KIOSK supports multiple languages.
Please start using the kiosk in Korean now
","WIT AI SMART KIOSKは多言語に対応しています。
これから日本語でキオスクをお使いください","WIT AI SMART KIOSK支持多种语言。
现在开始请用韩语使用自助终端
","인사동 앰버서더 NO.1 ""인사""","Insa-dong Ambassador NO.1 ""INSA""","Insa-dong Ambassador NO.1 ""INSA""","Insa-dong Ambassador NO.1 ""INSA""","기본화면 -> 언어선택 -> 한국어 ","",""
"15","ChangeLanguage_EN","M=O-L-Us=25-13=3-V4-Fin_D","WIT AI SMART KIOSK는 다국어를 지원합니다. 
지금부터 영어로 키오스크를 이용해보세요 ","WIT AI SMART KIOSK supports multiple languages.
Please start using the kiosk in English now","WIT AI SMART KIOSKは多言語に対応しています。
これから英語でキオスクをお使いください","WIT AI SMART KIOSK支持多种语言。
现在开始请用英语使用自助终端","인사동 앰버서더 NO.2 ""인정""","Insa-dong Ambassador NO.2 ""INJUNG""","Insa-dong Ambassador NO.2 ""INJUNG""","Insa-dong Ambassador NO.2 ""INJUNG""","기본화면 -> 언어선택 -> 영어 ","",""
"16","ChangeLanguage_JP","M=O-L-Jp=26-15=2-V4-Fin+D","WIT AI SMART KIOSK는 다국어를 지원합니다. 
지금부터 일본어로 키오스크를 이용해보세요 ","WIT AI SMART KIOSK supports multiple languages.
Please start using the kiosk in Japanese now","WIT AI SMART KIOSKは多言語に対応しています。
これから日本語でキオスクをお使いください","WIT AI SMART KIOSK支持多种语言。
现在开始请用日语使用自助终端","인사동 앰버서더 NO.2 ""인정""","Insa-dong Ambassador NO.2 ""INJUNG""","Insa-dong Ambassador NO.2 ""INJUNG""","Insa-dong Ambassador NO.2 ""INJUNG""","기본화면 -> 언어선택 -> 일어 ","",""
"17","ChangeLanguage_CH","M=O-L-cn=27-14=2-V4-Fin_D","WIT AI SMART KIOSK는 다국어를 지원합니다. 
지금부터 중국어로 키오스크를 이용해보세요 ","WIT AI SMART KIOSK supports multiple languages.
Please start using the kiosk in Chinese now","WIT AI SMART KIOSKは多言語に対応しています。
これから中国語でキオスクをお使いください","WIT AI SMART KIOSK支持多种语言。
现在开始请用中文使用自助终端","인사동 앰버서더 NO.2 ""인정""","Insa-dong Ambassador NO.2 ""INJUNG""","Insa-dong Ambassador NO.2 ""INJUNG""","Insa-dong Ambassador NO.2 ""INJUNG""","기본화면 -> 언어선택- 중국어 ","",""
"18","AISearch","M=Hanbok05=6-1C-11=2-V5-Fin-D","안녕하세요. ‘인사’ 예요. 몇시간 계실건지, 몇명이 오셨는지 알려주시면 
AI가 추천코스를 알려드릴게요.","Are you visiting with family, friends? Let me know how many are in your group, and I’ll suggest an itinerary!

","こんにちは。「インサ」です。滞在時間、人数を教えていただければ、AIがおすすめのコースをご案内します。","和家人朋友一起来了吗？告诉我人数，我帮你安排精彩路线！","인사동 앰버서더 NO.2 ""인정""","Insa-dong Ambassador NO.2 ""INJUNG""","Insa-dong Ambassador NO.2 ""INJUNG""","Insa-dong Ambassador NO.2 ""INJUNG""","기본화면 -> AI검색 버튼(뭐하지) ","",""
"19","AISearch_Category","M=Hanbok05=6-2C-11=1-V5-Fin-D","A, B, C코스가 추천으로 나왔을거에요 
원하시는 코스를 선택하시면 매장별로 보실 수 있어요 ","How many people are in your group, how much time will 
you be spending? What would you like to do here?
","A、B、Cコースがおすすめとして表示されていると思います。
ご希望のコースを選んで店舗ごとの情報をご覧いただけます。

","你们几个人？计划在仁寺洞停留多久？想吃喝玩乐还是逛画廊？
点击查看详细信息和路线指引","인사동 앰버서더 NO.2 ""인정""","Insa-dong Ambassador NO.2 ""INJUNG""","Insa-dong Ambassador NO.2 ""INJUNG""","Insa-dong Ambassador NO.2 ""INJUNG""","기본화면 -> AI검색 버튼(뭐하지)  -> 카테고리 선택 -= 결과에서 A,B,C 선택 ","",""
"20","AISearch_Detail","M=Hanbok05=6-3C-11=2-V5-Fin-D","핸드폰으로 [QR] 코드를 찍으시면 길을 안내 받으실수 있어요.","Scan the [QR] code with your phone to 
receive detailed directions
","スマートフォンで［QR］コードを読み取れば、
道案内も受けられますよ。","用手机扫码，获取详细路线和指引","인사동 앰버서더 NO.2 ""인정""","Insa-dong Ambassador NO.2 ""INJUNG""","Insa-dong Ambassador NO.2 ""INJUNG""","Insa-dong Ambassador NO.2 ""INJUNG""","기본화면 -> AI검색 버튼(뭐하지) -> 카테고리 선택 -= 결과에서 A,B,C 선택 -> 상세검색 ","",""
"21","Event","M=hanbok01=6.1-02=4-V4-fin","인사동에서 진행 중이거나 곧 열릴 이벤트를 확인해 보세요! 
특별 할인과 특별한 경험을 놓치지 마세요!
","Discover Insadong's festivals and events! Join us for culture, fun, and unforgettable experiences!","インサドンで現在開催中、またはもうすぐ始まるイベントをチェックしてみてください！特別な割引やユニークな体験をお見逃しなく！","关注仁寺洞的精彩活动和优惠，别错过特别体验等你来发现！","인사동 앰버서더 NO.1 ""인사""","Insa-dong Ambassador NO.1 ""INSA""","Insa-dong Ambassador NO.1 ""INSA""","Insa-dong Ambassador NO.1 ""INSA""","기본화면 -> 인사동 이벤트","",""
"22","ToEvent_Category","M=hanbok01=6.2-02=3-V4-fin","인사동에서 열리는 축제와 특별한 이벤트를 만나보세요! 
문화 축제, 독특한 활동, 그리고 잊지 못할 경험에 함께하세요!","Discover festivals and special events in Insadong!
Join us for cultural celebrations, unique activities, and unforgettable experiences!","インサドンの祭りやイベントに参加しよう！文化や楽しい体験があなたを待っています！

","探索仁寺洞的节庆活动，文化盛宴与独特体验，邀你一起共庆！","인사동 앰버서더 NO.1 ""인사""","Insa-dong Ambassador NO.1 ""INSA""","Insa-dong Ambassador NO.1 ""INSA""","Insa-dong Ambassador NO.1 ""INSA""","기본화면 -> 인사동 이벤트 -> 카테고리선택","",""
"23","ToEat","M=Hanbok03=17.1-08=1-V11-Fin-D","인사동엔 유명한 맛집과 찻집이 정말 많이 있어요. 
방문하고 싶은 카테고리를 선택해주세요. ","Insadong is packed with famous restaurants 
and cozy tea houses—there’s something for everyone!","インサドンには有名な飲食店や落ち着いた茶屋がたくさん。誰でも楽しめる場所です！","仁寺洞美食多，從名店到舒適茶館，總有一款適合你！","인사동 앰버서더 NO.2 ""인정""","Insa-dong Ambassador NO.2 ""INJUNG""","Insa-dong Ambassador NO.2 ""INJUNG""","Insa-dong Ambassador NO.2 ""INJUNG""","기본화면 -> 뭐먹지 버튼","",""
"24","ToEat_Category","M=Hanbok03=17.2-08=2-V11-Fin-D","인사동에는 다양한 한식 맛집이 가득해요.
매장을 클릭하면 더 자세한 정보를 확인할 수 있어요.","From traditional meals to street snacks like tteokbokki, don’t miss the local drinks too! Tap a store for more info.","何を買うか迷ったら？インサおすすめをチェックして楽しいショッピングを！詳しくはお店をタップしてね。 ","傳統韓食到辣炒年糕，還有地道酒飲，別錯過喔！
點店家看更多資訊。","인사동 앰버서더 NO.2 ""인정""","Insa-dong Ambassador NO.2 ""INJUNG""","Insa-dong Ambassador NO.2 ""INJUNG""","Insa-dong Ambassador NO.2 ""INJUNG""","기본화면 -> 뭐먹지 버튼 -> 카테고리선택","",""
"25","ToEat_Detail","M=Hanbok03=17.3-08=1-V11-Fin-D","핸드폰으로 [QR] 코드를 찍으시면 길을 안내 받으실수 있어요.","Scan the QR code with your phone for 
easy directions to get there.","スマホでQRコードを読み取ると目的地までの道順が表示されます","用手機掃描QR碼，輕鬆獲取路線指引，快速到達目的地。","인사동 앰버서더 NO.2 ""인정""","Insa-dong Ambassador NO.2 ""INJUNG""","Insa-dong Ambassador NO.2 ""INJUNG""","Insa-dong Ambassador NO.2 ""INJUNG""","기본화면 -> 뭐먹지 버튼 -> 카테고리선택 -> 상세검색","",""
"26","ToBuy","M=Hanbok05=30-1C-11=2-V5-Fin-D","즐거운 추억이 될 쇼핑 아이템들을 찾으시나요?
인사동에는 다양한 전통문화 상점들이 있어요","Looking for fun keepsakes? Insadong has a variety of traditional shops waiting for you!
","お土産探しならインサドン！
伝統雑貨や工芸品など魅力的なお店が勢ぞろい！","想找有趣的紀念品嗎？仁寺洞有各式傳統店鋪，等你來逛逛喔！","인사동 앰버서더 NO.2 ""인정""","Insa-dong Ambassador NO.2 ""INJUNG""","Insa-dong Ambassador NO.2 ""INJUNG""","Insa-dong Ambassador NO.2 ""INJUNG""","기본화면 -> 뭐사지 버튼","",""
"27","ToBuy_Category","M=Hanbok05=30-2C-11=1-V5-Fin-D","무엇을 살지 고민되시나요?  추천하는 카테고리를 참고해보세요!
즐거운 인사동 쇼핑, 매장을 클릭하면 자세한 정보를 볼 수 있어요.","Not sure what to buy? Check out my picks and enjoy shopping in Insadong! Tap a store to see more details.","何を買うか迷ったら？おすすめ商品をチェックしてインサドンでの買い物を楽しんで！
詳しくはお店をタップしてください","不知道買什麼好？看看我的推薦，開心逛仁寺洞吧！
點店家看更多詳情。","인사동 앰버서더 NO.2 ""인정""","Insa-dong Ambassador NO.2 ""INJUNG""","Insa-dong Ambassador NO.2 ""INJUNG""","Insa-dong Ambassador NO.2 ""INJUNG""","기본화면 -> 뭐사지 버튼 -> 카테고리선택","",""
"28","ToBuy_Detail","M=Hanbok05=30-3C-11=1-V5-Fin-D","핸드폰으로 [QR] 코드를 찍으시면 길을 안내 받으실수 있어요.","Scan the QR code with your phone for 
easy directions to get there.","QRコードをスマホで読み取ると目的地までの行き方が表示されます","用手機掃描QR碼，輕鬆獲取到店路線指引。","인사동 앰버서더 NO.2 ""인정""","Insa-dong Ambassador NO.2 ""INJUNG""","Insa-dong Ambassador NO.2 ""INJUNG""","Insa-dong Ambassador NO.2 ""INJUNG""","기본화면 -> 뭐사지 버튼 -> 카테고리선택 -> 상세검색","",""
"29","ToGallery","M=hanbok01=6.1-02=4-V4-fin","인사동에는 다양하고 많은 미술관들이 있어요 
매주 다양한 전시와 행사가 있으니 방문해보는건 어떨까요?","Tap to explore antiques, crafts, galleries, and historic spots—click a shop for more details!","インサドンには非常に多くのギャラリーがあります。多くの作品を鑑賞し、購入もできるので、見て回ってはいかがでしょうか？","仁寺洞有许多特色美术馆，每周都有精彩展览和活动，不如来逛逛吧？","인사동 앰버서더 NO.1 ""인사""","Insa-dong Ambassador NO.1 ""INSA""","Insa-dong Ambassador NO.1 ""INSA""","Insa-dong Ambassador NO.1 ""INSA""","기본화면 -> 인사동 미술관","",""
"30","ToGallery_Category","M=hanbok01=6.2-02=3-V4-fin","고미술, 고미술, 표구, 전시관, 역사유적지등을 클릭해 방문해보세요
매장을 클릭하시면 더욱 상세한 정보를 얻을 수 있어요","Tap to explore antiques, crafts, galleries, 
and historic spots—click a shop for more details!","ギャラリーをクリックするとギャラリーの紹介と行き方をお知らせします。","点击查看古美术、工艺、裱画、展馆和历史遗址，点击商铺可获取详细信息！","인사동 앰버서더 NO.1 ""인사""","Insa-dong Ambassador NO.1 ""INSA""","Insa-dong Ambassador NO.1 ""INSA""","Insa-dong Ambassador NO.1 ""INSA""","기본화면 -> 인사동 미술관-> 카테고리선택","",""
"31","ToGallery_Detail","M=hanbok01=6.3-02=1-V4-fin","인사'가 찾아드리는 모든 미술관들은
핸드폰으로 [QR] 코드를 찍으시면 길을 안내 받으실수 있어요.","For any gallery just scan the [QR] code 
with your phone to get directions!","携帯電話で[QR] コードを撮影すると道案内が受けられます。","Insa推荐的所有美术馆，用手机扫[QR]码即可获取导航！","인사동 앰버서더 NO.1 ""인사""","Insa-dong Ambassador NO.1 ""INSA""","Insa-dong Ambassador NO.1 ""INSA""","Insa-dong Ambassador NO.1 ""INSA""","기본화면 -> 인사동 미술관 -> 카테고리선택 -> 상세검색","",""
"32","TaxFree","M=Hanbok03=18.1-08=1-V11-Fin-D","택스 리펀드 서비스에 오신 것을 환영합니다. 
진행을 위해 택스 리펀드 영수증을 꼭 지참해 주세요.","Welcome to tax refund! Please have your refund 
receipt ready. Follow the screen instructions carefully.","タックスリファンドサービスへようこそ。
手続きを進めるために、必ずタックスリファンドの領収書をご持参ください","歡迎使用退稅服務！請準備好退稅收據，依螢幕指示操作。","인사동 앰버서더 NO.2 ""인정""","Insa-dong Ambassador NO.2 ""INJUNG""","Insa-dong Ambassador NO.2 ""INJUNG""","Insa-dong Ambassador NO.2 ""INJUNG""","기본화면 -> 텍스프리 ","",""
"33","TaxFree","M=Hanbok03=18.2-08=7-V11-Fin-D","화면에 설명대로 진행해주세요. 택스 리펀드 영수증 번호를 입력하거나 바코드 스캐너를 사용하여 스캔하세요","Follow the on-screen instructions. 
Enter your refund receipt number or scan the barcode.","画面の指示に従ってください。
タックスリファンドの領収書番号を入力するか、バーコードスキャナーでスキャンしてください","按照畫面提示，輸入退稅收據號碼或掃描條碼完成操作。","인사동 앰버서더 NO.2 ""인정""","Insa-dong Ambassador NO.2 ""INJUNG""","Insa-dong Ambassador NO.2 ""INJUNG""","Insa-dong Ambassador NO.2 ""INJUNG""","기본화면 -> 텍스프리 -> 테스리펀드시작","",""
"34","TaxFree","M=Hanbok03=18.3-08=3-V11-Fin-D","영수증이 성공적으로 처리되었습니다! 
공항에서 세관 등록을 하면 신용카드로 택스가 리펀드됩니다. ","Receipt processed successfully! Complete customs 
at the airport, and your refund will be credited","領収書が正常に処理されました！
空港で税関登録を行うと、クレジットカードにタックスリファンドが返金されます","收據已成功處理！在機場完成海關登記，退稅金將刷回信用卡。","인사동 앰버서더 NO.2 ""인정""","Insa-dong Ambassador NO.2 ""INJUNG""","Insa-dong Ambassador NO.2 ""INJUNG""","Insa-dong Ambassador NO.2 ""INJUNG""","기본화면 -> 텍스프리 -> 테스리펀드시작 -> 완료 ","",""
"35","TaxFree","M=Hanbok03=18.1-08=1-V11-Fin-D","지금 키오스크에서 면세로 등록하세요. 시간을 절약하고 나중에 더욱 편리한 공항 이용을 즐겨보세요.
","Register tax-free at our kiosk now—save time and enjoy a smoother airport experience later.","今すぐキオスクで免税登録をしてください。
時間を節約し、後でより便利な空港利用をお楽しみください","现在在我们自助机办理免税登记，节省时间，轻松享受顺畅的机场体验！","인사동 앰버서더 NO.2 ""인정""","Insa-dong Ambassador NO.2 ""INJUNG""","Insa-dong Ambassador NO.2 ""INJUNG""","Insa-dong Ambassador NO.2 ""INJUNG""","기본화면 -> 텍스프리 -> 텍스프리 가맹점 문의 ","",""
"36","Here","M=Hanbok02=12.1-05=5-V11-Fin-D","대한민국의 전통이 살아 숨쉬는 인사동에 오신걸 환영합니다. 
인사동에는 다양한 한국의 전통을 느낄 수 있는 매장들이 많아요 ","Welcome to Insadong — where Korea’s traditions come alive! Explore shops & restaurants full of authentic culture.","韓国の伝統が息づくインサドンへようこそ。文化あふれるお店やレストランを楽しもう！
","欢迎来到仁寺洞，这里传承着韩国的传统文化。这里有许多感受韩国传统的店铺！","인사동 앰버서더 NO.2 ""인정""","Insa-dong Ambassador NO.2 ""INJUNG""","Insa-dong Ambassador NO.2 ""INJUNG""","Insa-dong Ambassador NO.2 ""INJUNG""","기본화면 -> 여기는 인사동 1","",""
"37","Here","M=Hanbok02=12.2-05=1-V11-Fin-D","WIT AI SMART KIOSK를 통해 다양한 정보를 경험하시고 
한복착장을 통해 잼있는 한국의 전통체험도 경험해보세요  ","Explore a variety of info with WIT AI SMART KIOSK, and enjoy fun Korean tradition by trying on hanbok!","WIT AIスマートキオスクで情報をチェック！韓服体験で楽しい伝統文化にもふれてみて！","通过WIT AI智能自助机获取丰富信息，还能试穿韩服，体验有趣的韩国传统！","인사동 앰버서더 NO.2 ""인정""","Insa-dong Ambassador NO.2 ""INJUNG""","Insa-dong Ambassador NO.2 ""INJUNG""","Insa-dong Ambassador NO.2 ""INJUNG""","기본화면 -> 여기는 인사동 2","",""
"38","Here","M=Hanbok02=12.3-05=2-V11-Fin-D","핸드폰으로 [QR] 코드를 통해 길 안내를 받을 수 있고 
한복 착장의 결과물을 핸드폰에 저장할 수 있어요 ","Scan the [QR] code with your phone for directions, and save your hanbok photo right to your device!","QRコードをスマホで読み取り道順を確認。韓服写真は端末に保存できます！","用手机扫码获取路线指引，还能把韩服照片保存到手机里！","인사동 앰버서더 NO.2 ""인정""","Insa-dong Ambassador NO.2 ""INJUNG""","Insa-dong Ambassador NO.2 ""INJUNG""","Insa-dong Ambassador NO.2 ""INJUNG""","기본화면 -> 여기는 인사동 3","",""
"39","Greeting","M=hanbok01=7.1-02=1-V4-fin","안녕하세요! 인사동의 마스코트 ‘인사’예요. 저는 21살 MZ세대 대학생이고, K-POP, 반려동물, 맛집 탐방을 좋아해요.","Hi! I'm Insa, Insadong's mascot. I'm 21, love K-pop, pets, photos, and exploring tasty spots with friends!","こんにちは！インサドンのマスコット「インサ」です。21歳のMZ世代で、K-POPやペット、美味しいお店巡りが大好きです。","你好，我是仁寺洞的吉祥物仁沙！我是21岁的MZ世代大学生，喜欢K-pop、宠物和挖掘好吃的店。","인사동 앰버서더 NO.1 ""인사""","Insa-dong Ambassador NO.1 ""INSA""","Insa-dong Ambassador NO.1 ""INSA""","Insa-dong Ambassador NO.1 ""INSA""","기본화면 -> 안녕인사_1","",""
"40","Greeting","M=hanbok01=7.2-02=1-V4-fin","‘인사동에 대해서 궁금하신 것은 무엇이든 물어보세요.
인사동의 다양한 전통문화와 미션들을 알려드릴께요.","If you're ever curious about Insadong or anything else, feel free to ask me!","インサドンで気になることがあれば、なんでも聞いてね！伝統文化やおすすめスポットを楽しく紹介するよ。","如果你对仁寺洞或其他任何事感到好奇，随时可以来问我哦！","인사동 앰버서더 NO.1 ""인사""","Insa-dong Ambassador NO.1 ""INSA""","Insa-dong Ambassador NO.1 ""INSA""","Insa-dong Ambassador NO.1 ""INSA""","기본화면 -> 안녕인사 -> 카테고리 선택","",""
"41","Greeting_Hobby","1.1.v2Swapped=4=ok","인사는 K-POP 노래와 춤을 연습해요 
그리고 요즘에는 테니스와 골프도 배우고 있어요 ","Insa practices K-POP singing and dancing.
Lately, she's also learning tennis and golf!","インサはK-POPの歌とダンスを練習しています。
最近はテニスとゴルフも習っています！","Insa正在练习K-POP歌曲和舞蹈，
最近还在学习网球和高尔夫！","인사동 앰버서더 NO.1 ""인사""","Insa-dong Ambassador NO.2 ""INJUNG""","Insa-dong Ambassador NO.2 ""INJUNG""","Insa-dong Ambassador NO.2 ""INJUNG""","","",""
"42","Greeting_Stretching","M=O-Insa=10-1A-04A(Fw)=2-V2-Fin_D","인사동은 즐거우신가요? 저를 따라서 스트레칭 어떠신가요? 
스트레칭한번하고 다시 즐거운 여정을 떠나보세요 ","Enjoying Insa-dong? Let’s stretch together, 
then continue your fun journey!","インサドンは楽しいですか？
一緒にストレッチして、また楽しみましょう！

","在仁寺洞玩得开心吗？
跟我一起伸展一下，然后继续愉快的旅程吧！

","인사동 앰버서더 NO.2 ""인정""","Insa-dong Ambassador NO.2 ""INJUNG""","Insa-dong Ambassador NO.2 ""INJUNG""","Insa-dong Ambassador NO.2 ""INJUNG""","","",""
"43","Greeting_Stretching","M=O-Insa=10-3A-04A(Fw)=3-V2-Fin_D","자 우선 손목과 팔목을 풀어볼까요~
다음은 어떄를 시계방향으로 돌려주세요 ","First, loosen your wrists and arms. Next, 
rotate your shoulders clockwise, like this!","まずは手首と腕をゆるめてください。
次に、肩を時計回りに回します。このように！","先活動手腕和手臂～
接著像這樣順時針轉轉你的肩膀！","인사동 앰버서더 NO.2 ""인정""","Insa-dong Ambassador NO.2 ""INJUNG""","Insa-dong Ambassador NO.2 ""INJUNG""","Insa-dong Ambassador NO.2 ""INJUNG""","","",""
"44","Greeting_Stretching","M=O-Insa=10-4A-04(Fw)=3-V2-Fin_D","다음은 좀더 크게 어깨운동을 해볼거에요 
그리고 팔꿈치가 무릅에 닿을수 있게 양쪽으로 해보세요 ","Now, let’s stretch those shoulders bigger. 
Try to touch your elbows to your knees on both sides!","では、肩を大きくストレッチしましょう。
両側の肘を膝にタッチするようにしてみてください！","現在來個大動作～試試讓手肘碰到膝蓋，
左右兩邊都來一次！","인사동 앰버서더 NO.2 ""인정""","Insa-dong Ambassador NO.2 ""INJUNG""","Insa-dong Ambassador NO.2 ""INJUNG""","Insa-dong Ambassador NO.2 ""INJUNG""","","",""
"45","Greeting_Stretching","M=O-Insa=10-2A-04A(Fw)=6-V2-Fin_D","모두 너무 열심히 잘 따라서 해주셨어요~최고에요 
이제 다시 인사동의 다양한 장소를 여행해보세요 ^^","Great job following along—awesome! Now, 
let’s get back to exploring Insadong’s gems! ^^","よくできましたね—素晴らしい！
それでは、また仁寺洞の魅力を探しに戻りましょう！^^","做得太棒了～你超厲害！
現在一起回到仁寺洞繼續發現驚喜吧！^^","인사동 앰버서더 NO.2 ""인정""","Insa-dong Ambassador NO.2 ""INJUNG""","Insa-dong Ambassador NO.2 ""INJUNG""","Insa-dong Ambassador NO.2 ""INJUNG""","","",""
"46","ToHelp","M=Hanbok05=8-1C-11=5-V5-Fin-D","도움이 필요하시거나 필수 서비스를 찾고 계신가요? 
제가 도와드릴 수 있는 것을 알려주세요","Need assistance or looking for essential services?
Let me know how I can help","お困りのことや必要なサービスをお探しですか？
私にできることがあれば、教えてくださいね！","需要帮助或在找重要服务吗？
告诉我你需要什么，我来帮你！","인사동 앰버서더 NO.2 ""인정""","Insa-dong Ambassador NO.2 ""INJUNG""","Insa-dong Ambassador NO.2 ""INJUNG""","Insa-dong Ambassador NO.2 ""INJUNG""","기본화면 -> 도와줘인사-> 카테고리선택 ","",""
"47","ToHelp_Category","M=Hanbok05=8-2C-11=4-V5-Fin-D","필요한신 내용을 클릭하시면 더욱 상세한 정보를 얻으실 수 있어요. ","Click on the information you need to get more detailed details.","必要な情報をクリックすると、
さらに詳しい情報を得ることができます。","点击所需的内容，您可以获取更详细的信息。","인사동 앰버서더 NO.2 ""인정""","Insa-dong Ambassador NO.2 ""INJUNG""","Insa-dong Ambassador NO.2 ""INJUNG""","Insa-dong Ambassador NO.2 ""INJUNG""","기본화면 -> 도와줘인사-> 카테고리선택  1","",""
"48","ToHelp_Detail","M=Hanbok05=8-4C-11=1-V5-Fin-D","핸드폰으로 [QR] 코드를 찍으시면 길을 안내 받으실수 있어요.","Scan the [QR] code with your phone to 
receive detailed directions
","スマートフォンで［QR］コードを読み取れば、
道案内を受けることができますよ。","用手机扫描 [QR] 码即可获取详细路线指引。","인사동 앰버서더 NO.2 ""인정""","Insa-dong Ambassador NO.2 ""INJUNG""","Insa-dong Ambassador NO.2 ""INJUNG""","Insa-dong Ambassador NO.2 ""INJUNG""","기본화면 -> 도와줘인사-> 카테고리선택 -> 상세검색","",""
"49","Map","M=Hanbok03=15.1C-08=1-V11-Fin-D","즐거운 추억이 될 쇼핑 아이템들을 찾으시나요?
인사동에는 다양한 전통문화 상점들이 있어요.","Explore the map for a quick overview. For tailored recommendations, try the AI course or search by category.","地図で全体をサッと確認。自分に合ったおすすめはAIコースやカテゴリー検索を使ってみてください。","通过地图快速了解周边。想获取个性化推荐？试试AI路线或按类别搜索吧。","인사동 앰버서더 NO.2 ""인정""","Insa-dong Ambassador NO.2 ""INJUNG""","Insa-dong Ambassador NO.2 ""INJUNG""","Insa-dong Ambassador NO.2 ""INJUNG""","기본화면 -> 지도","",""
"50","Exchange","M=Hanbok05=22-1-11=2-V5-Fin-D","오늘자 환율 정보입니다. 주변은행에서 환전이 가능해요. 
검색기능을 통해 주변 은행을 검색해 보세요 ","Here is today's exchange rate information. 
Use the search function to find nearby banks.","今日の為替レート情報です。
近くの銀行で両替が可能です。","这是今天的汇率信息。您可以在附近的银行进行兑换。
请通过搜索功能查找周围的银行。","인사동 앰버서더 NO.2 ""인정""","Insa-dong Ambassador NO.2 ""INJUNG""","Insa-dong Ambassador NO.2 ""INJUNG""","Insa-dong Ambassador NO.2 ""INJUNG""","기본화면 -> 환율","",""
"51","Transport","M=hanbok01=6.1-02=4-V4-fin","인사동의 지도와 교통편을 확인해보세요 
키오스트가 설치된 곳을 확인하고 이용해보세요 ","Check the map and transportation options in Insadong.","仁寺洞の地図と交通手段を確認してください。
キオスクが設置されている場所を確認してご利用ください","查看仁寺洞的地图和交通信息。","인사동 앰버서더 NO.1 ""인사""","Insa-dong Ambassador NO.1 ""INSA""","Insa-dong Ambassador NO.1 ""INSA""","Insa-dong Ambassador NO.1 ""INSA""","기본화면 -> 교통안내","",""
"52","Transport_Category","M=hanbok01=6.2-02=3-V4-fin","종로구에서 만든 '종로픽'을 통해서 주차장을 이용해보세요 ","Find where the kiosks are installed and give them a try.","鍾路区が作った『鍾路ピック』を使って駐車場をご利用ください","查询自助机位置，方便使用体验。","인사동 앰버서더 NO.1 ""인사""","Insa-dong Ambassador NO.1 ""INSA""","Insa-dong Ambassador NO.1 ""INSA""","Insa-dong Ambassador NO.1 ""INSA""","기본화면 -> 교통안내 -> 주차정보 ","",""
"53","Transport_Detail","M=hanbok01=6.3-02=1-V4-fin","핸드폰으로 [QR] 코드를 찍으시면 길을 안내 받으실수 있어요.","Scan the [QR] code with your phone to 
receive detailed directions","スマートフォンで［QR］コードを読み取れば、
道案内も受けられますよ","用手機掃描 [QR] 碼，即可獲得詳細路線指引！","인사동 앰버서더 NO.1 ""인사""","Insa-dong Ambassador NO.1 ""INSA""","Insa-dong Ambassador NO.1 ""INSA""","Insa-dong Ambassador NO.1 ""INSA""","","",""
"54","ToStay","M=hanbok01=6.1-02=4-V4-fin","편안한 숙소를 찾고 계신가요?
인사동 주변의 호텔, 한옥, 게스트하우스를 확인해보세요!","Looking for a comfy stay? Browse hotels, guesthouses, and hanok stays near Insadong!","快適な宿をお探しですか？
インサドン周辺のホテルや韓屋宿をチェックしてみてください！","想找舒適的住宿嗎？
仁寺洞附近有飯店、韓屋、民宿等你選擇！","인사동 앰버서더 NO.1 ""인사""","Insa-dong Ambassador NO.1 ""INSA""","Insa-dong Ambassador NO.1 ""INSA""","Insa-dong Ambassador NO.1 ""INSA""","기본화면 -> 숙박안내","",""
"55","ToStay_Category","M=hanbok01=6.2-02=3-V4-fin","어디서 머물지 고민되시나요? 인사가 숙소 추천해드릴게요!
숙소를 눌러 자세한 정보를 확인하세요.","Looking for a place to stay? Check out my recommended categories! Tap on a listing for more details.","どこに泊まるか迷ったら？おすすめ宿泊カテゴリをチェック！
宿泊先をタップすると詳細が見られます。","不知道住哪裡好？看看我推薦的住宿分類吧！
點選住宿可查看詳細資訊。","인사동 앰버서더 NO.1 ""인사""","Insa-dong Ambassador NO.1 ""INSA""","Insa-dong Ambassador NO.1 ""INSA""","Insa-dong Ambassador NO.1 ""INSA""","기본화면 -> 숙박안내 ->카테고리선택 ","",""
"56","ToStay_Detail","M=hanbok01=6.3-02=1-V4-fin","핸드폰으로 [QR] 코드를 찍으시면 길을 안내 받으실수 있어요.","Scan the QR code with
 your phone for directions to get there.","QRコードをスマホで読み取ると目的地までの行き方が表示されます","用手機掃描QR碼，輕鬆獲取到店路線指引。","인사동 앰버서더 NO.1 ""인사""","Insa-dong Ambassador NO.1 ""INSA""","Insa-dong Ambassador NO.1 ""INSA""","Insa-dong Ambassador NO.1 ""INSA""","기본화면 -> 숙박안내 ->카테고리선택 ->상세검색","",""
"57","Palace","M=Hanbok02=12.1-05=5-V11-Fin-D","인사동 근처엔 고궁이 많아요! 경복궁, 창덕궁, 창경궁, 덕수궁을 한복과 함께 즐겨보세요.","Royal palaces like Gyeongbokgung, Changdeokgung, Changgyeonggung, and Deoksugung await near Insadong!","インサドン近くの景福宮・昌徳宮・昌慶宮・徳寿宮を、韓服体験と一緒に楽しんでみませんか？","仁寺洞附近有景福宫、昌德宫、昌庆宫、德寿宫，换上韩服，一起探索韩国古宫之美！","인사동 앰버서더 NO.2 ""인정""","Insa-dong Ambassador NO.2 ""INJUNG""","Insa-dong Ambassador NO.2 ""INJUNG""","Insa-dong Ambassador NO.2 ""INJUNG""","기본화면 -> 고궁안내","",""
"58","Palace_Detail","M=Hanbok02=12.2-05=1-V11-Fin-D","핸드폰으로 [QR] 코드를 찍으시면 길을 안내 받으실수 있어요.","Scan the QR code with
 your phone for directions to get there.","QRコードをスマホで読み取ると目的地までの行き方が表示されます","用手機掃描QR碼，輕鬆獲取到店路線指引。","인사동 앰버서더 NO.2 ""인정""","Insa-dong Ambassador NO.2 ""INJUNG""","Insa-dong Ambassador NO.2 ""INJUNG""","Insa-dong Ambassador NO.2 ""INJUNG""","기본화면 -> 고궁안내 ->카테고리선택 ->상세검색","",""
"59","Mission","M=hanbok01=5.1-02=2-V4-fin","미션 기능 준비 중이에요! 곧 인사동의 재미있는 문화 미션을 만나보세요.","Missions feature coming soon. Stay tuned for fun cultural quests in Insadong!","ミッション機能は準備中です！インサドンの楽しい文化体験をお楽しみに。

","任务功能准备中！敬请期待仁寺洞的有趣文化任务。

","인사동 앰버서더 NO.1 ""인사""","Insa-dong Ambassador NO.1 ""INSA""","Insa-dong Ambassador NO.1 ""INSA""","Insa-dong Ambassador NO.1 ""INSA""","기본화면 -> 인사동미션","",""
"60","Photo","M=Hanbok03=12.1B-08=2-V11-Fin-D","먼저 착용해보고 싶은 스타일을 선택하세요.  
의상을 고른 후, 사진 촬영 버튼을 눌러주세요","Start by selecting the look you want to try on. Choose your outfit, then press the photo capture button","まず試着してみたいスタイルを選んでください。
衣装を選んだら、「写真撮影」ボタンを押してください
","先選擇想體驗的造型～挑好服裝後按下拍照鍵！","인사동 앰버서더 NO.2 ""인정""","Insa-dong Ambassador NO.2 ""INJUNG""","Insa-dong Ambassador NO.2 ""INJUNG""","Insa-dong Ambassador NO.2 ""INJUNG""","기본화면 -> 촬영버튼","",""
"61","Photo_SelectHanbok","M=Hanbok03=12.2B-08=1-V11-Fin-D","카메라를 바라보고 얼굴과 손이 화면의 가이드 원 안에 
들어가도록 맞춰주세요.  모자와 안경을 벗어주세요
","Look at the camera. Keep your face and hands in the guide circles. Remove your hat and glasses.","カメラを見つめて、顔と手が画面のガイド丸の中に入るように合わせてください。帽子やメガネは外してくださいね。","請看鏡頭，將臉和雙手對準螢幕上的指引圈～請取下帽子和眼鏡喔！","인사동 앰버서더 NO.2 ""인정""","Insa-dong Ambassador NO.2 ""INJUNG""","Insa-dong Ambassador NO.2 ""INJUNG""","Insa-dong Ambassador NO.2 ""INJUNG""","기본화면 -> 촬영버튼 -> 의상선택 ","",""
"","Photo_Creating","M=Hanbok03=12.2B-08=1-V11-Fin-D","키오스크 앞에서 잠시만 기다려주세요~~
선택하신 옷으로 갈아입고 있어요. 멋진 모습을 기대하세요","Please wait a moment. You are changing into the outfit you selected. Look forward to your stylish new look~~~","少々お待ちください。お選びいただいた服に着替えています。
かっこいい姿をお楽しみに~~~","请稍等一下。正在为您更换所选的服装。
敬请期待您的帅气新造型~~~","인사동 앰버서더 NO.2 ""인정""","Insa-dong Ambassador NO.2 ""INJUNG""","Insa-dong Ambassador NO.2 ""INJUNG""","Insa-dong Ambassador NO.2 ""INJUNG""","기본화면 -> 촬영버튼-> 60초대기","",""
"","Photo_Creating","M=Hanbok03=12.2B-08=1-V11-Fin-D","키오스크 앞에서 잠시만 기다려주세요~~
선택하신 옷으로 갈아입고 있어요. 멋진 모습을 기대하세요","Please wait a moment. You are changing into the outfit you selected. Look forward to your stylish new look~~~","少々お待ちください。お選びいただいた服に着替えています。
かっこいい姿をお楽しみに~~~","请稍等一下。正在为您更换所选的服装。
敬请期待您的帅气新造型~~~","인사동 앰버서더 NO.2 ""인정""","Insa-dong Ambassador NO.2 ""INJUNG""","Insa-dong Ambassador NO.2 ""INJUNG""","Insa-dong Ambassador NO.2 ""INJUNG""","기본화면 -> 촬영버튼-> 60초대기","",""
"","Photo_Creating","M=Hanbok03=12.2B-08=1-V11-Fin-D","키오스크 앞에서 잠시만 기다려주세요~~
선택하신 옷으로 갈아입고 있어요. 멋진 모습을 기대하세요","Please wait a moment. You are changing into the outfit you selected. Look forward to your stylish new look~~~","少々お待ちください。お選びいただいた服に着替えています。
かっこいい姿をお楽しみに~~~","请稍等一下。正在为您更换所选的服装。
敬请期待您的帅气新造型~~~","인사동 앰버서더 NO.2 ""인정""","Insa-dong Ambassador NO.2 ""INJUNG""","Insa-dong Ambassador NO.2 ""INJUNG""","Insa-dong Ambassador NO.2 ""INJUNG""","기본화면 -> 촬영버튼-> 60초대기","",""
"63","Photo_Complete","M=Hanbok03=12.3B-08=2-V11-Fin-D"," 의상을 입은 사진이 나오면 저장하기 버튼을 눌러주세요 
QR 코드를 스캔하시면 사진을 기기에 바로 저장하실 수 있습니다.","When your photo appears, press Save.
Scan the QR code to download it.","衣装の写真が出たら保存ボタンを押してください。
QRコードをスキャンすると端末に保存できます。

","当穿着服装的照片出现时，请点击保存按钮。
扫描二维码即可将照片直接保存到您的设备。","인사동 앰버서더 NO.2 ""인정""","Insa-dong Ambassador NO.2 ""INJUNG""","Insa-dong Ambassador NO.2 ""INJUNG""","Insa-dong Ambassador NO.2 ""INJUNG""","기본화면 -> 촬영버튼-> 60초대기 ->결과물저장","",""
"64","HanbokExplain","M=Hanbok02=11-05=3-V11-Fin-D","한복은 한국의 역사와 문화가 담긴 전통 의복입니다. 
고유의 아름다움을 직접 AR로 한복을 착장해보세요!","Hanbok is a traditional Korean attire 
with history and culture. Try it on in AR!

","韓服は韓国の歴史と文化を持つ伝統衣装です。
ARで着てみましょう！

","韩服是承载韩国历史与文化的传统服饰。
快用AR试穿吧！

","인사동 앰버서더 NO.2 ""인정""","Insa-dong Ambassador NO.2 ""INJUNG""","Insa-dong Ambassador NO.2 ""INJUNG""","Insa-dong Ambassador NO.2 ""INJUNG""","기본화면 -> 한복설명","",""
"65","Toilet","M=Hanbok05=8-3C-11=2-V5-Fin-D","여기 지정된 화장실/ 흡연 구역입니다. 
휴대폰으로 [QR] 코드를 스캔하면 길 안내를 받을 수 있어요.
","Here are the smoking areas. Scan the QR code on your phone to get detailed directions.","こちらが指定された喫煙エリアです。スマートフォンで［QR］
コードをスキャンすると、詳しい道案内が表示されます。
","这里是指定吸烟区。
用手机扫描 [QR] 码获取详细导航。","인사동 앰버서더 NO.2 ""인정""","Insa-dong Ambassador NO.2 ""INJUNG""","Insa-dong Ambassador NO.2 ""INJUNG""","Insa-dong Ambassador NO.2 ""INJUNG""","기본화면 -> 화장실/흡연구역 ","",""
"66","Weather_Sunny","M=hanbok01=7.2-02=1-V4-fin","오늘 인사동의 날씨는 너무 너무 화창하고 맑아요 
인사의 기분도 너무 좋은데 여러분도 신나는 인사동을 즐겨보세세요 ","It’s a bright and sunny day in Insa-dong!
Insa is feeling great—come enjoy the fun vibes too!","インサドンは今日も晴れて気持ちいいです！
インサも元気なので、ぜひ遊びに来てください！","今天仁寺洞阳光明媚！
Insa心情很好，欢迎大家来玩！","인사동 앰버서더 NO.2 ""인정""","Insa-dong Ambassador NO.2 ""INJUNG""","Insa-dong Ambassador NO.2 ""INJUNG""","Insa-dong Ambassador NO.2 ""INJUNG""","","",""
"67","Weather_Rain","M=hanbok01=7.2-02=1-V4-fin","오늘은 인사동의 날씨가 비(눈)이 내린다고 해요 
우산 꼭 챙기시고요. 비가와도 운치있는 인사동을 즐겨보세요~","It’s rainy(or snowy) in Insadong today. Don’t forget 
your umbrella! Enjoy the charming Insadong even in rain.","今日は仁寺洞で雨（または雪）が降ります。傘を忘れずに。
雨でも風情ある仁寺洞を楽しんで！","今天仁寺洞下雨（或下雪）。
记得带伞！雨中也能享受仁寺洞的韵味哦。","인사동 앰버서더 NO.2 ""인정""","Insa-dong Ambassador NO.2 ""INJUNG""","Insa-dong Ambassador NO.2 ""INJUNG""","Insa-dong Ambassador NO.2 ""INJUNG""","","",""
"68","Weather_Cold","M=hanbok01=7.2-02=1-V4-fin","오늘은 인사동의 날씨가 아주춥다고 해요 (너무 추워요ㅜㅜ)
옷을 따뜻하게 입고 인사동에서 따뜻한 차한잔 어떨까요?","Insadong is really cold today (so chilly! ㅠㅠ). 
Dress warmly and enjoy a hot tea there!","仁寺洞は今日はとても寒いです（寒い！ㅜㅜ）
暖かくして温かいお茶をどうぞ！","听说明洞今天很冷（太冷了ㅜㅜ），
穿暖点，去喝杯热茶吧！","인사동 앰버서더 NO.2 ""인정""","Insa-dong Ambassador NO.2 ""INJUNG""","Insa-dong Ambassador NO.2 ""INJUNG""","Insa-dong Ambassador NO.2 ""INJUNG""","","",""