"운영팀> 1번 모니터> AI모델 영상 자막 + 우측상단 표기  NO","Key","VideoFileName","KR","EN","JP","CN","우측상단 서브타이틀 KR","EN","JP","CN","재생조건 재생조건(Condition)","Description","넘버링 ICON-NO"
"1","Default","M1-A=6-C-V1-Fin-down","저는 오색시장의 마스코트 '정이'예요! 
오색시장 구석구석을 소개해 드릴게요","Hi, I’m Jeong-i! Let me guide you through every corner of Osaek Market.","こんにちは、ジョンイです！
五色市場の隅々までご案内します。","嗨，我是正伊！
让我带你逛遍五色市场的每个角落。","전통시장 엠버서더 '정이'","Traditional Market Ambassador “Jeong-i”","伝統市場アンバサダー「ジョンイ」","传统市场大使“正伊”","기본화면-01=정이소개-댄스","","0-1-1(S)"
"2","Default","M19-H2=2-V1-Fin-down","한복은 한국의 역사와 문화가 담긴 전통 의복입니다. 
고유의 아름다움을 직접 AR로 한복을 착장해보세요!","Hanbok is Korea’s traditional attire, loved for its beauty. Try it on with AR and feel the culture!","韓服（ハンボク）は韓国の伝統衣装。
美しいデザインをARで試着してみましょう！","韓服是蘊含韓國歷史與文化的傳統服飾，
獨特之美深受全球喜愛～現在用AR來體驗看看吧！","전통시장 엠버서더 '정이'","Traditional Market Ambassador “Jeong-i”","伝統市場アンバサダー「ジョンイ」","传统市场大使“正伊”","기본화면-02=한복체험소개","","0-1-2(W)"
"3","Default","M25-A=3-V1-Fin-down","시장 안에 숨은 맛집과 명소, 오색시장의 마스코트 
'정이'가 바로 바로 찾아드려요!","Hidden food spots and attractions 
Jeong-i will help you find them!","隠れた名店を探していますか？
おすすめのお店や食堂をご紹介します。","想找隐藏的好店吗？
我可以帮你发现最佳商铺和美食。","전통시장 엠버서더 '정이'","Traditional Market Ambassador “Jeong-i”","伝統市場アンバサダー「ジョンイ」","传统市场大使“正伊”","기본화면-03=서치기능소개","","0-2-1(H)"
"4","Default","M16-H3-A=2-C-V1-Fin-down","4개 언어(한국어, 영어, 일본어, 중국어) 지원! 
누구나 편리하게 이용할 수 있어요.","The kiosk supports 4 languages
Korean, English, Japanese, and Chinese.","このキオスクは4か国語に対応：
韓国語、英語、日本語、中国語。","谁都能方便使用哦。
4か国語（韓国語・英語・日本語・中国語）対応！","전통시장 엠버서더 '정이'","Traditional Market Ambassador “Jeong-i”","伝統市場アンバサダー「ジョンイ」","传统市场大使“正伊”","기본화면-04=다국어가능안내","","0-3-1(S)"
"5","Default","M26-B-(3)=8-V1-Fin-down","정조 시대부터 이어진 오색시장~
오래된 전통과 활기를 직접 체험해 보세요.","With history dating back to King Jeongjo’s era, Osaek Market is full of stories to explore.","正祖時代から続く五色市場には、
多くの物語が詰まっています。","五色市场自正祖时代以来延续至今，
充满了值得探索的故事。","전통시장 엠버서더 '정이'","Traditional Market Ambassador “Jeong-i”","伝統市場アンバサダー「ジョンイ」","传统市场大使“正伊”","기본화면-05=전통이 있는 시장","",""
"6","Default","M21-H1(1) 5-V2-Fin-down","쇼핑리스트 있으신가요? 
'정이'가 필요한 가게를 바로 안내해 드려요.","Got a shopping list? 
Let me show you the right stalls in no time.","買い物リストがありますか？
すぐにぴったりのお店を案内します。","有购物清单吗？
让我立刻带你找到合适的摊位。","전통시장 엠버서더 '정이'","Traditional Market Ambassador “Jeong-i”","伝統市場アンバサダー「ジョンイ」","传统市场大使“正伊”","기본화면_6(상점을 안내)","",""
"7","Default","M26-B-(3)=8-V1-Fin-down","전통시장에서 특별한 선물 찾으세요? 
전통 간식부터 생활용품까지 다 있어요!","Want a unique gift? 
Find traditional snacks, local goods, and more!","特別な贈り物を探していますか？
伝統菓子や地元商品などが見つかります！","想要独特的礼物吗？
这里有传统小吃、本地商品等你挑选！","전통시장 엠버서더 '정이'","Traditional Market Ambassador “Jeong-i”","伝統市場アンバサダー「ジョンイ」","传统市场大使“正伊”","기본화면_7(구매정보제공)","",""
"8","Default","M40-A=4-V1-Fin-down","시장에 오는 재미는 먹거리 탐방이죠.
맛집 추천은 '정이'에게 맡겨주세요","Market fun = food hunting. 
Let Jeong-i guide you!
","市場の魅力は食べ物！
一番人気の屋台料理を教えます。","来市场的乐趣就在于美食探索。
美食推荐就交给“正伊”吧。","전통시장 엠버서더 '정이'","Traditional Market Ambassador “Jeong-i”","伝統市場アンバサダー「ジョンイ」","传统市场大使“正伊”","기본화면_8(맛집추천)","",""
"9","Default","M23-A-(1)=7-V1-Fin-down","정이'가 주변 가볼만한 관광지도 알려드려요. 
시장 나들이 후에 갈만한 곳이 많답니다!","Want to explore more? I can show you nearby attractions after your market visit.","もっと楽しみたいですか？
市場の後に行ける周辺観光地もご案内します。","想探索更多吗？
我可以带你看看市场周边的景点。","전통시장 엠버서더 '정이'","Traditional Market Ambassador “Jeong-i”","伝統市場アンバサダー「ジョンイ」","传统市场大使“正伊”","기본화면_9(오색시장)","",""
"10","Default","M34-B-(1)=2 1 V2 Iris2-Fin-down","오색시장은 전통과 현대가 어우러진 공간이에요. 
'정이'가 길잡이가 되어 드릴게요","Osaek Market blends tradition and modern life—let Jeong-i be your guide!","五色市場は伝統と現代が融合する場所。
ジョンイがご案内します！","五彩市场是传统与现代交融的空间。
“正伊”将成为您的向导。","전통시장 엠버서더 '정이'","Traditional Market Ambassador “Jeong-i”","伝統市場アンバサダー「ジョンイ」","传统市场大使“正伊”","기본화면_10(오색시장)","",""
"11","Search","M14-A-(1)=3-C-V1-Fin-down","오색시장은 숨은 보물들로 가득해요.
아래에 가게 이름을 적어주시면, 제가 빠르게 찾아드릴게요","Osaek Market is full of hidden gems.
Type a store name, and I’ll help you find it!","オセク市場には素敵な場所がいっぱい。
下のキーボードでお店を検索できます。","五彩市场充满了隐藏的宝藏。
在下面写上店名，我会帮你快速找到！","전통시장 엠버서더 '정이'","Traditional Market Ambassador “Jeong-i”","伝統市場アンバサダー「ジョンイ」","传统市场大使“正伊”","기본화면 -> 서치선택","",""
"12","Search_Enter","M14-A-(3)=2-C-V1-Fin-down","매장을 클릭하시면 더욱더 상세한 정보를 얻을 수 있어요
매장의 사진, 정보, 오픈시간을 확인해보세요","Click a store to get more details.
Check out the store’s photos, info, opening hours.","店舗をクリックすると、
さらに詳しい情報をご覧いただけます。
","点击商店即可获取更详细的信息。
查看商店的照片、信息和营业时间吧。","전통시장 엠버서더 '정이'","Traditional Market Ambassador “Jeong-i”","伝統市場アンバサダー「ジョンイ」","传统市场大使“正伊”","기본화면 -> 서치선택 -> 검색후 엔터 ","",""
"13","Search_Detail","M14-A-(4)=3-V1-Fin-down","핸드폰으로 카메라를 열어서 [QR] 코드를 찍으시면 
방문장소의 길을 안내 받으실수 있어요","Scan the [QR] code with your phone to 
receive detailed directions
","スマートフォンで［QR］コードを読み取れば、
道案内も受けられますよ。
","用手机打开相机扫描\[QR]码，
即可获得前往目的地的路线指引。","전통시장 엠버서더 '정이'","Traditional Market Ambassador “Jeong-i”","伝統市場アンバサダー「ジョンイ」","传统市场大使“正伊”","기본화면 -> 서치선택 -> 검색후 엔터 -> 상세검색","",""
"14","ChangeLanguage_KR","M16-H3-A=2-C-V1-Fin-down","[WITH]에서는 다국어를 지원합니다. 
지금부터 한국어로 키오스크를 이용해보세요 ","WIT AI SMART KIOSK supports multiple languages.
Please start using the kiosk in Korean now
","WIT AI SMART KIOSKは多言語に対応しています。
これから日本語でキオスクをお使いください","WIT AI SMART KIOSK支持多种语言。
现在开始请用韩语使用自助终端
","전통시장 엠버서더 '정이'","Traditional Market Ambassador “Jeong-i”","伝統市場アンバサダー「ジョンイ」","传统市场大使“正伊”","기본화면 -> 언어선택 -> 한국어 ","",""
"15","ChangeLanguage_EN","M31=3-V2-Fin-down","[WITH]에서는 다국어를 지원합니다. 
지금부터 영어로 키오스크를 이용해보세요 ","WIT AI SMART KIOSK supports multiple languages.
Please start using the kiosk in English now
","WIT AI SMART KIOSKは多言語に対応しています。
これから英語でキオスクをお使いください","WIT AI SMART KIOSK支持多种语言。
现在开始请用英语使用自助终端","전통시장 엠버서더 '정이'","Traditional Market Ambassador “Jeong-i”","伝統市場アンバサダー「ジョンイ」","传统市场大使“正伊”","기본화면 -> 언어선택 -> 영어 ","",""
"16","ChangeLanguage_JP","M33=3-V2-Fin-down","[WITH]에서는 다국어를 지원합니다. 
지금부터 일본어로 키오스크를 이용해보세요 ","WIT AI SMART KIOSK supports multiple languages.
Please start using the kiosk in Japanese now","WIT AI SMART KIOSKは多言語に対応しています。
これから日本語でキオスクをお使いください","WIT AI SMART KIOSK支持多种语言。
现在开始请用日语使用自助终端","전통시장 엠버서더 '정이'","Traditional Market Ambassador “Jeong-i”","伝統市場アンバサダー「ジョンイ」","传统市场大使“正伊”","기본화면 -> 언어선택 -> 일어 ","",""
"17","ChangeLanguage_CH","M32=7-V2-Fin-down","[WITH]에서는 다국어를 지원합니다. 
지금부터 중국어로 키오스크를 이용해보세요 ","WIT AI SMART KIOSK supports multiple languages.
Please start using the kiosk in Chinese now","WIT AI SMART KIOSKは多言語に対応しています。
これから中国語でキオスクをお使いください","WIT AI SMART KIOSK支持多种语言。
现在开始请用中文使用自助终端","전통시장 엠버서더 '정이'","Traditional Market Ambassador “Jeong-i”","伝統市場アンバサダー「ジョンイ」","传统市场大使“正伊”","기본화면 -> 언어선택- 중국어 ","",""
"18","AISearch","M14-B-(1)=3-V1-Fin-down","‘정이’ 예요. 몇시간 계실건지, 몇명이 오셨는지 알려주시면 
AI가 추천코스를 알려드릴거에요. 바로입력해보세요 

","I’m “Jeong-i.” Tell me your stay time 
and group size, and the AI will suggest a course.","私は「ジョンイ」です。 滞在時間と人数を教えてください。AIがコースを提案します。


","和家人朋友一起来了吗？
告诉我人数，我帮你安排精彩路线！

","전통시장 엠버서더 '정이'","Traditional Market Ambassador “Jeong-i”","伝統市場アンバサダー「ジョンイ」","传统市场大使“正伊”","기본화면 -> AI검색 버튼(뭐하지) ","",""
"19","AISearch_Category","M14-B-(2)=2-V1-Fin-down","A, B, C코스가 추천으로 나왔을거에요 
원하시는 코스를 선택하시면 매장별로 보실 수 있어요 ","How many people are in your group, how much time will 
you be spending? What would you like to do here?
","おすすめコースとしてA、B、Cコースが出ているはずです。
希望のコースを選ぶと、各店舗を確認できます。","推荐的A、B、C路线已经显示出来了。
选择您想要的路线，就可以查看各个商店。","전통시장 엠버서더 '정이'","Traditional Market Ambassador “Jeong-i”","伝統市場アンバサダー「ジョンイ」","传统市场大使“正伊”","기본화면 -> AI검색 버튼(뭐하지)  -> 카테고리 선택 -= 결과에서 A,B,C 선택 ","",""
"20","AISearch_Detail","M14-B-(3)=1-V1-down","핸드폰으로 카메라를 열어서 [QR] 코드를 찍으시면 
방문장소의 길을 안내 받으실수 있어요","Scan the [QR] code with your phone to receive detailed directions","スマートフォンで［QR］コードを読み取れば、
道案内も受けられますよ。","用手机打开相机扫描\[QR]码，
即可获得前往目的地的路线指引。","전통시장 엠버서더 '정이'","Traditional Market Ambassador “Jeong-i”","伝統市場アンバサダー「ジョンイ」","传统市场大使“正伊”","기본화면 -> AI검색 버튼(뭐하지) -> 카테고리 선택 -= 결과에서 A,B,C 선택 -> 상세검색 ","",""
"","","","위드마켓","","","","","","","","","",""
"30","Event","M34-B-(1)=2 1 V2 Iris2-Fin-down","오색시장에서 진행 중이거나 곧 열릴 이벤트를 확인해 보세요! 
특별 할인과 특별한 경험을 놓치지 마세요!
","Discover Insadong's festivals and events! Join us for culture, fun, and unforgettable experiences!","インサドンで現在開催中、またはもうすぐ始まるイベントをチェックしてみてください！特別な割引やユニークな体験をお見逃しなく！","关注仁寺洞的精彩活动和优惠，
别错过特别体验等你来发现！","전통시장 엠버서더 '정이'","Traditional Market Ambassador “Jeong-i”","伝統市場アンバサダー「ジョンイ」","传统市场大使“正伊”","기본화면-> 시장이벤트 ","",""
"31","ToEvent_Category","M34-B-(3)=3-V1-Fin-down","오색시장에서 열리는 축제와 특별한 이벤트를 만나보세요! 
문화 축제, 독특한 활동, 그리고 잊지 못할 경험에 함께해요!
","Discover festivals and special events! Join us for cultural celebrations and unforgettable experiences!","オセク市場の祭りやイベントを発見しよう！文化体験やユニークなアクティビティがあなたを待っています。","探索五色市场的节庆活动！
文化盛宴、特色体验与难忘时刻等你参与！","전통시장 엠버서더 '정이'","Traditional Market Ambassador “Jeong-i”","伝統市場アンバサダー「ジョンイ」","传统市场大使“正伊”","기본화면 -> 시장이벤트 -> 카테고리선택","",""
"21","ToEat","M26-B-(3)=8-V1-Fin-down","맛있는 음식 노점과 전통 식당들로 가득해 있어서, 
누구나 즐길 수 있는 장소들이 많이 있답니다!

","Osaek Market is filled with delicious food stalls and traditional eateries—there’s something for everyone!","オセク市場には美味しい屋台や伝統的な食堂がたくさん。誰でも楽しめる場所です！","五色市场美食丰富，
从小吃摊到传统餐馆，总有一款适合你！","전통시장 엠버서더 '정이'","Traditional Market Ambassador “Jeong-i”","伝統市場アンバサダー「ジョンイ」","传统市场大使“正伊”","기본화면 -> 뭐먹지 버튼","",""
"22","ToEat_Category","M26-B-(2)=2-V1-Fin-down","한정식, 분식, 전통주까지! 다양한 한식 맛집이 가득해요.
매장을 클릭하면 더 자세한 정보를 확인할 수 있어요","Korean meals, snacks, and traditional drinks! 
Click a store for details.","韓定食や軽食、伝統酒も！
店舗をクリックして詳細を確認。","韩餐、小吃、传统酒！
点击商店查看详情。","전통시장 엠버서더 '정이'","Traditional Market Ambassador “Jeong-i”","伝統市場アンバサダー「ジョンイ」","传统市场大使“正伊”","기본화면 -> 뭐먹지 버튼 -> 카테고리선택","",""
"23","ToEat_Detail","M26-B-(1)=1-V1-Fin-down","핸드폰으로 카메라를 열어서 [QR] 코드를 찍으시면 
방문장소의 길을 안내 받으실수 있어요.
","","スマホでQRコードを読み取ると目的地までの道順が表示されます","用手机打开相机扫描\[QR]码，
即可获得前往目的地的路线指引。","전통시장 엠버서더 '정이'","Traditional Market Ambassador “Jeong-i”","伝統市場アンバサダー「ジョンイ」","传统市场大使“正伊”","기본화면 -> 뭐먹지 버튼 -> 카테고리선택 -> 상세검색","",""
"24","ToBuy","M34-H2(1)=1-V1-Fin-down","즐거운 추억이 될 쇼핑 아이템들을 찾으시나요?
오색시장에는 다양한 전통시장 상점들이 있어요","Looking for fun keepsakes? Osaek Market has plenty of traditional shops and local goods waiting for you!","おすすめをチェックしてオセク市場での買い物を楽しんで！
詳しくはお店をタップしてください。","想找有趣的纪念品吗？
五色市场有各种传统店铺和在地好物等你来逛！","전통시장 엠버서더 '정이'","Traditional Market Ambassador “Jeong-i”","伝統市場アンバサダー「ジョンイ」","传统市场大使“正伊”","기본화면 -> 뭐사지 버튼","",""
"25","ToBuy_Category","M34-H2(2)=3-V1-Fin-down","무엇을 살지 고민되시나요? 카테고리를 참고해보세요!
매장을 클릭하면 자세한 정보를 볼 수 있어요","Check out my picks and enjoy shopping in Osaek Market! 
Tap a store to see more details.","何を買うか迷ったら？おすすめ商品をチェックしてインサドンでの買い物を楽しんで！
詳しくはお店をタップしてください","看看我的推荐，在五色市场开心购物吧！
点选店家查看更多详情。","전통시장 엠버서더 '정이'","Traditional Market Ambassador “Jeong-i”","伝統市場アンバサダー「ジョンイ」","传统市场大使“正伊”","기본화면 -> 뭐사지 버튼 -> 카테고리선택","",""
"26","ToBuy_Detail","M34-H2(3)=2-V1-Fin-down","핸드폰으로 카메라를 열어서 [QR] 코드를 찍으시면 
방문장소의 길을 안내 받으실수 있어요","Scan the QR code with your phone for directions to get there.","QRコードをスマホで読み取ると目的地までの行き方が表示されます","用手机打开相机扫描\[QR]码，
即可获得前往目的地的路线指引。","전통시장 엠버서더 '정이'","Traditional Market Ambassador “Jeong-i”","伝統市場アンバサダー「ジョンイ」","传统市场大使“正伊”","기본화면 -> 뭐사지 버튼 -> 카테고리선택 -> 상세검색","",""
"","",""," '정이' 뭐사지(물품)","Looking for fun keepsakes? Osaek Market has plenty of traditional shops and local goods waiting for you!","おすすめをチェックしてオセク市場での買い物を楽しんで！
詳しくはお店をタップしてください。","想找有趣的纪念品吗？
五色市场有各种传统店铺和在地好物等你来逛！","","","","","","",""
"","",""," '정이' 뭐사지(물품)","Check out my picks and enjoy shopping in Osaek Market! 
Tap a store to see more details.","何を買うか迷ったら？おすすめ商品をチェックしてインサドンでの買い物を楽しんで！
詳しくはお店をタップしてください","看看我的推荐，在五色市场开心购物吧！
点选店家查看更多详情。","","","","","","",""
"","",""," '정이' 뭐사지(물품)","Scan the QR code with your phone for directions to get there.","QRコードをスマホで読み取ると目的地までの行き方が表示されます","用手机打开相机扫描\[QR]码，
即可获得前往目的地的路线指引。","","","","","","",""
"46","TaxFree","M21-H2(1)=2-C-V1-Fin-down","택스 리펀드 서비스에 오신 것을 환영합니다. 
진행을 위해 택스 리펀드 영수증을 꼭 지참해 주세요.","Welcome to tax refund! Please have your refund 
receipt ready. Follow the screen instructions carefully.","タックスリファンドサービスへようこそ。
手続きを進めるために、必ずタックスリファンドの領収書をご持参ください","歡迎使用退稅服務！
請準備好退稅收據，依螢幕指示操作。","전통시장 엠버서더 '정이'","Traditional Market Ambassador “Jeong-i”","伝統市場アンバサダー「ジョンイ」","传统市场大使“正伊”","기본화면 -> 텍스프리 ","",""
"47","TaxFree","M21-H2(2)=2-C-V1-Fin-down","화면에 설명대로 진행해주세요. 택스 리펀드 영수증 번호를 입력하거나 바코드 스캐너를 사용하여 스캔하세요","Follow the on-screen instructions. 
Enter your refund receipt number or scan the barcode.","画面の指示に従ってください。
タックスリファンドの領収書番号を入力するか、バーコードスキャナーでスキャンしてください","按照畫面提示，
輸入退稅收據號碼或掃描條碼完成操作。","전통시장 엠버서더 '정이'","Traditional Market Ambassador “Jeong-i”","伝統市場アンバサダー「ジョンイ」","传统市场大使“正伊”","기본화면 -> 텍스프리 -> 테스리펀드시작","",""
"48","TaxFree","M21-H2(3)=2-C-V1-Fin-down","영수증이 성공적으로 처리되었습니다! 
공항에서 세관 등록을 하면 신용카드로 세금 환급됩니다. ","Receipt processed successfully! Complete customs 
at the airport, and your refund will be credited","領収書が正常に処理されました！
空港で税関登録を行うと、クレジットカードにタックスリファンドが返金されます","收據已成功處理！在機場完成海關登記，
退稅金將刷回信用卡。","전통시장 엠버서더 '정이'","Traditional Market Ambassador “Jeong-i”","伝統市場アンバサダー「ジョンイ」","传统市场大使“正伊”","기본화면 -> 텍스프리 -> 테스리펀드시작 -> 완료 ","",""
"49","TaxFree","M21-H2(1)=2-C-V1-Fin-down","지금 [WITH]에서 면세 영수증을 등록하세요. 
시간을 절약하고 더욱 편리한 공항 이용을 즐겨보세요.
","Register tax-free at our kiosk now—save time and enjoy a smoother airport experience later.","今すぐキオスクで免税登録をしてください。
時間を節約し、後でより便利な空港利用をお楽しみください","现在在我们自助机办理免税登记，
节省时间，轻松享受顺畅的机场体验！","전통시장 엠버서더 '정이'","Traditional Market Ambassador “Jeong-i”","伝統市場アンバサダー「ジョンイ」","传统市场大使“正伊”","기본화면 -> 텍스프리 -> 텍스프리 가맹점 문의 ","",""
"32","Here","M21-H1(1) 5-V2-Fin-down","오색시장은 전통과 현대가 어우러진 공간이에요. 
'정이'가 길잡이가 되어 드릴게요","Osaek Market blends tradition and modern life—let Jeong-i be your guide!","五色市場は伝統と現代が融合する場所。
ジョンイがご案内します！","五彩市场是传统与现代交融的空间。
“正伊”将成为您的向导。","전통시장 엠버서더 '정이'","Traditional Market Ambassador “Jeong-i”","伝統市場アンバサダー「ジョンイ」","传统市场大使“正伊”","기본화면 -> 오색시장-1","",""
"33","Here","M21-H1(1) 5-V2-Fin-down","지금 [WITH]를 통해 다양한 정보를 경험하시고 
한복착장을 통해 잼있는 한국의 전통체험도 경험해보세요  ","Explore a variety of info with WIT AI SMART KIOSK, and enjoy fun Korean tradition by trying on hanbok!","WIT AIスマートキオスクで情報をチェック！韓服体験で楽しい伝統文化にもふれてみて！","通过WIT AI智能自助机获取丰富信息，
还能试穿韩服，体验有趣的韩国传统！","전통시장 엠버서더 '정이'","Traditional Market Ambassador “Jeong-i”","伝統市場アンバサダー「ジョンイ」","传统市场大使“正伊”","기본화면 -> 오색시장-2","",""
"34","Here","M21-H1(1) 5-V2-Fin-down","핸드폰으로 [QR] 코드를 통해 길 안내를 받을 수 있고 
한복 착장의 결과물을 핸드폰에 저장할 수 있어요 ","Scan the [QR] code with your phone for directions, and save your hanbok photo right to your device!","QRコードをスマホで読み取り道順を確認。韓服写真は端末に保存できます！","用手机扫码获取路线指引，
还能把韩服照片保存到手机里！","전통시장 엠버서더 '정이'","Traditional Market Ambassador “Jeong-i”","伝統市場アンバサダー「ジョンイ」","传统市场大使“正伊”","기본화면 ->오색시장-3","",""
"35","Greeting","M27-C=6-V1-Fin-down","안녕하세요! 오색시장의 마스코트 ‘정이’예요. 
21살 MZ세대 대학생이고, K-POP,  맛집 탐방을 좋아해요","Hi! I'm Jeong-i, the mascot of Osaek Market. I love K-pop, pets, photos, and exploring tasty spots!","こんにちは！オセク市場のマスコット「ジョンイ」です。K-POPやペット、美味しいお店巡りが大好きです。","你好，我是五色市场的吉祥物正伊！
我喜欢K-pop、宠物和发现好吃的店。","전통시장 엠버서더 '정이'","Traditional Market Ambassador “Jeong-i”","伝統市場アンバサダー「ジョンイ」","传统市场大使“正伊”","기본화면 -> 안녕 '정이' -> '정이' 소개 -1","",""
"36","Greeting","M27-D=1-V1-Fin-down","오색시장에 대해서 궁금하신 것은 무엇이든 물어보세요.
다양한 전통시장의 미션들을 알려드릴께요","Curious about Osaek Market or anything else? Just ask me and I’ll guide you with fun tips!","オセク市場について気になることがあれば、気軽に聞いてね！おすすめ情報を楽しく紹介するよ。","对五色市场或其他事情好奇吗？
随时来问我，我会带你发现有趣的推荐！","전통시장 엠버서더 '정이'","Traditional Market Ambassador “Jeong-i”","伝統市場アンバサダー「ジョンイ」","传统市场大使“正伊”","기본화면 -> 안녕 '정이' -> '정이' 소개 -2","",""
"70","Greeting_Hobby","M28-B-(2)=3-V1-Fin-down","정이'는 운동을 너무너무 좋아해요 
그리고 요즘에는 테니스를 열심히 배우고 있는 테린이에요 ","“Jeong-i” loves sports 
and is now a tennis beginner practicing hard.","「ジョンイ」は運動が大好きで、
最近はテニスを一生懸命習っている初心者です。","“正伊”非常喜欢运动，
最近正在努力学习网球，是个初学者。","전통시장 엠버서더 '정이'","Traditional Market Ambassador “Jeong-i”","伝統市場アンバサダー「ジョンイ」","传统市场大使“正伊”","기본화면 -> 안녕 '정이' -> 정이의 취미-1(테니스)","",""
"70","Greeting_Hobby","M28-A-(1)=6-V1-Fin-down","정이'는 요즘 골프를 배우고 있어요
너무 어렵지만 열심히해서 버디를 꼭 할거에요","정이'는 운동을 너무너무 좋아해요 
그리고 요즘에는 테니스를 열심히 배우고 있는 테린이에요 ","「ジョンイ」は最近ゴルフを習っています。
難しいですが、頑張って必ずバーディーを狙います！","“贞儿” 最近在学高尔夫。
虽然很难，但会努力抓到小鸟球的！","전통시장 엠버서더 '정이'","Traditional Market Ambassador “Jeong-i”","伝統市場アンバサダー「ジョンイ」","传统市场大使“正伊”","기본화면 -> 안녕 '정이' -> 정이의 취미-1(골프)","",""
"71","Greeting_Stretching","M13-B(1)=3-Fin-down","휴식겸 잠깐 저를 따라서 스트레칭 어떠신가요? 
2분만 스트레칭한번하고 다시 즐거운 여정을 떠나보세요 ","Enjoying Osaek Market? Let’s do a quick 2-minute stretch together before you keep exploring!","オセク市場を楽しんでいますか？散策を続ける前に2分間ストレッチを一緒にしましょう！","逛五色市场开心吗？
跟我一起做个2分钟伸展，再继续探险吧！","전통시장 엠버서더 '정이'","Traditional Market Ambassador “Jeong-i”","伝統市場アンバサダー「ジョンイ」","传统市场大使“正伊”","기본화면 -> 안녕정이 -> 스트레칭 고고~ - 1","",""
"72","Greeting_Stretching","M13-B(4)=2-V1-Fin-down","모두 너무 열심히 잘 따라서 해주셨어요~최고에요 
이제 다시 오색시장의 다양한 장소를 방문해보세요^^","Great job following along—awesome! Now, let’s get back to exploring Osaek Market’s gems! ^^","よくできましたね—素晴らしい！それでは、またオセク市場の魅力を探しに行きましょう！^^","做得真棒！
现在我们回到五色市场继续发现惊喜吧！^^","전통시장 엠버서더 '정이'","Traditional Market Ambassador “Jeong-i”","伝統市場アンバサダー「ジョンイ」","传统市场大使“正伊”","기본화면 -> 안녕정이 -> 스트레칭 고고~ - 2","",""
"73","Greeting_Stretching","M13-B(2)=3-V1-Fin-down","자 우선 손목과 팔목을 풀어볼까요~
다음은 어깨를 시계방향으로 돌려주세요 ","First, loosen your wrists and arms. Next, 
rotate your shoulders clockwise, like this!","まずは手首と腕をゆるめてください。
次に、肩を時計回りに回します。このように！","先活動手腕和手臂～
接著像這樣順時針轉轉你的肩膀！","전통시장 엠버서더 '정이'","Traditional Market Ambassador “Jeong-i”","伝統市場アンバサダー「ジョンイ」","传统市场大使“正伊”","기본화면 -> 안녕정이 -> 스트레칭 고고~ - 3","",""
"74","Greeting_Stretching","M13-B(3)=2-V1-Fin-down","다음은 좀더 크게 어깨운동을 해볼거에요 
그리고 팔꿈치가 무릅에 닿을수 있게 양쪽으로 해보세요 ","Now, let’s stretch those shoulders bigger. 
Try to touch your elbows to your knees on both sides!","では、肩を大きくストレッチしましょう。
両側の肘を膝にタッチするようにしてみてください！","現在來個大動作～試試讓手肘碰到膝蓋，
左右兩邊都來一次！","전통시장 엠버서더 '정이'","Traditional Market Ambassador “Jeong-i”","伝統市場アンバサダー「ジョンイ」","传统市场大使“正伊”","기본화면 -> 안녕정이 -> 스트레칭 고고~ - 4","",""
"43","ToHelp","M23-A-(1)=7-V1-Fin-down","도움이 필요하시거나 필수 서비스를 찾고 계신가요? 
제가 도와드릴 수 있는 것을 알려주세요","Need assistance or looking for essential services?
Let me know how I can help","お困りのことや必要なサービスをお探しですか？
私にできることがあれば、教えてくださいね！","需要帮助或在找重要服务吗？
告诉我你需要什么，我来帮你！","전통시장 엠버서더 '정이'","Traditional Market Ambassador “Jeong-i”","伝統市場アンバサダー「ジョンイ」","传统市场大使“正伊”","기본화면 -> 도와줘정이-> 카테고리선택 ","",""
"44","ToHelp_Category","M23-A-(3)=2-V1-Fin-down","필요한신 내용을 클릭하시면 상세한 정보를 얻으실 수 있어요. 
상세정보를 통해 다양한 도움을 받아가세요~","Click on the information you need to get more details.","必要な情報をクリックすると、
さらに詳しい情報を得ることができます。","点击所需的内容，您可以获取更详细的信息。","전통시장 엠버서더 '정이'","Traditional Market Ambassador “Jeong-i”","伝統市場アンバサダー「ジョンイ」","传统市场大使“正伊”","기본화면 -> 도와줘정이-> 카테고리선택  1","",""
"45","ToHelp_Detail","M23-A-(4)=1-V1-Fin-down","핸드폰으로 카메라를 열어서 [QR] 코드를 찍으시면 
방문장소의 길을 안내 받으실수 있어요","Scan the [QR] code with your phone to receive directions
","スマートフォンで［QR］コードを読み取れば、
道案内を受けることができますよ。","用手机打开相机扫描\[QR]码，
即可获得前往目的地的路线指引。","전통시장 엠버서더 '정이'","Traditional Market Ambassador “Jeong-i”","伝統市場アンバサダー「ジョンイ」","传统市场大使“正伊”","기본화면 -> 도와줘정이-> 카테고리선택 -> 상세검색","",""
"60","Map","M34-B-(2)=6-V1-Fin-down","즐거운 추억이 될 쇼핑 아이템들을 찾으시나요?
오색시장에는 다양한 전통시장 상점들이 있어요.","Explore the map for a quick overview. For tailored recommendations, try the AI course or search by category.","地図で全体をサッと確認。自分に合ったおすすめはAIコースやカテゴリー検索を使ってみてください。","通过地图快速了解周边。想获取个性化推荐？
试试AI路线或按类别搜索吧。","전통시장 엠버서더 '정이'","Traditional Market Ambassador “Jeong-i”","伝統市場アンバサダー「ジョンイ」","传统市场大使“正伊”","기본화면 -> 오색시장지도 ","",""
"51","Exchange","M40-A=4-V1-Fin-down","오늘자 환율 정보입니다. 주변은행에서 환전이 가능해요. 검색기능을 통해 주변 은행을 검색해 보세요 ","Here is today's exchange rate information. Use the search function to find nearby banks.","今日の為替レート情報です。近くの銀行で両替が可能です。","这是今天的汇率信息。您可以在附近的银行进行兑换。请通过搜索功能查找周围的银行。","전통시장 엠버서더 '정이'","Traditional Market Ambassador “Jeong-i”","伝統市場アンバサダー「ジョンイ」","传统市场大使“正伊”","기본화면 -> 환율","",""
"52","Transport","M34-A-(1)=2-V1-Fin-down","오색시장 주변의 지도와 교통수단을 확인해 주세요
다양한 방법으로 오색시장을 방문할 수 있어요 ","Check the map and transportation options 
around Osaek Market.","オセク市場周辺の地図と交通手段を確認してください。","查看五色市场的地图和交通信息。","전통시장 엠버서더 '정이'","Traditional Market Ambassador “Jeong-i”","伝統市場アンバサダー「ジョンイ」","传统市场大使“正伊”","기본화면 -> 교통안내 -> 대중교통","",""
"53","Transport_Category","M34-A-(2)=4-V1-Fin-down","오색시장 주변의 지도와 교통수단을 확인해 주세요
다양한 방법으로 오색시장을 방문할 수 있어요 ","Check the map and transportation options 
around Osaek Market.","オセク市場周辺の地図と交通手段を確認してください。","查看五色市场的地图和交通信息。","전통시장 엠버서더 '정이'","Traditional Market Ambassador “Jeong-i”","伝統市場アンバサダー「ジョンイ」","传统市场大使“正伊”","기본화면 -> 교통안내  -> 오색시장지도 ","",""
"54","Transport_Detail","M34-A-(3)=3-V1-Fin-down","핸드폰으로 카메라를 열어서 [QR] 코드를 찍으시면 
방문장소의 길을 안내 받으실수 있어요","Scan the [QR] code with your phone to 
receive detailed directions","スマートフォンで［QR］コードを読み取れば、
道案内も受けられますよ","用手机打开相机扫描\[QR]码，
即可获得前往目的地的路线指引。","전통시장 엠버서더 '정이'","Traditional Market Ambassador “Jeong-i”","伝統市場アンバサダー「ジョンイ」","传统市场大使“正伊”","기본화면 -> 교통안내 -> 주차장안내 ","",""
"","","","전국 시장","","","","","","","","","",""
"27","MarketPaper","M34-H2(3)=2-V1-Fin-down","지역화폐로 다양한 혜택을 누려보세요.
앱에서 충전 후 가맹점에서 바로 사용 가능합니다.","Enjoy benefits with local currency.
Recharge in the app and use at stores.","地域通貨でお得な特典を。
アプリでチャージ後、加盟店で即利用可能。","享受地方货币的多重优惠。
App 充值后即可在加盟店使用。","전통시장 엠버서더 '정이'","Traditional Market Ambassador “Jeong-i”","伝統市場アンバサダー「ジョンイ」","传统市场大使“正伊”","기본화면 
-> 시장화폐(오색전)","",""
"","MarketPaper","","전통시장 전용 온누리상품권으로 혜택을 받아보세요.
가맹점에서 현금처럼 쓰거나 앱으로 결제할 수 있습니다.","Enjoy discounts at markets with Onnuri Vouchers.
Use paper vouchers like cash or pay via the app.","伝統市場専用の「オンヌリ商品券」がお得です。
現金同様に使うか、アプリで決済してください。","请使用传统市场专用的“温汝利商品券”。
可直接抵扣现金或通过APP便捷支付。","전통시장 엠버서더 '정이'","Traditional Market Ambassador “Jeong-i”","伝統市場アンバサダー「ジョンイ」","传统市场大使“正伊”","기본화면 
-> 시장화폐(온누리화폐)","",""
"","","","스마트관광","","","","","","","","","",""
"61","Photo","M34-H2(1)=1-V1-Fin-down","먼저 착용해보고 싶은 스타일을 선택하세요.  
의상을 고른 후, 사진 촬영 버튼을 눌러주세요","Start by selecting the look you want to try on. Choose your outfit, then press the photo capture button","まず試着してみたいスタイルを選んでください。
衣装を選んだら、「写真撮影」ボタンを押してください
","先選擇想體驗的造型～
挑好服裝後按下拍照鍵！","전통시장 엠버서더 '정이'","Traditional Market Ambassador “Jeong-i”","伝統市場アンバサダー「ジョンイ」","传统市场大使“正伊”","기본화면 -> 촬영버튼","",""
"62","Photo_SelectHanbok","M34-H2(2)=3-V1-Fin-down","카메라를 바라보고 얼굴과 손이 화면의 가이드 원 안에 
들어가도록 맞춰주세요.  모자와 안경을 벗어주세요
","Look at the camera. Keep your face and hands in the guide circles. Remove your hat and glasses.","カメラを見つめて、顔と手が画面のガイド丸の中に入るように合わせてください。帽子やメガネは外してくださいね。","請看鏡頭，將臉和雙手對準螢幕上的指引圈～
請取下帽子和眼鏡喔！","전통시장 엠버서더 '정이'","Traditional Market Ambassador “Jeong-i”","伝統市場アンバサダー「ジョンイ」","传统市场大使“正伊”","기본화면 -> 촬영버튼 -> 의상선택 ","",""
"63","Photo_Creating","M34-H2(2)=3-V1-Fin-down","키오스크 앞에서 잠시만 기다려주세요 
선택하신 옷으로 갈아입고 있어요. 멋찐 모습을 기대하세요~","Please wait a moment. You are changing into the outfit you selected. Look forward to your stylish new look~~~","少々お待ちください。お選びいただいた服に着替えています。
かっこいい姿をお楽しみに~~~","请稍等一下。正在为您更换所选的服装。
敬请期待您的帅气新造型~~~","전통시장 엠버서더 '정이'","Traditional Market Ambassador “Jeong-i”","伝統市場アンバサダー「ジョンイ」","传统市场大使“正伊”","기본화면 -> 촬영버튼-> 60초대기","",""
"64","Photo_Complete","M34-H2(3)=2-V1-Fin-down"," 핸드폰의 카메라를 켜고 QR 코드를 스캔하시면 
사진을 핸드폰에 바로 저장하실 수 있습니다.","Scan the [QR] code to save your photo directly to your device","スマートフォンで［QR］コードを読み取ると、
写真を自分の携帯に保存できます","掃描 [QR] 碼，即可把照片直接儲存到你的裝置中！","전통시장 엠버서더 '정이'","Traditional Market Ambassador “Jeong-i”","伝統市場アンバサダー「ジョンイ」","传统市场大使“正伊”","기본화면 -> 촬영버튼-> 60초대기 ->결과물저장","",""
"65","HanbokExplain","M19-H2=2-V1-Fin-down","한복은 한국의 역사와 문화가 담긴 전통 의복입니다. 
고유의 아름다움을 직접 AR로 한복을 착장해보세요!","Hanbok is Korea’s traditional attire, loved for its beauty. Try it on with AR and feel the culture!","韓服（ハンボク）は韓国の歴史と文化が息づく伝統衣装。
美しいデザインは世界中で愛されています。ARで試着してみましょう！","韓服是蘊含韓國歷史與文化的傳統服飾，
獨特之美深受全球喜愛～現在用AR來體驗看看吧！","전통시장 엠버서더 '정이'","Traditional Market Ambassador “Jeong-i”","伝統市場アンバサダー「ジョンイ」","传统市场大使“正伊”","기본화면 -> 한복설명","",""
"66","Toilet","M23-A-(2)=3-V1-Fin-down","여기 오색시장의 공용 화장실입니다. 
[QR] 코드를 스캔하면 자세한 길 안내를 받을 수 있어요.","This is the public restroom at Osaek Market.
Scan the [QR] code for directions.","ここは五色市場の共用トイレです。
[QR]コードをスキャンすると道案内が見られます。","这里是五色市场的公共厕所。
扫描[QR]码即可获取详细路线。","전통시장 엠버서더 '정이'","Traditional Market Ambassador “Jeong-i”","伝統市場アンバサダー「ジョンイ」","传统市场大使“正伊”","기본화면 -> 화장실/흡연구역 ","",""
"67","Weather_Sunny","M29-A-(1)=2-V1-Fin-down","오늘 오색시장은  날씨가 너무 너무 화창하고 맑아요 
기분도 너무 좋은데 여러분도 신나는 시장을 즐겨보세세요 ","It’s a bright and sunny day in Insa-dong!
Insa is feeling great—come enjoy the fun vibes too!","インサドンは今日も晴れて気持ちいいです！
インサも元気なので、ぜひ遊びに来てください！","今天仁寺洞阳光明媚！
Insa心情很好，欢迎大家来玩！","전통시장 엠버서더 '정이'","Traditional Market Ambassador “Jeong-i”","伝統市場アンバサダー「ジョンイ」","传统市场大使“正伊”","","",""
"68","Weather_Rain","M29-A-(2)=3-V1-Fin-down","오늘은 오색시장 날씨가 비(눈)이 내린다고 해요 
우산 꼭 챙기시고요. 비가와도 운치있는 시장을 즐겨보세요~","It’s rainy(or snowy) in Insadong today. Don’t forget 
your umbrella! Enjoy the charming Insadong even in rain.","今日は仁寺洞で雨（または雪）が降ります。傘を忘れずに。
雨でも風情ある仁寺洞を楽しんで！","今天仁寺洞下雨（或下雪）。
记得带伞！雨中也能享受仁寺洞的韵味哦。","전통시장 엠버서더 '정이'","Traditional Market Ambassador “Jeong-i”","伝統市場アンバサダー「ジョンイ」","传统市场大使“正伊”","","",""
"69","Weather_Cold","M29-A-(3)=3-V1-Fin-down","오늘은 오색시장의 날씨가 아주춥다고 해요 (추워요ㅜㅜ)
옷을 따뜻하게 입고 시장에서 따뜻한 차한잔 어떨까요?","Insadong is really cold today (so chilly! ㅠㅠ). 
Dress warmly and enjoy a hot tea there!","仁寺洞は今日はとても寒いです（寒い！ㅜㅜ）
暖かくして温かいお茶をどうぞ！","听说明洞今天很冷（太冷了ㅜㅜ），
穿暖点，去喝杯热茶吧！","전통시장 엠버서더 '정이'","Traditional Market Ambassador “Jeong-i”","伝統市場アンバサダー「ジョンイ」","传统市场大使“正伊”","","",""