"넘버링운영팀> 1번 모니터> AI모델 영상 자막 + 우측상단 표기 ","","","","","언어","","","","언어","","","","우측상단 서브타이틀","","","","우측상단 서브타이틀","","","","재생조건","설명","","",""
"ICON
-NO","Key (개발)","파일명 (개발)","파일명 (운영)","비디오 폴더명 (운영)","KR","EN","JP","CN","VN","ID","TH","RU","KR","EN","JP","CN","VN","ID","TH","RU","Condition","Description","","",""
"M4","Weather_Sunny","GYULI=Weather_Sunny","","","오늘 제주 날씨는 너무너무 화창하고 맑아요!
귤이도 기분이 좋은데, 여러분도 신나는 제주를 즐겨보세요~","Jeju is beautifully sunny and clear today!
I'm in a great mood — enjoy your day in Jeju!","今日の済州はとても晴れて気持ちいいです！
ギュリも気分がいいので、皆さんも済州を楽しんでください〜","今天济州天气晴朗，阳光明媚！
心情超好~大家也尽情享受济州吧！","Hôm nay Jeju nắng đẹp và trong xanh!
Tâm trạng thật tuyệt — chúc bạn tận hưởng Jeju nhé~","Hari ini cuaca Jeju sangat cerah!
Suasana hati pun senang — selamat menikmati Jeju!","วันนี้อากาศที่เชจูสดใสมาก!
อารมณ์ดีสุดๆ ขอให้ทุกคนเที่ยวเชจูให้สนุกนะคะ~","Сегодня на Чеджу солнечно и ясно!
Настроение отличное — наслаждайтесь Чеджу!","제주 앰버서더 ""귤이""","Jeju Ambassador ""Gyuli""","済州アンバサダー「ギュリ」","济州大使 ""Gyuli""","Đại sứ Jeju ""Gyuli""","Duta Jeju ""Gyuli""","แอมบาสเดอร์เชจู ""Gyuli""","Посол Чеджу ""Gyuli""","홈 상단 날씨 위젯 터치 — 맑음일 때","[키: Weather_Sunny] 날씨 위젯 터치 시 현재 기상 상태에 맞는 1편만 재생. 맑음 전용. 의상 S-06.","","",""
"M4","Weather_Rain","GYULI=Weather_Rain","","","오늘은 제주에 비(눈)가 내린다고 해요
우산 꼭 챙기시고요, 비가 와도 운치 있는 제주를 즐겨보세요~","Rain (or snow) is expected in Jeju today.
Bring an umbrella — Jeju is lovely even in the rain!","今日の済州は雨（雪）が降るそうです。
傘を忘れずに。雨の済州も風情がありますよ〜","今天济州有雨（雪）。
记得带伞哦~雨中的济州也别有风味！","Hôm nay Jeju có mưa (tuyết) đấy.
Nhớ mang ô nhé — Jeju trong mưa cũng rất thơ mộng~","Hari ini di Jeju akan turun hujan (salju).
Bawa payung, ya — Jeju saat hujan pun tetap indah!","วันนี้ที่เชจูมีฝน (หิมะ) ตกค่ะ
อย่าลืมพกร่มนะคะ เชจูยามฝนก็มีเสน่ห์ไม่แพ้กัน~","Сегодня на Чеджу дождь (или снег).
Возьмите зонт — Чеджу прекрасен и в дождь!","제주 앰버서더 ""귤이""","Jeju Ambassador ""Gyuli""","済州アンバサダー「ギュリ」","济州大使 ""Gyuli""","Đại sứ Jeju ""Gyuli""","Duta Jeju ""Gyuli""","แอมบาสเดอร์เชจู ""Gyuli""","Посол Чеджу ""Gyuli""","홈 상단 날씨 위젯 터치 — 비·눈일 때","[키: Weather_Rain] 비·눈 상태 전용. 의상 S-05. ※모션명이 3행과 같은 Weather-2로 기재돼 있으나 파일은 -2가 맞음(시트 표기만 정리 필요).","","",""
"M4","Weather_Cold","GYULI=Weather_Cold","","","오늘은 제주 날씨가 아주 춥다고 해요 (너무 추워요ㅜㅜ)
옷을 따뜻하게 입고 제주에서 따뜻한 차 한잔 어떨까요?","It's very cold in Jeju today (brrr!).
Dress warmly — how about a hot cup of tea?","今日の済州はとても寒いそうです（寒い〜！）
暖かい服装で、温かいお茶はいかがですか？","今天济州非常冷（好冷呀~）。
穿暖和点，来杯热茶怎么样？","Hôm nay Jeju rất lạnh đấy (brrr!).
Mặc ấm vào và thưởng thức một tách trà nóng nhé?","Hari ini Jeju sangat dingin (brrr!).
Pakai baju hangat dan nikmati secangkir teh panas, yuk!","วันนี้ที่เชจูหนาวมากค่ะ (หนาวจริงๆ!)
แต่งตัวอุ่นๆ แล้วจิบชาร้อนสักแก้วดีไหมคะ?","Сегодня на Чеджу очень холодно (брр!).
Оденьтесь теплее — и выпейте горячего чая!","제주 앰버서더 ""귤이""","Jeju Ambassador ""Gyuli""","済州アンバサダー「ギュリ」","济州大使 ""Gyuli""","Đại sứ Jeju ""Gyuli""","Duta Jeju ""Gyuli""","แอมบาสเดอร์เชจู ""Gyuli""","Посол Чеджу ""Gyuli""","홈 상단 날씨 위젯 터치 — 추울 때","[키: Weather_Cold] 추움 상태 전용. 의상 S-04. ※모션명 Weather-2는 -3 오기.","","",""
"M5","FlightInfo-1","GYULI=FlightInfo-1","","","오늘의 항공편 출발 정보를 알려드릴게요
출발 시간과 탑승구를 미리 확인하세요~","Here's today's flight departure info.
Check your departure time and gate in advance!","本日の航空便の出発情報をご案内します。
出発時間と搭乗口を事前にご確認ください〜","为您播报今日航班出发信息。
请提前确认出发时间和登机口~","Đây là thông tin chuyến bay khởi hành hôm nay.
Hãy kiểm tra trước giờ bay và cửa lên máy bay nhé~","Ini info keberangkatan penerbangan hari ini.
Cek dulu jam berangkat dan gerbang naiknya, ya!","นี่คือข้อมูลเที่ยวบินขาออกของวันนี้ค่ะ
เช็กเวลาเดินทางและประตูขึ้นเครื่องล่วงหน้านะคะ~","Вот информация о вылетах на сегодня.
Заранее проверьте время вылета и выход!","제주 앰버서더 ""귤이""","Jeju Ambassador ""Gyuli""","済州アンバサダー「ギュリ」","济州大使 ""Gyuli""","Đại sứ Jeju ""Gyuli""","Duta Jeju ""Gyuli""","แอมบาสเดอร์เชจู ""Gyuli""","Посол Чеджу ""Gyuli""","홈 상단 운항정보 보드 터치 (공항 지점)","[키: FlightInfo(신설)] 제주공항(W006) 전용. 보드 터치 시 1·2편 순환. ※현재 앱 운항보드는 항공만 구현 — 자막 키 신설 필요.","","",""
"M5","FlightInf-2","GYULI=FlightInf-2","","","탑승 시간이 가까워지면 귤이가 알려드릴게요
시간 여유를 두고 탑승구로 이동해 주세요!","I'll let you know when boarding time is near.
Please head to your gate with time to spare!","搭乗時間が近づいたらお知らせしますね。
余裕をもって搭乗口へお進みください！","登机时间快到时我会提醒您哦。
请留出充足时间前往登机口！","Gần đến giờ lên máy bay, Gyuli sẽ báo cho bạn.
Hãy ra cửa lên máy bay sớm một chút nhé!","Aku akan memberi tahu saat waktu naik pesawat tiba.
Menujulah ke gerbang lebih awal, ya!","ใกล้เวลาขึ้นเครื่องเมื่อไร กยูรีจะบอกนะคะ
เผื่อเวลาแล้วไปที่ประตูขึ้นเครื่องแต่เนิ่นๆ นะคะ!","Я подскажу, когда приблизится время посадки.
Подходите к выходу заранее!","제주 앰버서더 ""귤이""","Jeju Ambassador ""Gyuli""","済州アンバサダー「ギュリ」","济州大使 ""Gyuli""","Đại sứ Jeju ""Gyuli""","Duta Jeju ""Gyuli""","แอมบาสเดอร์เชจู ""Gyuli""","Посол Чеджу ""Gyuli""","홈 상단 운항정보 보드 터치 (공항 지점)","[키: FlightInfo(신설)] 공항 전용 2편째. 동작: 손목시계를 확인하고 옆을 향해 손바닥으로 제시 — '시간 확인' 자막과 호응.","","",""
"M5","FerryInfo-1","GYULI=FerryInfo-1","","","오늘의 여객선 출항 정보를 알려드릴게요
제주 바다 위 뱃길, 출발 시간을 미리 확인하세요~","Here's today's ferry departure info.
Check your sailing time before you set off!","本日のフェリー出港情報をご案内します。
済州の海の旅、出発時間を事前にご確認ください〜","为您播报今日客轮出港信息。
济州海上航线，请提前确认出发时间~","Đây là thông tin phà khởi hành hôm nay.
Hãy kiểm tra trước giờ tàu chạy nhé~","Ini info keberangkatan feri hari ini.
Cek dulu jam berlayarnya sebelum berangkat, ya!","นี่คือข้อมูลเรือเฟอร์รี่ขาออกของวันนี้ค่ะ
เช็กเวลาเรือออกล่วงหน้าด้วยนะคะ~","Вот расписание паромов на сегодня.
Заранее проверьте время отправления!","제주 앰버서더 ""귤이""","Jeju Ambassador ""Gyuli""","済州アンバサダー「ギュリ」","济州大使 ""Gyuli""","Đại sứ Jeju ""Gyuli""","Duta Jeju ""Gyuli""","แอมบาสเดอร์เชจู ""Gyuli""","Посол Чеджу ""Gyuli""","홈 상단 운항정보 보드 터치 (여객터미널·유산본부)","[키: FerryInfo(신설)] 여객터미널(W007)·유산본부(W008) 전용. 1·2편 순환. 동작: 손이 물결 위 배처럼 S자로 미끄러진 뒤 배웅 손인사. ※여객 보드·W007/W008은 코드 미구현 — 개발 필요.","","",""
"M5","FerryInfo-2","GYULI=FerryInfo-2","","","출발 시간표에서 내 배편을 확인해 보세요
출발 전에 한 번 더 확인하면 안심이에요!","Find your ferry on the departure board.
Double-check before departure for peace of mind!","出発時刻表でご自身の便をご確認ください。
出発前にもう一度確認すると安心です！","请在时刻表上查看您的船班。
出发前再确认一次更安心！","Hãy tìm chuyến phà của bạn trên bảng giờ tàu.
Kiểm tra lại trước khi đi cho yên tâm nhé!","Cari jadwal kapalmu di papan keberangkatan.
Periksa lagi sebelum berangkat biar tenang!","ดูรอบเรือของคุณได้ที่ตารางเวลาค่ะ
เช็กอีกครั้งก่อนออกเดินทางเพื่อความอุ่นใจนะคะ!","Найдите свой рейс в расписании.
Перед отправлением проверьте ещё раз!","제주 앰버서더 ""귤이""","Jeju Ambassador ""Gyuli""","済州アンバサダー「ギュリ」","济州大使 ""Gyuli""","Đại sứ Jeju ""Gyuli""","Duta Jeju ""Gyuli""","แอมบาสเดอร์เชจู ""Gyuli""","Посол Чеджу ""Gyuli""","홈 상단 운항정보 보드 터치 (여객터미널·유산본부)","[키: FerryInfo(신설)] 여객터미널·유산본부 전용 2편째. 동작: 옆의 시간표를 손가락으로 짚어 내려가며 읽음 — '시간표 확인' 자막과 호응.","","",""
"01","Default-1","GYULI=Default-1","","","귤이'의 취미는 K-POP 댄스를 추는 거예요
제가 요즘 배우는 댄스인데 잠깐 보여드릴게요.","My hobby is K-pop dancing!
Here's a little of what I've been learning lately.","ギュリの趣味はK-POPダンスです。
最近習っているダンスを少しお見せしますね。","Gyuli的爱好是跳K-POP舞蹈。
给大家看看我最近在学的舞~","Sở thích của Gyuli là nhảy K-pop.
Để mình biểu diễn điệu nhảy đang học gần đây nhé!","Hobi Gyuli adalah menari K-pop.
Ini tarian yang sedang kupelajari, lihat sebentar ya!","งานอดิเรกของกยูรีคือเต้น K-POP ค่ะ
ขอโชว์ท่าเต้นที่กำลังฝึกอยู่สักหน่อยนะคะ","Моё хобби — танцевать K-pop!
Покажу немного из того, что сейчас разучиваю.","제주 앰버서더 ""귤이""","Jeju Ambassador ""Gyuli""","済州アンバサダー「ギュリ」","济州大使 ""Gyuli""","Đại sứ Jeju ""Gyuli""","Duta Jeju ""Gyuli""","แอมบาสเดอร์เชจู ""Gyuli""","Посол Чеджу ""Gyuli""","기본화면_1 (K-POP 댄스)","[키: Default] 대기 화면에서 10편 순서대로 순환 재생. 의상 S-01. 귤이의 K-POP 댄스 — 대기 1번.","","",""
"01","Default-2","GYULI=Default-2","","","안녕하세요, 제주 마스코트 '귤이'에요
제가 입은 한복 예쁘죠? AR로 직접 입어볼 수 있어요^^","Hi! I'm Gyuli, Jeju's mascot.
Isn't my hanbok pretty? Try one on with AR!","こんにちは、済州のマスコット「ギュリ」です。
韓服かわいいでしょ？ARで試着もできますよ^^","大家好，我是济州吉祥物Gyuli。
我穿的韩服漂亮吧？用AR就能亲自试穿哦^^","Xin chào, mình là Gyuli — linh vật của Jeju.
Hanbok mình mặc đẹp chứ? Mặc thử bằng AR nhé!","Halo, aku Gyuli, maskot Jeju.
Hanbok-ku cantik, kan? Coba pakai lewat AR, yuk!","สวัสดีค่ะ กยูรี มาสคอตของเชจูค่ะ
ฮันบกที่ใส่สวยไหมคะ? ลองสวมผ่าน AR ได้เลยนะคะ^^","Привет! Я Gyuli, талисман Чеджу.
Красивый ханбок? Примерьте его в AR!","제주 앰버서더 ""귤이""","Jeju Ambassador ""Gyuli""","済州アンバサダー「ギュリ」","济州大使 ""Gyuli""","Đại sứ Jeju ""Gyuli""","Duta Jeju ""Gyuli""","แอมบาสเดอร์เชจู ""Gyuli""","Посол Чеджу ""Gyuli""","기본화면_2 (한복 소개)","[키: Default] 대기 화면에서 10편 순서대로 순환 재생. 의상 H-11(한복). AR 한복 체험 유도 — 대기 2번.","","",""
"01","Default-3","GYULI=Default-3","","","찾고 싶은 맛집, 명소, 상점을 바로 검색해 보세요
검색바를 누르면 키보드가 나와요. 시작해볼까요?","Search for restaurants, sights and shops right here.
Tap the search bar to open the keyboard. Let's go!","グルメ・観光地・お店をすぐ検索できます。
検索バーを押すとキーボードが出ます。始めましょう！","美食、景点、商店，都能马上搜索。
点击搜索栏就会弹出键盘，开始吧！","Tìm ngay quán ăn, điểm tham quan và cửa hàng bạn muốn.
Chạm vào thanh tìm kiếm để mở bàn phím nhé!","Cari restoran, tempat wisata, dan toko di sini.
Ketuk kolom pencarian untuk membuka keyboard, yuk!","ค้นหาร้านอาหาร ที่เที่ยว และร้านค้าได้ทันทีค่ะ
แตะช่องค้นหาแล้วคีย์บอร์ดจะปรากฏขึ้น เริ่มกันเลย!","Ищите рестораны, места и магазины здесь.
Нажмите на строку поиска — появится клавиатура!","제주 앰버서더 ""귤이""","Jeju Ambassador ""Gyuli""","済州アンバサダー「ギュリ」","济州大使 ""Gyuli""","Đại sứ Jeju ""Gyuli""","Duta Jeju ""Gyuli""","แอมบาสเดอร์เชจู ""Gyuli""","Посол Чеджу ""Gyuli""","기본화면_3 (검색 소개)","[키: Default] 대기 화면에서 10편 순서대로 순환 재생. 의상 S-02. 검색 기능 유도 — 대기 3번.","","",""
"01","Default-4","GYULI=Default-4","","","안녕하세요 '귤이'에요~ 제주에 오신 걸 환영합니다
8개 언어를 선택해서 편하게 이용하세요","Hi, I'm Gyuli! Welcome to Jeju.
Choose from 8 languages and enjoy!","こんにちは、ギュリです〜 済州へようこそ！
8つの言語から選んで快適にご利用ください。","大家好，我是Gyuli~欢迎来到济州！
可选择8种语言，轻松使用。","Xin chào, mình là Gyuli~ Chào mừng đến Jeju!
Chọn 1 trong 8 ngôn ngữ để dùng thật tiện nhé.","Halo, aku Gyuli~ Selamat datang di Jeju!
Pilih dari 8 bahasa dan gunakan dengan nyaman.","สวัสดีค่ะ กยูรีค่ะ~ ยินดีต้อนรับสู่เชจู!
เลือกได้ถึง 8 ภาษา ใช้งานได้สบายๆ เลยค่ะ","Привет, я Gyuli! Добро пожаловать на Чеджу.
Выберите один из 8 языков!","제주 앰버서더 ""귤이""","Jeju Ambassador ""Gyuli""","済州アンバサダー「ギュリ」","济州大使 ""Gyuli""","Đại sứ Jeju ""Gyuli""","Duta Jeju ""Gyuli""","แอมบาสเดอร์เชจู ""Gyuli""","Посол Чеджу ""Gyuli""","기본화면_4 (8개 언어 안내)","[키: Default] 대기 화면에서 10편 순서대로 순환 재생. 의상 H-12. 다국어 안내 — 대기 4번.","","",""
"01","Default-5","GYULI=Default-5","","","제주 바다의 주인공, 해녀를 아시나요?
물질 옷을 입은 귤이가 바다 이야기를 들려드릴게요~","Have you heard of the haenyeo, Jeju's sea divers?
In my diving suit, I'll share their story!","済州の海の主役「海女(ヘニョ)」をご存じですか？
海女服姿のギュリが海の話をお届けします〜","您听说过济州海女吗？
穿上潜水服的Gyuli为您讲述大海的故事~","Bạn đã biết về haenyeo — nữ thợ lặn Jeju chưa?
Gyuli trong đồ lặn sẽ kể chuyện biển cho bạn~","Sudah tahu haenyeo, penyelam wanita Jeju?
Dengan baju selam, aku akan bercerita tentang laut!","รู้จัก 'แฮนยอ' นักดำน้ำหญิงแห่งเชจูไหมคะ?
กยูรีในชุดดำน้ำจะเล่าเรื่องท้องทะเลให้ฟังค่ะ~","Знаете хэнё — ныряльщиц Чеджу?
В костюме хэнё я расскажу вам о море!","제주 앰버서더 ""귤이""","Jeju Ambassador ""Gyuli""","済州アンバサダー「ギュリ」","济州大使 ""Gyuli""","Đại sứ Jeju ""Gyuli""","Duta Jeju ""Gyuli""","แอมบาสเดอร์เชจู ""Gyuli""","Посол Чеджу ""Gyuli""","기본화면_5 (해녀)","[키: Default] 대기 화면에서 10편 순서대로 순환 재생. 해녀 의상 신규 촬영분. 제주 해녀 문화 소개 — 대기 5번.","","",""
"01","Default-6","GYULI=Default-6","","","말의 고장 제주! 승마 체험은 어떠세요?
승마 복장을 입은 귤이가 안내해드릴게요~","Jeju is famous for its horses! How about a ride?
In my riding outfit, I'll show you around~","馬のふるさと済州！乗馬体験はいかがですか？
乗馬服姿のギュリがご案内します〜","济州是马的故乡！要不要体验骑马？
穿骑马装的Gyuli为您介绍~","Jeju — xứ sở của ngựa! Thử cưỡi ngựa nhé?
Gyuli trong trang phục cưỡi ngựa sẽ hướng dẫn bạn~","Jeju terkenal dengan kudanya! Mau coba berkuda?
Aku siap memandu dengan busana berkuda ini~","เชจูดินแดนแห่งม้า! ลองขี่ม้าดูไหมคะ?
กยูรีในชุดขี่ม้าจะพาไปแนะนำค่ะ~","Чеджу — край лошадей! Хотите покататься?
Я в костюме наездницы всё покажу!","제주 앰버서더 ""귤이""","Jeju Ambassador ""Gyuli""","済州アンバサダー「ギュリ」","济州大使 ""Gyuli""","Đại sứ Jeju ""Gyuli""","Duta Jeju ""Gyuli""","แอมบาสเดอร์เชจู ""Gyuli""","Посол Чеджу ""Gyuli""","기본화면_6 (승마)","[키: Default] 대기 화면에서 10편 순서대로 순환 재생. 승마 복장 신규 촬영분. 승마 체험 소개 — 대기 6번.","","",""
"01","Default-7","GYULI=Default-7","","","제주 기념품과 특별한 상점들을 소개해드릴게요!
'제주 뭐사지'에서 쇼핑 정보를 확인하세요","Let me show you Jeju's souvenirs and special shops!
Check 'What to Buy' for shopping tips.","済州のお土産と素敵なお店をご紹介します！
「済州 何買う？」でショッピング情報をチェック！","为您介绍济州纪念品和特色商店！
请在“济州买什么”查看购物信息。","Để mình giới thiệu quà lưu niệm và cửa hàng đặc biệt!
Xem mục 'Mua gì ở Jeju' để biết thêm nhé.","Kukenalkan suvenir dan toko unik di Jeju!
Cek info belanja di menu 'Beli Apa di Jeju'.","ขอแนะนำของฝากและร้านค้าพิเศษของเชจูค่ะ!
ดูข้อมูลช้อปปิงได้ที่เมนู 'ซื้ออะไรดีที่เชจู'","Покажу сувениры и особые магазины Чеджу!
Смотрите раздел «Что купить».","제주 앰버서더 ""귤이""","Jeju Ambassador ""Gyuli""","済州アンバサダー「ギュリ」","济州大使 ""Gyuli""","Đại sứ Jeju ""Gyuli""","Duta Jeju ""Gyuli""","แอมบาสเดอร์เชจู ""Gyuli""","Посол Чеджу ""Gyuli""","기본화면_7 (쇼핑 안내)","[키: Default] 대기 화면에서 10편 순서대로 순환 재생. 의상 S-09. 상점·시설 안내 유도 — 대기 7번.","","",""
"01","Default-8","GYULI=Default-8","","","새콤달콤 제주 감귤, 생각만 해도 기분이 좋아요~
제주에 왔다면 감귤 간식은 꼭 맛보세요!","Sweet, tangy Jeju tangerines make me smile!
Don't leave without trying a tangerine treat!","甘酸っぱい済州みかん、想像だけで幸せ〜
済州に来たら、みかんスイーツをぜひ味わって！","酸酸甜甜的济州柑橘，想想就开心~
来济州一定要尝尝柑橘小吃哦！","Quýt Jeju chua ngọt, nghĩ thôi đã thấy vui rồi~
Đến Jeju nhớ thử món quýt đặc sản nhé!","Jeruk Jeju yang manis asam, membayangkannya saja senang~
Jangan lupa cicipi camilan jeruknya!","ส้มเชจูหวานอมเปรี้ยว แค่คิดก็ฟินแล้ว~
มาเชจูทั้งทีต้องลองขนมจากส้มให้ได้นะคะ!","Кисло-сладкие мандарины Чеджу — объедение!
Обязательно попробуйте мандариновые сладости!","제주 앰버서더 ""귤이""","Jeju Ambassador ""Gyuli""","済州アンバサダー「ギュリ」","济州大使 ""Gyuli""","Đại sứ Jeju ""Gyuli""","Duta Jeju ""Gyuli""","แอมบาสเดอร์เชจู ""Gyuli""","Посол Чеджу ""Gyuli""","기본화면_8 (감귤)","[키: Default] 대기 화면에서 10편 순서대로 순환 재생. 귤 버킷햇 의상. 동작: 모자챙 톡톡 → 두 손으로 귤 모양을 만들어 내밀기 → 배 두드리며 '맛있다' → 따봉.","","",""
"01","Default-9","GYULI=Default-9","","","에메랄드빛 제주 바다, 상상만 해도 시원하죠?
귤이가 예쁜 해변으로 안내해드릴게요~","Jeju's emerald sea — refreshing just to imagine!
Let me guide you to the prettiest beaches~","エメラルド色の済州の海、想像するだけで爽やか！
ギュリがきれいなビーチへご案内します〜","翡翠色的济州大海，想想就清爽~
Gyuli带您去美丽的海滩！","Biển Jeju xanh ngọc, nghĩ thôi đã thấy mát!
Gyuli sẽ dẫn bạn đến những bãi biển thật đẹp~","Laut Jeju yang hijau zamrud, sejuk membayangkannya!
Aku antar ke pantai-pantai cantiknya, yuk~","ทะเลสีมรกตของเชจู แค่นึกภาพก็สดชื่นแล้ว!
กยูรีจะพาไปหาดสวยๆ เองค่ะ~","Изумрудное море Чеджу — свежесть сама!
Покажу вам самые красивые пляжи!","제주 앰버서더 ""귤이""","Jeju Ambassador ""Gyuli""","済州アンバサダー「ギュリ」","济州大使 ""Gyuli""","Đại sứ Jeju ""Gyuli""","Duta Jeju ""Gyuli""","แอมบาสเดอร์เชจู ""Gyuli""","Посол Чеджу ""Gyuli""","기본화면_9 (해변)","[키: Default] 대기 화면에서 10편 순서대로 순환 재생. 해변 콘셉트 의상. 제주 바다 소개 — 대기 9번.","","",""
"01","Default-10","GYULI=Default-10","","","레트로 감성 가득한 제주 여행 사진 어때요?
촬영 버튼을 눌러 특별한 사진을 남겨보세요!","How about a retro-style Jeju travel photo?
Tap the camera button for a special shot!","レトロ感たっぷりの済州旅行写真はいかが？
撮影ボタンを押して特別な一枚を残しましょう！","来一张复古风的济州旅行照怎么样？
按下拍照按钮，留下特别的纪念吧！","Một tấm ảnh Jeju phong cách retro thì sao nhỉ?
Nhấn nút chụp để lưu lại khoảnh khắc đặc biệt!","Bagaimana dengan foto Jeju bergaya retro?
Tekan tombol kamera dan abadikan momen spesialmu!","ถ่ายรูปทริปเชจูสไตล์เรโทรสักใบไหมคะ?
กดปุ่มถ่ายรูปเก็บภาพสุดพิเศษได้เลยค่ะ!","Как насчёт ретро-фото из поездки?
Нажмите кнопку съёмки — и снимок готов!","제주 앰버서더 ""귤이""","Jeju Ambassador ""Gyuli""","済州アンバサダー「ギュリ」","济州大使 ""Gyuli""","Đại sứ Jeju ""Gyuli""","Duta Jeju ""Gyuli""","แอมบาสเดอร์เชจู ""Gyuli""","Посол Чеджу ""Gyuli""","기본화면_10 (레트로)","[키: Default] 대기 화면에서 10편 순서대로 순환 재생. 레트로 콘셉트 의상. AR 촬영 유도 — 대기 10번.","","",""
"02","Search","GYULI=Search-1","","","제주엔 예쁜 장소가 많아요. 귤이가 빠르게 찾아드릴게요!
아래 키보드로 상점명을 천천히 정확히 입력해 주세요.","Jeju is full of lovely places — I'll find them fast!
Type the shop name slowly and correctly below.","済州には素敵な場所がいっぱい。すぐお探しします！
下のキーボードで店名をゆっくり正確に入力してください。","济州有很多美丽的地方，Gyuli帮您快速找到！
请用下方键盘慢慢准确输入店名。","Jeju có rất nhiều nơi xinh đẹp, để Gyuli tìm giúp!
Hãy nhập tên cửa hàng bằng bàn phím bên dưới nhé.","Jeju penuh tempat indah — aku carikan dengan cepat!
Ketik nama toko pelan-pelan dengan keyboard di bawah.","เชจูมีที่สวยๆ เยอะมาก กยูรีหาให้ไวเลยค่ะ!
พิมพ์ชื่อร้านช้าๆ ให้ถูกต้องด้วยคีย์บอร์ดด้านล่างนะคะ","На Чеджу много чудесных мест — я их найду!
Введите название магазина на клавиатуре ниже.","제주 앰버서더 ""귤이""","Jeju Ambassador ""Gyuli""","済州アンバサダー「ギュリ」","济州大使 ""Gyuli""","Đại sứ Jeju ""Gyuli""","Duta Jeju ""Gyuli""","แอมบาสเดอร์เชจู ""Gyuli""","Посол Чеджу ""Gyuli""","기본화면 -> 검색창 터치","[키: Search] 검색 진입 시 재생.","","",""
"02","Search_Enter","GYULI=Search-2","","","매장을 클릭하시면 더욱더 상세한 정보를 얻을 수 있어요","Tap a store to see more detailed information.","お店をタップすると、より詳しい情報が見られます。","点击店铺即可查看更详细的信息。","Chạm vào cửa hàng để xem thông tin chi tiết hơn.","Ketuk toko untuk melihat info yang lebih lengkap.","แตะที่ร้านค้าเพื่อดูข้อมูลโดยละเอียดค่ะ","Нажмите на магазин — увидите подробности.","제주 앰버서더 ""귤이""","Jeju Ambassador ""Gyuli""","済州アンバサダー「ギュリ」","济州大使 ""Gyuli""","Đại sứ Jeju ""Gyuli""","Duta Jeju ""Gyuli""","แอมบาสเดอร์เชจู ""Gyuli""","Посол Чеджу ""Gyuli""","검색창 -> 검색어 입력 후 엔터","[키: Search_Enter] 결과 목록이 뜬 상태에서 재생. 기존 문구 그대로.","","",""
"02","Search_Detail","GYULI=Search-3","","","핸드폰으로 [QR] 코드를 찍으시면 길을 안내 받으실수 있어요.","Scan the [QR] code with your phone to get directions.","スマホで[QR]コードを読み取ると道案内が受けられます。","用手机扫描[QR]码即可获得路线指引。","Quét mã [QR] bằng điện thoại để được chỉ đường.","Pindai kode [QR] dengan ponsel untuk panduan arah.","สแกนโค้ด [QR] ด้วยมือถือเพื่อรับการนำทางค่ะ","Отсканируйте [QR]-код телефоном — получите маршрут.","제주 앰버서더 ""귤이""","Jeju Ambassador ""Gyuli""","済州アンバサダー「ギュリ」","济州大使 ""Gyuli""","Đại sứ Jeju ""Gyuli""","Duta Jeju ""Gyuli""","แอมบาสเดอร์เชจู ""Gyuli""","Посол Чеджу ""Gyuli""","검색 결과 -> 매장 선택 (상세)","[키: Search_Detail] 상세 화면에서 재생. QR 길안내 상용구.","","",""
"03","ChangeLanguage_KR","GYULI=Language-KR","","","WIT AI SMART KIOSK는 다국어를 지원합니다. 
지금부터 한국어로 키오스크를 이용해보세요","WIT AI SMART KIOSK supports multiple languages.
Use the kiosk in Korean from now on.","WIT AI SMART KIOSKは多言語に対応しています。
これから韓国語でご利用ください。","WIT AI SMART KIOSK支持多种语言。
现在开始请用韩语使用自助机。","WIT AI SMART KIOSK hỗ trợ nhiều ngôn ngữ.
Hãy dùng kiosk bằng tiếng Hàn nhé.","WIT AI SMART KIOSK mendukung banyak bahasa.
Gunakan kiosk dalam bahasa Korea mulai sekarang.","WIT AI SMART KIOSK รองรับหลายภาษา
ใช้งานคีออสก์เป็นภาษาเกาหลีได้เลยค่ะ","WIT AI SMART KIOSK поддерживает много языков.
Пользуйтесь киоском на корейском.","제주 앰버서더 ""귤이""","Jeju Ambassador ""Gyuli""","済州アンバサダー「ギュリ」","济州大使 ""Gyuli""","Đại sứ Jeju ""Gyuli""","Duta Jeju ""Gyuli""","แอมบาสเดอร์เชจู ""Gyuli""","Посол Чеджу ""Gyuli""","기본화면 -> 언어선택 -> 한국어","[키: ChangeLanguage_KR] 한국어 선택 직후 1회 재생. 기존 문구 그대로.","","",""
"03","ChangeLanguage_EN","GYULI=Language-EN","","","WIT AI SMART KIOSK는 다국어를 지원합니다. 
지금부터 영어로 키오스크를 이용해보세요","WIT AI SMART KIOSK supports multiple languages.
Use the kiosk in English from now on.","WIT AI SMART KIOSKは多言語に対応しています。
これから英語でご利用ください。","WIT AI SMART KIOSK支持多种语言。
现在开始请用英语使用自助机。","WIT AI SMART KIOSK hỗ trợ nhiều ngôn ngữ.
Hãy dùng kiosk bằng tiếng Anh nhé.","WIT AI SMART KIOSK mendukung banyak bahasa.
Gunakan kiosk dalam bahasa Inggris mulai sekarang.","WIT AI SMART KIOSK รองรับหลายภาษา
ใช้งานคีออสก์เป็นภาษาอังกฤษได้เลยค่ะ","WIT AI SMART KIOSK поддерживает много языков.
Пользуйтесь киоском на английском.","제주 앰버서더 ""귤이""","Jeju Ambassador ""Gyuli""","済州アンバサダー「ギュリ」","济州大使 ""Gyuli""","Đại sứ Jeju ""Gyuli""","Duta Jeju ""Gyuli""","แอมบาสเดอร์เชจู ""Gyuli""","Посол Чеджу ""Gyuli""","기본화면 -> 언어선택 -> 영어","[키: ChangeLanguage_EN] 영어 선택 직후 1회 재생. 기존 문구 그대로.","","",""
"03","ChangeLanguage_JP","GYULI=Language-JP","","","WIT AI SMART KIOSK는 다국어를 지원합니다. 
지금부터 일본어로 키오스크를 이용해보세요","WIT AI SMART KIOSK supports multiple languages.
Use the kiosk in Japanese from now on.","WIT AI SMART KIOSKは多言語に対応しています。
これから日本語でご利用ください。","WIT AI SMART KIOSK支持多种语言。
现在开始请用日语使用自助机。","WIT AI SMART KIOSK hỗ trợ nhiều ngôn ngữ.
Hãy dùng kiosk bằng tiếng Nhật nhé.","WIT AI SMART KIOSK mendukung banyak bahasa.
Gunakan kiosk dalam bahasa Jepang mulai sekarang.","WIT AI SMART KIOSK รองรับหลายภาษา
ใช้งานคีออสก์เป็นภาษาญี่ปุ่นได้เลยค่ะ","WIT AI SMART KIOSK поддерживает много языков.
Пользуйтесь киоском на японском.","제주 앰버서더 ""귤이""","Jeju Ambassador ""Gyuli""","済州アンバサダー「ギュリ」","济州大使 ""Gyuli""","Đại sứ Jeju ""Gyuli""","Duta Jeju ""Gyuli""","แอมบาสเดอร์เชจู ""Gyuli""","Посол Чеджу ""Gyuli""","기본화면 -> 언어선택 -> 일본어","[키: ChangeLanguage_JP] 일본어 선택 직후 1회 재생. 기존 문구 그대로.","","",""
"03","ChangeLanguage_CH","GYULI=Language-CN","","","WIT AI SMART KIOSK는 다국어를 지원합니다. 
지금부터 중국어로 키오스크를 이용해보세요","WIT AI SMART KIOSK supports multiple languages.
Use the kiosk in Chinese from now on.","WIT AI SMART KIOSKは多言語に対応しています。
これから中国語でご利用ください。","WIT AI SMART KIOSK支持多种语言。
现在开始请用中文使用自助机。","WIT AI SMART KIOSK hỗ trợ nhiều ngôn ngữ.
Hãy dùng kiosk bằng tiếng Trung nhé.","WIT AI SMART KIOSK mendukung banyak bahasa.
Gunakan kiosk dalam bahasa Mandarin mulai sekarang.","WIT AI SMART KIOSK รองรับหลายภาษา
ใช้งานคีออสก์เป็นภาษาจีนได้เลยค่ะ","WIT AI SMART KIOSK поддерживает много языков.
Пользуйтесь киоском на китайском.","제주 앰버서더 ""귤이""","Jeju Ambassador ""Gyuli""","済州アンバサダー「ギュリ」","济州大使 ""Gyuli""","Đại sứ Jeju ""Gyuli""","Duta Jeju ""Gyuli""","แอมบาสเดอร์เชจู ""Gyuli""","Посол Чеджу ""Gyuli""","기본화면 -> 언어선택 -> 중국어","[키: ChangeLanguage_CH] 중국어 선택 직후 1회 재생. 기존 문구 그대로.","","",""
"03","ChangeLanguage_VN","GYULI=Language-VN","","","WIT AI SMART KIOSK는 다국어를 지원합니다. 
지금부터 베트남어로 키오스크를 이용해보세요","WIT AI SMART KIOSK supports multiple languages.
Use the kiosk in Vietnamese from now on.","WIT AI SMART KIOSKは多言語に対応しています。
これからベトナム語でご利用ください。","WIT AI SMART KIOSK支持多种语言。
现在开始请用越南语使用自助机。","WIT AI SMART KIOSK hỗ trợ nhiều ngôn ngữ.
Hãy dùng kiosk bằng tiếng Việt nhé.","WIT AI SMART KIOSK mendukung banyak bahasa.
Gunakan kiosk dalam bahasa Vietnam mulai sekarang.","WIT AI SMART KIOSK รองรับหลายภาษา
ใช้งานคีออสก์เป็นภาษาเวียดนามได้เลยค่ะ","WIT AI SMART KIOSK поддерживает много языков.
Пользуйтесь киоском на вьетнамском.","제주 앰버서더 ""귤이""","Jeju Ambassador ""Gyuli""","済州アンバサダー「ギュリ」","济州大使 ""Gyuli""","Đại sứ Jeju ""Gyuli""","Duta Jeju ""Gyuli""","แอมบาสเดอร์เชจู ""Gyuli""","Посол Чеджу ""Gyuli""","기본화면 -> 언어선택 -> 베트남어","[키: ChangeLanguage_VN] 베트남어 선택 직후 1회 재생. 기존 문구 그대로.","","",""
"03","ChangeLanguage_ID","GYULI=Language-ID","","","WIT AI SMART KIOSK는 다국어를 지원합니다. 
지금부터 인도네시아어로 키오스크를 이용해보세요","WIT AI SMART KIOSK supports multiple languages.
Use the kiosk in Indonesian from now on.","WIT AI SMART KIOSKは多言語に対応しています。
これからインドネシア語でご利用ください。","WIT AI SMART KIOSK支持多种语言。
现在开始请用印尼语使用自助机。","WIT AI SMART KIOSK hỗ trợ nhiều ngôn ngữ.
Hãy dùng kiosk bằng tiếng Indonesia nhé.","WIT AI SMART KIOSK mendukung banyak bahasa.
Gunakan kiosk dalam bahasa Indonesia mulai sekarang.","WIT AI SMART KIOSK รองรับหลายภาษา
ใช้งานคีออสก์เป็นภาษาอินโดนีเซียได้เลยค่ะ","WIT AI SMART KIOSK поддерживает много языков.
Пользуйтесь киоском на индонезийском.","제주 앰버서더 ""귤이""","Jeju Ambassador ""Gyuli""","済州アンバサダー「ギュリ」","济州大使 ""Gyuli""","Đại sứ Jeju ""Gyuli""","Duta Jeju ""Gyuli""","แอมบาสเดอร์เชจู ""Gyuli""","Посол Чеджу ""Gyuli""","기본화면 -> 언어선택 -> 인도네시아어","[키: ChangeLanguage_ID] 인도네시아어 선택 직후 1회 재생. 기존 문구 그대로.","","",""
"03","ChangeLanguage_TH","GYULI=Language-TH","","","WIT AI SMART KIOSK는 다국어를 지원합니다. 
지금부터 태국어로 키오스크를 이용해보세요","WIT AI SMART KIOSK supports multiple languages.
Use the kiosk in Thai from now on.","WIT AI SMART KIOSKは多言語に対応しています。
これからタイ語でご利用ください。","WIT AI SMART KIOSK支持多种语言。
现在开始请用泰语使用自助机。","WIT AI SMART KIOSK hỗ trợ nhiều ngôn ngữ.
Hãy dùng kiosk bằng tiếng Thái nhé.","WIT AI SMART KIOSK mendukung banyak bahasa.
Gunakan kiosk dalam bahasa Thai mulai sekarang.","WIT AI SMART KIOSK รองรับหลายภาษา
ใช้งานคีออสก์เป็นภาษาไทยได้เลยค่ะ","WIT AI SMART KIOSK поддерживает много языков.
Пользуйтесь киоском на тайском.","제주 앰버서더 ""귤이""","Jeju Ambassador ""Gyuli""","済州アンバサダー「ギュリ」","济州大使 ""Gyuli""","Đại sứ Jeju ""Gyuli""","Duta Jeju ""Gyuli""","แอมบาสเดอร์เชจู ""Gyuli""","Посол Чеджу ""Gyuli""","기본화면 -> 언어선택 -> 태국어","[키: ChangeLanguage_TH] 태국어 선택 직후 1회 재생. 기존 문구 그대로.","","",""
"03","ChangeLanguage_RU","GYULI=Language-RU","","","WIT AI SMART KIOSK는 다국어를 지원합니다. 
지금부터 러시아어로 키오스크를 이용해보세요","WIT AI SMART KIOSK supports multiple languages.
Use the kiosk in Russian from now on.","WIT AI SMART KIOSKは多言語に対応しています。
これからロシア語でご利用ください。","WIT AI SMART KIOSK支持多种语言。
现在开始请用俄语使用自助机。","WIT AI SMART KIOSK hỗ trợ nhiều ngôn ngữ.
Hãy dùng kiosk bằng tiếng Nga nhé.","WIT AI SMART KIOSK mendukung banyak bahasa.
Gunakan kiosk dalam bahasa Rusia mulai sekarang.","WIT AI SMART KIOSK รองรับหลายภาษา
ใช้งานคีออสก์เป็นภาษารัสเซียได้เลยค่ะ","WIT AI SMART KIOSK поддерживает много языков.
Пользуйтесь киоском на русском.","제주 앰버서더 ""귤이""","Jeju Ambassador ""Gyuli""","済州アンバサダー「ギュリ」","济州大使 ""Gyuli""","Đại sứ Jeju ""Gyuli""","Duta Jeju ""Gyuli""","แอมบาสเดอร์เชจู ""Gyuli""","Посол Чеджу ""Gyuli""","기본화면 -> 언어선택 -> 러시아어","[키: ChangeLanguage_RU] 러시아어 선택 직후 1회 재생. 기존 문구 그대로.","","",""
"04","AISearch-1","GYULI=AISearch-1","","","안녕하세요 '귤이'에요~ 인원과 시간을 알려주시면
AI가 딱 맞는 제주 추천 코스를 안내해 드려요.","Hi, I'm Gyuli! Tell me your group size and time,
and AI will suggest the perfect Jeju course.","こんにちは、ギュリです〜 人数と時間を教えてください。
AIがぴったりの済州おすすめコースをご案内します。","大家好，我是Gyuli~告诉我人数和时间，
AI就会为您推荐最合适的济州路线。","Hãy cho Gyuli biết số người và thời gian,
AI sẽ gợi ý lộ trình Jeju phù hợp nhất cho bạn.","Beri tahu jumlah orang dan waktu kunjunganmu,
AI akan menyarankan rute Jeju yang paling pas.","บอกจำนวนคนและเวลาของคุณกับกยูรีสิคะ
แล้ว AI จะแนะนำคอร์สเที่ยวเชจูที่ใช่ให้เลยค่ะ","Привет, я Gyuli! Укажите число гостей и время —
ИИ подберёт идеальный маршрут по Чеджу.","제주 앰버서더 ""귤이""","Jeju Ambassador ""Gyuli""","済州アンバサダー「ギュリ」","济州大使 ""Gyuli""","Đại sứ Jeju ""Gyuli""","Duta Jeju ""Gyuli""","แอมบาสเดอร์เชจู ""Gyuli""","Посол Чеджу ""Gyuli""","기본화면 -> '제주' 뭐하지 카드","[키: AISearch] AI 검색 진입 시 재생.","","",""
"04","AISearch-2","GYULI=AISearch-2","","","관심사를 골라주세요! 맛집, 명소, 쇼핑까지
귤이가 취향에 딱 맞는 코스를 찾아드릴게요~","Pick your interests — food, sights or shopping!
I'll find a course that fits your taste~","興味を選んでください！グルメ・観光・ショッピング…
好みにぴったりのコースをお探しします〜","请选择您的兴趣！美食、景点、购物……
Gyuli为您找到最合口味的路线~","Chọn sở thích của bạn — ẩm thực, tham quan, mua sắm!
Gyuli sẽ tìm lộ trình hợp gu bạn nhất~","Pilih minatmu — kuliner, wisata, atau belanja!
Aku carikan rute yang paling cocok untukmu~","เลือกความสนใจเลยค่ะ ทั้งของกิน ที่เที่ยว ช้อปปิง
กยูรีจะหาคอร์สที่ตรงใจที่สุดให้ค่ะ~","Выберите интересы: еда, места, шопинг!
Я подберу маршрут по вашему вкусу.","제주 앰버서더 ""귤이""","Jeju Ambassador ""Gyuli""","済州アンバサダー「ギュリ」","济州大使 ""Gyuli""","Đại sứ Jeju ""Gyuli""","Duta Jeju ""Gyuli""","แอมบาสเดอร์เชจู ""Gyuli""","Посол Чеджу ""Gyuli""","뭐하지 -> 관심사 선택","[키: AISearch_Category] 관심사 선택 화면에서 재생.","","",""
"04","AISearch-3","GYULI=AISearch-3","","","A, B, C 코스가 추천으로 나왔을 거예요
원하시는 코스를 선택하시면 장소별로 보실 수 있어요","Courses A, B and C are ready for you.
Pick one to see the places on each course.","A・B・Cコースのおすすめが表示されています。
お好きなコースを選ぶと場所ごとに見られます。","已为您推荐A、B、C路线。
选择想要的路线，即可按地点查看。","Các lộ trình A, B, C đã được gợi ý cho bạn.
Chọn một lộ trình để xem từng địa điểm nhé.","Rute A, B, dan C sudah direkomendasikan.
Pilih satu untuk melihat tempat-tempatnya.","มีคอร์ส A, B, C แนะนำให้แล้วค่ะ
เลือกคอร์สที่ต้องการเพื่อดูสถานที่ทีละแห่งได้เลย","Вам предложены маршруты A, B и C.
Выберите один, чтобы увидеть все места.","제주 앰버서더 ""귤이""","Jeju Ambassador ""Gyuli""","済州アンバサダー「ギュリ」","济州大使 ""Gyuli""","Đại sứ Jeju ""Gyuli""","Duta Jeju ""Gyuli""","แอมบาสเดอร์เชจู ""Gyuli""","Посол Чеджу ""Gyuli""","뭐하지 -> 추천 코스 확인","[키: AISearch_Detail] 추천 결과 화면에서 재생.","","",""
"05","WITH Market","","","","","","","","","","","","","","","","","","","","","","","",""
"05","","","","","","","","","","","","","","","","","","","","","","","","",""
"05","","","","","","","","","","","","","","","","","","","","","","","","",""
"06","Event-1","GYULI=EVENT-1","","","제주에서 진행 중이거나 곧 열릴 이벤트를 확인해 보세요!
특별 할인과 특별한 경험을 놓치지 마세요!","See what's on now or coming soon in Jeju!
Don't miss special deals and experiences!","済州で開催中・開催予定のイベントをチェック！
特別割引と特別な体験をお見逃しなく！","查看济州正在举行或即将举行的活动！
特别优惠和特别体验不容错过！","Xem các sự kiện đang và sắp diễn ra ở Jeju!
Đừng bỏ lỡ ưu đãi và trải nghiệm đặc biệt nhé!","Lihat acara yang sedang atau akan digelar di Jeju!
Jangan lewatkan diskon dan pengalaman spesial!","เช็กอีเวนต์ที่กำลังจัดหรือใกล้จะจัดในเชจูค่ะ!
อย่าพลาดส่วนลดและประสบการณ์สุดพิเศษนะคะ!","Смотрите события Чеджу — сейчас и скоро!
Не упустите скидки и впечатления!","제주 앰버서더 ""귤이""","Jeju Ambassador ""Gyuli""","済州アンバサダー「ギュリ」","济州大使 ""Gyuli""","Đại sứ Jeju ""Gyuli""","Duta Jeju ""Gyuli""","แอมบาสเดอร์เชจู ""Gyuli""","Посол Чеджу ""Gyuli""","기본화면 -> 제주도 이벤트 카드 (기본 2편 순환)","[키: Event] 이벤트 진입 기본 1편째. 의상 S-07.","","",""
"06","Event-2","GYULI=EVENT-2","","","계절마다 새로운 축제가 열리는 제주!
지금 어떤 행사가 열리는지 귤이가 알려드릴게요~","Jeju has new festivals every season!
I'll show you what's happening right now~","季節ごとに新しい祭りが開かれる済州！
今どんなイベントがあるか、ギュリがお知らせします〜","济州四季都有新的庆典！
Gyuli告诉您现在有哪些活动~","Jeju mùa nào cũng có lễ hội mới!
Gyuli sẽ cho bạn biết hiện đang có sự kiện gì~","Setiap musim ada festival baru di Jeju!
Aku beri tahu acara apa yang sedang berlangsung~","เชจูมีเทศกาลใหม่ๆ ทุกฤดูกาลค่ะ!
กยูรีจะบอกให้ว่าตอนนี้มีงานอะไรบ้าง~","На Чеджу каждый сезон новые фестивали!
Расскажу, что проходит прямо сейчас.","제주 앰버서더 ""귤이""","Jeju Ambassador ""Gyuli""","済州アンバサダー「ギュリ」","济州大使 ""Gyuli""","Đại sứ Jeju ""Gyuli""","Duta Jeju ""Gyuli""","แอมบาสเดอร์เชจู ""Gyuli""","Посол Чеджу ""Gyuli""","기본화면 -> 제주도 이벤트 카드 (기본 2편 순환)","[키: Event] 기본 2편째.","","",""
"06","Event-3","GYULI=EVENT-3","","","제주에서 열리는 축제와 특별한 이벤트를 만나보세요!
문화 축제, 독특한 활동, 잊지 못할 경험에 함께하세요!","Discover Jeju's festivals and special events!
Join cultural fests, unique activities and more!","済州の祭りと特別なイベントに出会えます！
文化祭・ユニークな体験・忘れられない思い出を！","邂逅济州的庆典和特别活动！
文化庆典、独特体验、难忘经历等您参与！","Khám phá lễ hội và sự kiện đặc biệt ở Jeju!
Hòa mình vào lễ hội văn hóa và trải nghiệm khó quên!","Temukan festival dan acara spesial di Jeju!
Ikuti festival budaya dan pengalaman tak terlupakan!","พบกับเทศกาลและอีเวนต์พิเศษของเชจูค่ะ!
ร่วมงานวัฒนธรรมและประสบการณ์ที่น่าจดจำกันนะคะ!","Откройте фестивали и события Чеджу!
Культура, развлечения, впечатления!","제주 앰버서더 ""귤이""","Jeju Ambassador ""Gyuli""","済州アンバサダー「ギュリ」","济州大使 ""Gyuli""","Đại sứ Jeju ""Gyuli""","Duta Jeju ""Gyuli""","แอมบาสเดอร์เชจู ""Gyuli""","Посол Чеджу ""Gyuli""","이벤트 -> 카테고리 선택","[키: ToEvent_Category] 카테고리 선택 시 재생.","","",""
"07","To eat Market","GYULI=ToBuy-1=To eat Market-1","","","제주엔 유명한 맛집과 카페가 정말 많이 있어요.
방문하고 싶은 카테고리를 선택해주세요.","Jeju is full of famous eateries and cafés.
Pick a category you'd like to visit.","済州には有名なグルメ店やカフェがいっぱい。
行きたいカテゴリーを選んでください。","济州有很多有名的美食店和咖啡馆。
请选择想去的类别。","Jeju có rất nhiều quán ăn và quán cà phê nổi tiếng.
Hãy chọn danh mục bạn muốn ghé nhé.","Jeju punya banyak restoran dan kafe terkenal.
Pilih kategori yang ingin kamu kunjungi.","เชจูมีร้านอร่อยและคาเฟ่ดังๆ เยอะมากค่ะ
เลือกหมวดหมู่ที่อยากไปได้เลยนะคะ","На Чеджу много известных кафе и ресторанов.
Выберите интересную категорию.","제주 앰버서더 ""귤이""","Jeju Ambassador ""Gyuli""","済州アンバサダー「ギュリ」","济州大使 ""Gyuli""","Đại sứ Jeju ""Gyuli""","Duta Jeju ""Gyuli""","แอมบาสเดอร์เชจู ""Gyuli""","Посол Чеджу ""Gyuli""","기본화면 -> '제주' 뭐먹지","[키: ToEat] 진입 시 재생. 의상 S-24.","","",""
"07","To eat Market_Category","GYULI=ToBuy-2=To eat Market-2","","","흑돼지, 해산물, 감성 카페까지 다양해요~
매장을 클릭하면 더 자세한 정보를 확인할 수 있어요.","Black pork, seafood, cozy cafés and more~
Tap a place for more details.","黒豚、海鮮、おしゃれカフェまで色々〜
お店をタップすると詳しい情報が見られます。","黑猪肉、海鲜、格调咖啡馆，应有尽有~
点击店铺即可查看详细信息。","Thịt heo đen, hải sản, cà phê xinh — đủ cả~
Chạm vào cửa hàng để xem thông tin chi tiết nhé.","Ada babi hitam, seafood, sampai kafe estetik~
Ketuk tokonya untuk info lebih lengkap.","มีทั้งหมูดำ อาหารทะเล และคาเฟ่ชิคๆ ค่ะ~
แตะที่ร้านเพื่อดูรายละเอียดเพิ่มเติมนะคะ","Чёрная свинина, морепродукты, кафе~
Нажмите на заведение — узнаете больше.","제주 앰버서더 ""귤이""","Jeju Ambassador ""Gyuli""","済州アンバサダー「ギュリ」","济州大使 ""Gyuli""","Đại sứ Jeju ""Gyuli""","Duta Jeju ""Gyuli""","แอมบาสเดอร์เชจู ""Gyuli""","Посол Чеджу ""Gyuli""","뭐먹지 -> 카테고리 선택","[키: ToEat_Category] 카테고리 화면에서 재생.","","",""
"07","To eat Market_Detail","GYULI=ToBuy-3=To eat Market-3","","","핸드폰으로 [QR] 코드를 찍으시면 길을 안내 받으실수 있어요.","Scan the [QR] code with your phone to get directions.","スマホで[QR]コードを読み取ると道案内が受けられます。","用手机扫描[QR]码即可获得路线指引。","Quét mã [QR] bằng điện thoại để được chỉ đường.","Pindai kode [QR] dengan ponsel untuk panduan arah.","สแกนโค้ด [QR] ด้วยมือถือเพื่อรับการนำทางค่ะ","Отсканируйте [QR]-код телефоном — получите маршрут.","제주 앰버서더 ""귤이""","Jeju Ambassador ""Gyuli""","済州アンバサダー「ギュリ」","济州大使 ""Gyuli""","Đại sứ Jeju ""Gyuli""","Duta Jeju ""Gyuli""","แอมบาสเดอร์เชจู ""Gyuli""","Посол Чеджу ""Gyuli""","뭐먹지 -> 매장 상세","[키: ToEat_Detail] 상세 화면. QR 상용구.","","",""
"08","ToBuy","GYULI=ToBuy-1","","","즐거운 추억이 될 쇼핑 아이템들을 찾으시나요?
제주에는 특산품과 기념품 상점이 가득해요","Looking for shopping to remember your trip by?
Jeju is full of local goods and souvenir shops!","楽しい思い出になるショッピングをお探しですか？
済州には特産品やお土産店がいっぱいです。","在找能留下美好回忆的购物好物吗？
济州到处都是特产和纪念品商店。","Bạn đang tìm món đồ lưu giữ kỷ niệm vui?
Jeju có rất nhiều đặc sản và cửa hàng lưu niệm!","Mencari belanjaan untuk kenangan manis?
Jeju penuh toko oleh-oleh dan produk khas!","กำลังหาของช้อปเก็บเป็นความทรงจำดีๆ อยู่ไหมคะ?
เชจูเต็มไปด้วยร้านของฝากและสินค้าท้องถิ่นค่ะ","Ищете покупки на память о поездке?
На Чеджу полно сувениров и товаров!","제주 앰버서더 ""귤이""","Jeju Ambassador ""Gyuli""","済州アンバサダー「ギュリ」","济州大使 ""Gyuli""","Đại sứ Jeju ""Gyuli""","Duta Jeju ""Gyuli""","แอมบาสเดอร์เชจู ""Gyuli""","Посол Чеджу ""Gyuli""","기본화면 -> '제주' 뭐사지","[키: ToBuy] 진입 시 재생. 의상 H-08.","","",""
"08","ToBuy_Category","GYULI=ToBuy-2","","","쇼핑 고민 끝! 추천 카테고리를 참고해 보세요.
매장을 클릭하면 자세한 정보를 볼 수 있어요.","No more shopping worries — try my categories!
Tap a shop to see the details.","ショッピングの悩み解決！おすすめカテゴリーをどうぞ。
お店をタップすると詳細が見られます。","购物不再纠结！参考推荐类别吧。
点击店铺即可查看详细信息。","Hết lo mua gì! Tham khảo danh mục gợi ý nhé.
Chạm vào cửa hàng để xem chi tiết.","Bingung belanja? Lihat kategori rekomendasiku!
Ketuk toko untuk melihat detailnya.","หมดกังวลเรื่องช้อปปิง! ดูหมวดหมู่แนะนำได้เลยค่ะ
แตะที่ร้านเพื่อดูข้อมูลเพิ่มเติมนะคะ","Хватит гадать — вот мои категории!
Нажмите на магазин, чтобы узнать больше.","제주 앰버서더 ""귤이""","Jeju Ambassador ""Gyuli""","済州アンバサダー「ギュリ」","济州大使 ""Gyuli""","Đại sứ Jeju ""Gyuli""","Duta Jeju ""Gyuli""","แอมบาสเดอร์เชจู ""Gyuli""","Посол Чеджу ""Gyuli""","뭐사지 -> 카테고리 선택","[키: ToBuy_Category] 카테고리 화면에서 재생.","","",""
"08","ToBuy_Detail","GYULI=ToBuy-3","","","핸드폰으로 [QR] 코드를 찍으시면 길을 안내 받으실수 있어요.","Scan the [QR] code with your phone to get directions.","スマホで[QR]コードを読み取ると道案内が受けられます。","用手机扫描[QR]码即可获得路线指引。","Quét mã [QR] bằng điện thoại để được chỉ đường.","Pindai kode [QR] dengan ponsel untuk panduan arah.","สแกนโค้ด [QR] ด้วยมือถือเพื่อรับการนำทางค่ะ","Отсканируйте [QR]-код телефоном — получите маршрут.","제주 앰버서더 ""귤이""","Jeju Ambassador ""Gyuli""","済州アンバサダー「ギュリ」","济州大使 ""Gyuli""","Đại sứ Jeju ""Gyuli""","Duta Jeju ""Gyuli""","แอมบาสเดอร์เชจู ""Gyuli""","Посол Чеджу ""Gyuli""","뭐사지 -> 매장 상세","[키: ToBuy_Detail] 상세 화면. QR 상용구.","","",""
"09","ToStay-1","GYULI=ToStay-1","","","편안한 숙소를 찾고 계신가요?
제주의 호텔, 리조트, 게스트하우스를 확인해보세요!","Looking for a comfy place to stay?
Browse Jeju's hotels, resorts and guesthouses!","快適な宿をお探しですか？
済州のホテル・リゾート・ゲストハウスをチェック！","在找舒适的住处吗？
看看济州的酒店、度假村和民宿吧！","Bạn đang tìm chỗ nghỉ thoải mái?
Xem ngay khách sạn, resort, nhà khách ở Jeju!","Mencari penginapan yang nyaman?
Cek hotel, resor, dan guesthouse di Jeju!","กำลังมองหาที่พักสบายๆ อยู่ไหมคะ?
เช็กโรงแรม รีสอร์ต และเกสต์เฮาส์ของเชจูได้เลย!","Ищете, где удобно остановиться?
Отели, курорты и гестхаусы Чеджу — здесь!","제주 앰버서더 ""귤이""","Jeju Ambassador ""Gyuli""","済州アンバサダー「ギュリ」","济州大使 ""Gyuli""","Đại sứ Jeju ""Gyuli""","Duta Jeju ""Gyuli""","แอมบาสเดอร์เชจู ""Gyuli""","Посол Чеджу ""Gyuli""","기본화면 -> 숙박안내","[키: ToStay] 진입 시 재생.","","",""
"09","ToStay-2","GYULI=ToStay-2","","","어디서 머물지 고민되시나요? 귤이가 추천해드릴게요!
숙소를 눌러 자세한 정보를 확인하세요.","Not sure where to stay? Let me recommend!
Tap a place to see the details.","どこに泊まるか迷ったら、ギュリにお任せ！
宿をタップして詳細をご確認ください。","不知道住哪里？Gyuli来推荐！
点击住处即可查看详细信息。","Chưa biết ở đâu? Để Gyuli gợi ý cho bạn!
Chạm vào chỗ nghỉ để xem thông tin chi tiết.","Bingung mau menginap di mana? Aku rekomendasikan!
Ketuk penginapan untuk info lengkapnya.","ยังไม่รู้จะพักที่ไหนใช่ไหมคะ? กยูรีแนะนำให้ค่ะ!
แตะที่พักเพื่อดูรายละเอียดนะคะ","Не знаете, где остановиться? Подскажу!
Нажмите на жильё — там все детали.","제주 앰버서더 ""귤이""","Jeju Ambassador ""Gyuli""","済州アンバサダー「ギュリ」","济州大使 ""Gyuli""","Đại sứ Jeju ""Gyuli""","Duta Jeju ""Gyuli""","แอมบาสเดอร์เชจู ""Gyuli""","Посол Чеджу ""Gyuli""","숙박안내 -> 숙소 목록","[키: ToStay_Category] 목록 화면에서 재생.","","",""
"09","ToStay-3","GYULI=ToStay-3","","","숙소로 가는 길이 궁금하신가요?
지도를 확인하고 길 안내를 받아보세요!","Wondering how to get to your accommodation? Let Gyuli guide you!
Check the map for directions.","宿までの道順が気になりますか？ギュリがご案内します！
地図を確認して道案内を受けてください。","想知道怎么去住宿地吗？Gyuli为您带路！
请查看地图获取路线指引。","Bạn muốn biết đường đến chỗ ở? Để Gyuli hướng dẫn nhé!
Hãy kiểm tra bản đồ và nhận chỉ đường.","Ingin tahu jalan ke penginapan? Biar Gyuli yang pandu!
Cek peta dan dapatkan petunjuk arah.","สงสัยวิธีไปที่พักใช่ไหมคะ? ให้กยูรีนำทางนะคะ!
เช็กแผนที่และรับเส้นทางได้เลยค่ะ","Интересует, как добраться до жилья? Gyuli подскажет!
Проверьте карту и получите маршрут.","제주 앰버서더 ""귤이""","Jeju Ambassador ""Gyuli""","済州アンバサダー「ギュリ」","济州大使 ""Gyuli""","Đại sứ Jeju ""Gyuli""","Duta Jeju ""Gyuli""","แอมบาสเดอร์เชจู ""Gyuli""","Посол Чеджу ""Gyuli""","숙박안내 -> 숙소 상세","[키: ToStay_Detail] 상세 화면. QR 상용구.","","",""
"10","TaxFree-1","GYULI=TaxFree-1","","","택스 리펀드 서비스에 오신 것을 환영합니다. 
진행을 위해 택스 리펀드 영수증을 꼭 지참해 주세요.","Welcome to the tax refund service.
Please have your tax refund receipt ready.","タックスリファンドサービスへようこそ。
お手続きには免税レシートをご用意ください。","欢迎使用退税服务。
办理时请务必备好退税收据。","Chào mừng đến với dịch vụ hoàn thuế.
Vui lòng chuẩn bị hóa đơn hoàn thuế để tiến hành.","Selamat datang di layanan pengembalian pajak.
Siapkan struk tax refund untuk melanjutkan, ya.","ยินดีต้อนรับสู่บริการคืนภาษีค่ะ
กรุณาเตรียมใบเสร็จคืนภาษีเพื่อดำเนินการนะคะ","Добро пожаловать в сервис такс-фри.
Приготовьте чек для возврата налога.","제주 앰버서더 ""귤이""","Jeju Ambassador ""Gyuli""","済州アンバサダー「ギュリ」","济州大使 ""Gyuli""","Đại sứ Jeju ""Gyuli""","Duta Jeju ""Gyuli""","แอมบาสเดอร์เชจู ""Gyuli""","Посол Чеджу ""Gyuli""","기본화면 -> TAX-FREE","[키: TaxFree] 진입 시 재생.","","",""
"10","TaxFree-2","GYULI=TaxFree-2","","","화면에 설명대로 진행해주세요. 택스 리펀드 영수증 번호를 입력하거나 바코드 스캐너를 사용하여 스캔하세요","Follow the on-screen instructions.
Enter the receipt number or scan its barcode.","画面の案内に沿って進めてください。
レシート番号を入力するか、バーコードをスキャン。","请按照屏幕提示操作。
输入退税收据号码或扫描条形码。","Làm theo hướng dẫn trên màn hình nhé.
Nhập số hóa đơn hoặc quét mã vạch.","Ikuti petunjuk di layar, ya.
Masukkan nomor struk atau pindai barcode-nya.","ทำตามคำแนะนำบนหน้าจอค่ะ
กรอกหมายเลขใบเสร็จหรือสแกนบาร์โค้ดได้เลย","Следуйте инструкциям на экране.
Введите номер чека или отсканируйте штрихкод.","제주 앰버서더 ""귤이""","Jeju Ambassador ""Gyuli""","済州アンバサダー「ギュリ」","济州大使 ""Gyuli""","Đại sứ Jeju ""Gyuli""","Duta Jeju ""Gyuli""","แอมบาสเดอร์เชจู ""Gyuli""","Посол Чеджу ""Gyuli""","택스프리 -> 리펀드 진행","[키: TaxFree(2단계)] 영수증 입력·스캔 단계에서 재생.","","",""
"10","TaxFree-3","GYULI=TaxFree-3","","","영수증이 성공적으로 처리되었습니다! 
공항에서 세관 등록을 하면 신용카드로 택스가 리펀드됩니다.","Your receipt has been processed!
Register at airport customs to get the refund by card.","レシートの処理が完了しました！
空港で税関登録をするとカードに返金されます。","收据已成功处理！
在机场完成海关登记后，税金将退还至信用卡。","Hóa đơn đã được xử lý thành công!
Đăng ký hải quan ở sân bay để nhận hoàn thuế qua thẻ.","Struk berhasil diproses!
Daftar di bea cukai bandara agar pajak kembali ke kartumu.","ใบเสร็จดำเนินการเรียบร้อยแล้วค่ะ!
ลงทะเบียนที่ศุลกากรสนามบินเพื่อรับเงินคืนเข้าบัตร","Чек успешно обработан!
Оформите на таможне в аэропорту — возврат на карту.","제주 앰버서더 ""귤이""","Jeju Ambassador ""Gyuli""","済州アンバサダー「ギュリ」","济州大使 ""Gyuli""","Đại sứ Jeju ""Gyuli""","Duta Jeju ""Gyuli""","แอมบาสเดอร์เชจู ""Gyuli""","Посол Чеджу ""Gyuli""","택스프리 -> 처리 완료","[키: TaxFree(3단계)] 완료 화면에서 재생.","","",""
"10","TaxFree-4","GYULI=TaxFree-4","","","지금 키오스크에서 면세로 등록하세요. 시간을 절약하고 나중에 더욱 편리한 공항 이용을 즐겨보세요.","Register for tax-free here at the kiosk.
Save time and enjoy a smoother airport visit.","今このキオスクで免税登録をどうぞ。
時間を節約して、空港をもっと快適に。","现在就在自助机上办理免税登记吧。
节省时间，之后的机场之行更轻松。","Đăng ký miễn thuế ngay tại kiosk này nhé.
Tiết kiệm thời gian, ra sân bay nhàn hơn hẳn.","Daftar bebas pajak di kiosk ini sekarang.
Hemat waktu dan urusanmu di bandara jadi lancar.","ลงทะเบียนแท็กซ์ฟรีที่คีออสก์นี้ได้เลยค่ะ
ประหยัดเวลา ใช้สนามบินได้สะดวกยิ่งขึ้น","Оформите такс-фри прямо в киоске.
Сэкономьте время в аэропорту!","제주 앰버서더 ""귤이""","Jeju Ambassador ""Gyuli""","済州アンバサダー「ギュリ」","济州大使 ""Gyuli""","Đại sứ Jeju ""Gyuli""","Duta Jeju ""Gyuli""","แอมบาสเดอร์เชจู ""Gyuli""","Посол Чеджу ""Gyuli""","택스프리 -> 가맹점 안내 (예비)","[키: TaxFree(4단계)] 가맹점 문의·사전등록 권장 예비 칸.","","",""
"11","Here-1","GYULI=Here-1","","","제주 곳곳에서 여러분을 반겨주는 돌하르방!
귤이가 제주의 아름다운 명소들로 안내해드릴게요","Dol hareubang statues greet you all over Jeju!
Let me guide you to Jeju's beautiful sights.","済州のあちこちで出迎えてくれるトルハルバン！
ギュリが済州の美しい名所へご案内します。","济州随处可见的石头爷爷在欢迎您！
Gyuli带您游览济州的美丽景点。","Tượng Dol hareubang chào đón bạn khắp Jeju!
Gyuli sẽ đưa bạn đến những danh thắng tuyệt đẹp.","Patung Dol hareubang menyambutmu di seluruh Jeju!
Aku akan memandumu ke tempat-tempat indahnya.","ทลฮารึบังคอยต้อนรับคุณอยู่ทั่วเกาะเชจูค่ะ!
กยูรีจะพาไปชมสถานที่สวยๆ ของเชจูเองค่ะ","Тольхарубаны встречают вас по всему Чеджу!
Покажу вам красивейшие места острова.","제주 앰버서더 ""귤이""","Jeju Ambassador ""Gyuli""","済州アンバサダー「ギュリ」","济州大使 ""Gyuli""","Đại sứ Jeju ""Gyuli""","Duta Jeju ""Gyuli""","แอมบาสเดอร์เชจู ""Gyuli""","Посол Чеджу ""Gyuli""","기본화면 -> 여기는 제주도 -> 관광명소 탭","[키: Here] 동작: 돌하르방 포즈(가슴·배에 손, 장난스런 미소) → 손바닥 제시. 명소의 상징 돌하르방과 연결한 자막. ※앱 탭 순서는 역사·문화·관광명소.","","",""
"11","Here-2","GYULI=Here-2","","","성산일출봉의 해돋이처럼 빛나는 제주의 역사!
화산이 빚은 섬, 제주의 이야기를 들려드릴게요","Jeju's history shines like the Seongsan sunrise!
Hear the story of this volcanic island.","城山日出峰の日の出のように輝く済州の歴史！
火山が生んだ島、済州の物語をお届けします。","济州的历史，如城山日出峰的日出般闪耀！
听听火山造就的济州岛的故事吧。","Lịch sử Jeju rực rỡ như bình minh Seongsan!
Cùng nghe câu chuyện hòn đảo núi lửa này nhé.","Sejarah Jeju bersinar bak mentari Seongsan!
Dengarkan kisah pulau vulkanik ini, yuk.","ประวัติศาสตร์เชจูงดงามดั่งแสงอรุณที่ซองซานค่ะ!
มาฟังเรื่องราวของเกาะภูเขาไฟแห่งนี้กันนะคะ","История Чеджу сияет, как рассвет Сонсана!
Расскажу об острове, рождённом вулканом.","제주 앰버서더 ""귤이""","Jeju Ambassador ""Gyuli""","済州アンバサダー「ギュリ」","济州大使 ""Gyuli""","Đại sứ Jeju ""Gyuli""","Duta Jeju ""Gyuli""","แอมบาสเดอร์เชจู ""Gyuli""","Посол Чеджу ""Gyuli""","기본화면 -> 여기는 제주도 -> 역사 탭","[키: Here] 동작: 양팔로 해가 떠오르는 큰 원호를 그림(성산일출봉 해돋이) — 화산섬 형성사와 연결한 자막.","","",""
"11","Here-3","GYULI=Here-3","","","감귤 따기, 해녀 물질… 제주의 생활 문화를 만나보세요
귤이가 제주 사람들의 이야기를 들려드릴게요~","Tangerine picking, haenyeo diving — Jeju life!
Let me share the stories of Jeju's people~","みかん狩り、海女の素潜り…済州の暮らしの文化。
ギュリが済州の人々の物語をお届けします〜","摘柑橘、海女潜水……感受济州的生活文化。
Gyuli为您讲述济州人的故事~","Hái quýt, lặn haenyeo… văn hóa đời sống Jeju.
Gyuli sẽ kể chuyện về người dân nơi đây~","Petik jeruk, penyelam haenyeo… budaya hidup Jeju.
Aku ceritakan kisah orang-orang Jeju, ya~","เก็บส้ม ดำน้ำแบบแฮนยอ… วิถีชีวิตชาวเชจูค่ะ
กยูรีจะเล่าเรื่องราวของผู้คนที่นี่ให้ฟังนะคะ~","Сбор мандаринов, нырянье хэнё — быт Чеджу!
Расскажу истории местных жителей.","제주 앰버서더 ""귤이""","Jeju Ambassador ""Gyuli""","済州アンバサダー「ギュリ」","济州大使 ""Gyuli""","Đại sứ Jeju ""Gyuli""","Duta Jeju ""Gyuli""","แอมบาสเดอร์เชจู ""Gyuli""","Посол Чеджу ""Gyuli""","기본화면 -> 여기는 제주도 -> 문화 탭","[키: Here] 동작: 머리 위 감귤을 따는 시늉(양손 교대, 빈손 마임) — 감귤·생활문화와 연결한 자막.","","",""
"12","Greeting-1","GYULI=Greeting-1","","","안녕하세요! 제주 마스코트 '귤이'에요
K-POP 댄스, 감성 카페, 요가, 러닝을 좋아하는 ENFP랍니다!","Hi! I'm Gyuli, Jeju's mascot.
An ENFP who loves K-pop dance, cafés, yoga and running!","こんにちは！済州のマスコット「ギュリ」です。
K-POPダンス、カフェ、ヨガ、ラン好きのENFP！","大家好！我是济州吉祥物Gyuli。
喜欢K-POP舞蹈、咖啡馆、瑜伽和跑步的ENFP！","Xin chào! Mình là Gyuli, linh vật của Jeju.
Một ENFP mê nhảy K-pop, cà phê, yoga và chạy bộ!","Halo! Aku Gyuli, maskot Jeju.
ENFP penyuka dance K-pop, kafe, yoga, dan lari!","สวัสดีค่ะ! กยูรี มาสคอตของเชจูค่ะ
สาว ENFP ที่ชอบเต้น K-POP คาเฟ่ โยคะ และวิ่งค่ะ!","Привет! Я Gyuli, талисман Чеджу.
ENFP: люблю K-pop, кафе, йогу и бег!","제주 앰버서더 ""귤이""","Jeju Ambassador ""Gyuli""","済州アンバサダー「ギュリ」","济州大使 ""Gyuli""","Đại sứ Jeju ""Gyuli""","Duta Jeju ""Gyuli""","แอมบาสเดอร์เชจู ""Gyuli""","Посол Чеджу ""Gyuli""","기본화면 -> 안녕 '귤이' -> 소개 탭","[키: Greeting] 소개 탭 진입 시 재생. 프로필(앱 기재): 2006.3.19생·제주시 출신·ENFP·취미 K-POP 댄스/카페/요가/러닝.","","",""
"12","Greeting-2-1","GYULI=Greeting-2","","","귤이는 K-POP 노래와 춤 연습으로 에너지를 충전해요
좋아하는 안무를 잠깐 보여드릴게요~","K-pop songs and dance practice recharge me!
Let me show you my favorite moves~","K-POPの歌とダンス練習でエネルギーチャージ！
お気に入りの振り付けを少しお見せします〜","Gyuli用K-POP歌曲和舞蹈练习充电！
给大家展示一下喜欢的舞步~","Gyuli nạp năng lượng bằng nhạc và vũ đạo K-pop!
Để mình khoe vài động tác yêu thích nhé~","Lagu dan latihan dance K-pop mengisi semangatku!
Kutunjukkan koreografi favoritku sebentar, ya~","กยูรีชาร์จพลังด้วยเพลงและการซ้อมเต้น K-POP ค่ะ
ขอโชว์ท่าเต้นที่ชอบสักหน่อยนะคะ~","K-pop и танцы заряжают меня энергией!
Покажу свои любимые движения!","제주 앰버서더 ""귤이""","Jeju Ambassador ""Gyuli""","済州アンバサダー「ギュリ」","济州大使 ""Gyuli""","Đại sứ Jeju ""Gyuli""","Duta Jeju ""Gyuli""","แอมบาสเดอร์เชจู ""Gyuli""","Посол Чеджу ""Gyuli""","안녕 '귤이' -> 취미 탭 -> K-POP","[키: Greeting_Hobby] 취미 K-POP 항목.","","",""
"12","Greeting-2-2","GYULI=Greeting_Stretching-2","","","달리는 순간이 가장 행복해요!
제주 바닷바람을 맞으며 함께 달려볼까요?","Running makes me happiest!
Shall we run together in the Jeju sea breeze?","走っている瞬間がいちばん幸せ！
済州の潮風を感じながら一緒に走りませんか？","奔跑的时刻最幸福！
迎着济州的海风一起跑步吧？","Khoảnh khắc chạy bộ là hạnh phúc nhất!
Cùng chạy trong gió biển Jeju nhé?","Saat berlari adalah momen paling bahagia!
Mau lari bersama ditemani angin laut Jeju?","ช่วงเวลาที่ได้วิ่งคือความสุขที่สุดค่ะ!
วิ่งรับลมทะเลเชจูไปด้วยกันไหมคะ?","Бег — моё самое счастливое время!
Побежали вместе под бриз Чеджу?","제주 앰버서더 ""귤이""","Jeju Ambassador ""Gyuli""","済州アンバサダー「ギュリ」","济州大使 ""Gyuli""","Đại sứ Jeju ""Gyuli""","Duta Jeju ""Gyuli""","แอมบาสเดอร์เชจู ""Gyuli""","Посол Чеджу ""Gyuli""","안녕 '귤이' -> 취미 탭 -> 런닝","[키: Greeting_Hobby] 취미 런닝 항목.","","",""
"12","Greeting-2-3","GYULI=Greeting-3","","","요즘 귤이는 테니스에 푹 빠져 있어요!
테니스는 귤이의 스트레스 해소법이랍니다~","I'm really into tennis these days!
It's my favorite way to beat stress~","最近、ギュリはテニスに夢中です！
テニスはギュリのストレス解消法なんです〜","最近Gyuli迷上了网球！
打网球是我解压的好方法~","Dạo này Gyuli mê tennis lắm!
Đây là cách xả stress của mình đó~","Belakangan ini aku lagi suka banget tenis!
Tenis itu cara jitu menghilangkan stresku~","ช่วงนี้กยูรีอินกับเทนนิสสุดๆ ค่ะ!
เทนนิสคือวิธีคลายเครียดของกยูรีเลยค่ะ~","Сейчас я увлечена теннисом!
Это мой способ снять стресс!","제주 앰버서더 ""귤이""","Jeju Ambassador ""Gyuli""","済州アンバサダー「ギュリ」","济州大使 ""Gyuli""","Đại sứ Jeju ""Gyuli""","Duta Jeju ""Gyuli""","แอมบาสเดอร์เชจู ""Gyuli""","Посол Чеджу ""Gyuli""","안녕 '귤이' -> 취미 탭 -> 테니스","[키: Greeting_Hobby] 취미 테니스 항목.","","",""
"12","Greeting-3-1","GYULI=Greeting_Stretching-3","","","먼저 목과 어깨를 천천히 풀어볼까요~
어깨를 시계 방향으로 부드럽게 돌려주세요","First, let's gently loosen your neck and shoulders~
Roll your shoulders slowly, nice and smooth.","まず首と肩をゆっくりほぐしましょう〜
肩を時計回りにやさしく回してください。","先慢慢放松颈部和肩膀~
请顺时针轻柔地转动肩膀。","Trước tiên, thả lỏng cổ và vai từ từ nhé~
Xoay vai nhẹ nhàng theo chiều kim đồng hồ.","Pertama, lemaskan leher dan bahu pelan-pelan~
Putar bahumu searah jarum jam dengan lembut.","เริ่มจากคลายคอและไหล่ช้าๆ กันก่อนนะคะ~
หมุนไหล่ตามเข็มนาฬิกาเบาๆ ค่ะ","Сначала мягко разомнём шею и плечи~
Медленно вращайте плечами по кругу.","제주 앰버서더 ""귤이""","Jeju Ambassador ""Gyuli""","済州アンバサダー「ギュリ」","济州大使 ""Gyuli""","Đại sứ Jeju ""Gyuli""","Duta Jeju ""Gyuli""","แอมบาสเดอร์เชจู ""Gyuli""","Посол Чеджу ""Gyuli""","건강습관 -> 목·어깨","[키: Greeting_Stretching] 목·어깨 항목.","","",""
"12","Greeting-3-2","GYULI=Greeting_Stretching-5","","","이번엔 허리를 천천히 돌려볼 거예요
손을 허리에 얹고 귤이을 따라 부드럽게~ 무리는 금물!","Now let's slowly circle the waist.
Hands on hips, follow me gently — don't overdo it!","次は腰をゆっくり回しますよ。
手を腰に当てて、やさしく一緒に〜 無理は禁物！","接下来慢慢转动腰部。
双手叉腰，跟着我轻轻转~切勿勉强！","Giờ mình cùng xoay hông thật chậm nhé.
Chống tay lên hông, làm theo nhẹ nhàng — đừng quá sức!","Sekarang putar pinggang pelan-pelan, ya.
Tangan di pinggang, ikuti aku — jangan dipaksakan!","คราวนี้มาหมุนเอวช้าๆ กันค่ะ
เท้าเอวแล้วทำตามกยูรีเบาๆ อย่าฝืนนะคะ!","Теперь медленно вращаем поясницу.
Руки на пояс, повторяйте мягко!","제주 앰버서더 ""귤이""","Jeju Ambassador ""Gyuli""","済州アンバサダー「ギュリ」","济州大使 ""Gyuli""","Đại sứ Jeju ""Gyuli""","Duta Jeju ""Gyuli""","แอมบาสเดอร์เชจู ""Gyuli""","Посол Чеджу ""Gyuli""","건강습관 -> 허리","[키: Greeting_Stretching] 허리 항목. 신작(Gemini): 손을 허리에 얹고 상체를 한 방향으로 천천히 크게 돌린 뒤 차렷 복귀 — '천천히·무리 금물' 자막과 호응.","","",""
"12","Greeting-3-3","GYULI=Greeting_Stretching-4","","","크게 숨을 들이쉬고~ 천천히 내쉬어 보세요
몸도 마음도 가벼워지는 기분전환 스트레칭이에요!","Breathe in deeply~ and slowly breathe out.
This refresh stretch lightens body and mind!","大きく息を吸って〜 ゆっくり吐きましょう。
心も体も軽くなるリフレッシュストレッチ！","深深吸气~再慢慢呼气。
这是让身心都变轻松的舒缓拉伸！","Hít sâu vào~ rồi thở ra thật chậm nhé.
Bài giãn cơ giúp cơ thể và tâm trí nhẹ nhõm!","Tarik napas dalam~ lalu hembuskan perlahan.
Peregangan penyegar untuk badan dan pikiran!","หายใจเข้าลึกๆ~ แล้วผ่อนออกช้าๆ ค่ะ
ยืดเส้นรีเฟรชให้ทั้งกายและใจเบาสบายค่ะ!","Глубокий вдох~ и медленный выдох.
Эта растяжка освежает тело и душу!","제주 앰버서더 ""귤이""","Jeju Ambassador ""Gyuli""","済州アンバサダー「ギュリ」","济州大使 ""Gyuli""","Đại sứ Jeju ""Gyuli""","Duta Jeju ""Gyuli""","แอมบาสเดอร์เชจู ""Gyuli""","Посол Чеджу ""Gyuli""","건강습관 -> 기분전환","[키: Greeting_Stretching] 기분전환 항목.","","",""
"13","ToHelp","GYULI=Help-1","","","도움이 필요하시거나 필수 서비스를 찾고 계신가요? 
제가 도와드릴 수 있는 것을 알려주세요","Need help or looking for essential services?
Tell me what I can do for you.","お困りですか？必要なサービスをお探しですか？
ギュリにできることを教えてください。","需要帮助或在找必要的服务吗？
请告诉我能为您做什么。","Bạn cần giúp đỡ hay đang tìm dịch vụ thiết yếu?
Hãy cho mình biết có thể giúp gì nhé.","Butuh bantuan atau mencari layanan penting?
Beri tahu aku apa yang bisa kubantu, ya.","ต้องการความช่วยเหลือหรือหาบริการจำเป็นไหมคะ?
บอกกยูรีได้เลยว่าให้ช่วยอะไรค่ะ","Нужна помощь или важные услуги?
Скажите, чем я могу помочь.","제주 앰버서더 ""귤이""","Jeju Ambassador ""Gyuli""","済州アンバサダー「ギュリ」","济州大使 ""Gyuli""","Đại sứ Jeju ""Gyuli""","Duta Jeju ""Gyuli""","แอมบาสเดอร์เชจู ""Gyuli""","Посол Чеджу ""Gyuli""","기본화면 -> 도와줘 '귤이'","[키: ToHelp] 진입 시 재생. 의상 S-06.","","",""
"13","ToHelp_Category","GYULI=Help-2","","","국제선·국내선과 층을 고르면 시설 위치가 표시돼요
필요하신 항목을 클릭해 확인해 보세요.","Pick a terminal and floor to see facilities.
Tap what you need to check its location.","国際線・国内線と階を選ぶと施設が表示されます。
必要な項目をタップしてご確認ください。","选择国际/国内航站楼和楼层即可显示设施。
点击所需项目查看位置吧。","Chọn nhà ga quốc tế/nội địa và tầng để xem tiện ích.
Chạm vào mục bạn cần để xem vị trí nhé.","Pilih terminal dan lantai untuk melihat fasilitas.
Ketuk yang kamu perlukan untuk cek lokasinya.","เลือกอาคาร (ระหว่างประเทศ/ในประเทศ) และชั้นค่ะ
แล้วแตะสิ่งอำนวยความสะดวกที่ต้องการดูได้เลย","Выберите терминал и этаж — увидите объекты.
Нажмите нужный пункт, чтобы найти его.","제주 앰버서더 ""귤이""","Jeju Ambassador ""Gyuli""","済州アンバサダー「ギュリ」","济州大使 ""Gyuli""","Đại sứ Jeju ""Gyuli""","Duta Jeju ""Gyuli""","แอมบาสเดอร์เชจู ""Gyuli""","Посол Чеджу ""Gyuli""","도와줘 -> 터미널·층·카테고리 선택","[키: ToHelp_Category] 국제선/국내선·층·카테고리 선택 화면(공항 시설 지도)에서 재생.","","",""
"13","ToHelp_Detail","GYULI=Help-3","","","지도에 표시된 위치를 확인해 보세요!
귤이가 가는 길을 함께 안내해드릴게요~","Check the spot marked on the map!
I'll help you find your way there~","地図に表示された場所をご確認ください！
ギュリが行き方をご案内します〜","请查看地图上标记的位置！
Gyuli为您指引路线~","Hãy xem vị trí được đánh dấu trên bản đồ!
Gyuli sẽ cùng chỉ đường cho bạn~","Lihat lokasi yang ditandai di peta!
Aku bantu tunjukkan jalannya, ya~","ดูตำแหน่งที่ทำเครื่องหมายไว้บนแผนที่ได้เลยค่ะ!
กยูรีจะช่วยบอกทางให้เองค่ะ~","Смотрите отметку на карте!
Я помогу вам дойти до места.","제주 앰버서더 ""귤이""","Jeju Ambassador ""Gyuli""","済州アンバサダー「ギュリ」","济州大使 ""Gyuli""","Đại sứ Jeju ""Gyuli""","Duta Jeju ""Gyuli""","แอมบาสเดอร์เชจู ""Gyuli""","Посол Чеджу ""Gyuli""","도와줘 -> 시설 위치 확인","[키: ToHelp_Detail] 지도에 핀이 표시된 상태에서 재생. 제주는 실내 지도 안내라 QR 문구 대신 지도 안내 문구.","","",""
"14","Rent Car","GYULI=RentCar","","","제주 여행의 필수템, 렌트카!
간편하게 예약하고 열쇠 받고 바로 출발해요~","A rental car — Jeju's travel essential!
Book easily, grab the key and hit the road~","済州旅行の必需品、レンタカー！
かんたん予約でキーを受け取り、すぐ出発〜","济州旅行必备——租车！
轻松预订，拿上钥匙马上出发~","Xe thuê — vật bất ly thân khi du lịch Jeju!
Đặt xe dễ dàng, nhận chìa khóa và lên đường ngay~","Mobil sewaan, andalan wisata Jeju!
Pesan dengan mudah, ambil kunci, langsung jalan~","รถเช่า ไอเทมจำเป็นของทริปเชจูค่ะ!
จองง่ายๆ รับกุญแจแล้วออกเดินทางได้เลย~","Аренда авто — маст-хэв на Чеджу!
Бронируйте, берите ключ — и в путь!","제주 앰버서더 ""귤이""","Jeju Ambassador ""Gyuli""","済州アンバサダー「ギュリ」","济州大使 ""Gyuli""","Đại sứ Jeju ""Gyuli""","Duta Jeju ""Gyuli""","แอมบาสเดอร์เชจู ""Gyuli""","Посол Чеджу ""Gyuli""","기본화면 -> 렌트카","[키: RentCar(신설)] 진입 시 재생. 동작: 오른손에 차 키를 처음부터 끝까지 들고 보여주며 살짝 흔들기(왼손은 허벅지) — '열쇠 받고 출발' 자막과 호응.","","",""
"15","Exchange-1","GYULI=EXCHANGE-1","","","오늘의 환율로 귤이가 바로 계산해 드릴게요!
금액을 입력하면 환전 금액을 확인할 수 있어요","I'll calculate with today's exchange rate!
Enter an amount to see what you'll get.","今日のレートでギュリがすぐ計算します！
金額を入力すると両替額がわかります。","Gyuli按今日汇率马上为您换算！
输入金额即可查看兑换结果。","Gyuli sẽ tính ngay theo tỷ giá hôm nay!
Nhập số tiền để xem kết quả quy đổi nhé.","Aku hitungkan langsung dengan kurs hari ini!
Masukkan jumlahnya untuk melihat hasil tukarnya.","กยูรีคำนวณให้ทันทีด้วยเรตวันนี้ค่ะ!
กรอกจำนวนเงินเพื่อดูยอดที่แลกได้เลยนะคะ","Посчитаю по сегодняшнему курсу!
Введите сумму — увидите результат.","제주 앰버서더 ""귤이""","Jeju Ambassador ""Gyuli""","済州アンバサダー「ギュリ」","济州大使 ""Gyuli""","Đại sứ Jeju ""Gyuli""","Duta Jeju ""Gyuli""","แอมบาสเดอร์เชจู ""Gyuli""","Посол Чеджу ""Gyuli""","기본화면 -> 환율 -> 환율계산기 탭","[키: Exchange] 환율계산기 탭에서 재생. 의상 S-03.","","",""
"15","Exchange-2","GYULI=EXCHANGE-2","","","실시간 환율 정보를 확인해 보세요
환전은 가까운 은행에서 하실 수 있어요~","Check real-time exchange rates here.
You can exchange money at a nearby bank~","リアルタイムの為替情報をチェック！
両替はお近くの銀行でできます〜","查看实时汇率信息。
可在附近的银行兑换货币~","Xem thông tin tỷ giá theo thời gian thực nhé.
Bạn có thể đổi tiền tại ngân hàng gần đây~","Cek info kurs mata uang secara real-time.
Penukaran uang bisa di bank terdekat, ya~","เช็กอัตราแลกเปลี่ยนแบบเรียลไทม์ได้ที่นี่ค่ะ
แลกเงินได้ที่ธนาคารใกล้เคียงนะคะ~","Курсы валют в реальном времени — здесь.
Обмен — в ближайшем банке.","제주 앰버서더 ""귤이""","Jeju Ambassador ""Gyuli""","済州アンバサダー「ギュリ」","济州大使 ""Gyuli""","Đại sứ Jeju ""Gyuli""","Duta Jeju ""Gyuli""","แอมบาสเดอร์เชจู ""Gyuli""","Посол Чеджу ""Gyuli""","환율 -> 실시간 환율 탭","[키: Exchange(2탭, 신설 여부 확인)] 신작: 왼손에 종이 묶음을 들고 오른손으로 한 장씩 세는 동작 — '환율 확인' 자막과 호응.","","",""
"16","Donation","GYULI=RestArea-1=Donation-1","","","여러분의 작은 나눔이 큰 힘이 됩니다
후원금을 기부하여 후배들에게 교복을 선물해주세요","Your small contribution makes a big difference.
Please donate funds to help junior students buy school uniforms!","皆さんの小さな分かち合いが大きな力になります。
寄付をして後輩たちに制服をプレゼントしてください！","您的微小分享将成为巨大的力量。
请捐赠资金，为学弟学妹们送上校服作为礼物吧！","Sự chia sẻ nhỏ của bạn mang lại sức mạnh lớn.
Hãy quyên góp quỹ để tặng đồng phục cho các hậu bối nhé!","Berbagi kecil Anda memberikan kekuatan besar.
Donasikan dana untuk menghadiahi seragam sekolah bagi adik kelas!","การแบ่งปันเล็กๆ น้อยๆ ของคุณเป็นพลังที่ยิ่งใหญ่
ร่วมบริจาคเงินเพื่อมอบชุดนักเรียนให้น้องๆ กันเถอะ!","Ваше небольшое пожертвование дает большую силу.
Пожертвуйте средства, чтобы подарить школьную форму младшим ученикам!","제주 앰버서더 ""귤이""","Jeju Ambassador ""Gyuli""","済州アンバサダー「ギュリ」","济州大使 ""Gyuli""","Đại sứ Jeju ""Gyuli""","Duta Jeju ""Gyuli""","แอมบาสเดอร์เชจู ""Gyuli""","Посол Чеджу ""Gyuli""","기본화면 -> 기부 (기본 3편 순환)","[키: Donation(신설)] 1편째. 동작: 두 손을 가슴에 모았다가 손바닥 위로 내미는 '건네는' 제스처.","","",""
"16","Donation_Category","GYULI=RestArea-2=Donation-2","","","기부 방법은 화면의 안내를 따라 천천히~
귤이가 함께할게요, 어렵지 않아요!","Just follow the on-screen steps to donate~
I'll be right here with you — it's easy!","寄付の方法は画面の案内に沿ってゆっくり〜
ギュリが一緒なので難しくありませんよ！","捐赠方法请按屏幕提示慢慢来~
有Gyuli陪着您，一点都不难！","Làm theo hướng dẫn trên màn hình để quyên góp nhé~
Có Gyuli bên cạnh, không khó chút nào!","Ikuti panduan di layar untuk berdonasi, ya~
Ada aku menemanimu — gampang, kok!","วิธีบริจาคทำตามคำแนะนำบนหน้าจอช้าๆ ได้เลยค่ะ~
มีกยูรีอยู่ด้วย ไม่ยากเลยค่ะ!","Следуйте подсказкам на экране~
Я рядом — это совсем просто!","제주 앰버서더 ""귤이""","Jeju Ambassador ""Gyuli""","済州アンバサダー「ギュリ」","济州大使 ""Gyuli""","Đại sứ Jeju ""Gyuli""","Duta Jeju ""Gyuli""","แอมบาสเดอร์เชจู ""Gyuli""","Посол Чеджу ""Gyuli""","기본화면 -> 기부 (기본 3편 순환)","[키: Donation(신설)] 2편째.","","",""
"16","Donation_Detail","GYULI=RestArea-3=Donation-3","","","따뜻한 마음, 정말 감사합니다!
여러분의 나눔이 누군가에겐 큰 선물이 될 거예요","Thank you so much for your kindness!
Your sharing will be a great gift to someone.","温かいお気持ち、本当にありがとうございます！
あなたの分かち合いが誰かへの大きな贈り物に。","感谢您的温暖爱心！
您的分享会成为某个人的珍贵礼物。","Cảm ơn tấm lòng ấm áp của bạn!
Sự sẻ chia này sẽ là món quà lớn cho ai đó.","Terima kasih atas kebaikan hatimu!
Berbagimu akan menjadi hadiah besar bagi seseorang.","ขอบคุณสำหรับน้ำใจอันอบอุ่นค่ะ!
การแบ่งปันของคุณจะเป็นของขวัญล้ำค่าสำหรับใครบางคน","Спасибо за ваше доброе сердце!
Ваш дар станет для кого-то подарком.","제주 앰버서더 ""귤이""","Jeju Ambassador ""Gyuli""","済州アンバサダー「ギュリ」","济州大使 ""Gyuli""","Đại sứ Jeju ""Gyuli""","Duta Jeju ""Gyuli""","แอมบาสเดอร์เชจู ""Gyuli""","Посол Чеджу ""Gyuli""","기본화면 -> 기부 (기본 3편 순환)","[키: Donation(신설)] 3편째. 동작: 박수 세 번 → 두 손을 가슴에 얹고 감사의 끄덕임.","","",""
"17","Tamnao-1","GYULI=Tamnao-1","","","제주 공공 여행 플랫폼 '탐나오'를 만나보세요
숙소, 체험, 관광지 예약까지 한 번에 할 수 있어요!","Meet Tamnao, Jeju's public travel platform.
Book stays, activities and sights all in one!","済州公共旅行プラットフォーム「タムナオ」！
宿・体験・観光地の予約がまとめてできます！","认识济州公共旅游平台Tamnao！
住宿、体验、景点预订一站搞定！","Khám phá Tamnao — nền tảng du lịch công của Jeju.
Đặt phòng, trải nghiệm, tham quan trong một nơi!","Kenalan dengan Tamnao, platform wisata publik Jeju.
Pesan penginapan, aktivitas, dan wisata sekaligus!","พบกับ Tamnao แพลตฟอร์มท่องเที่ยวสาธารณะของเชจู
จองที่พัก กิจกรรม และที่เที่ยวได้ในที่เดียวค่ะ!","Tamnao — туристическая платформа Чеджу.
Жильё, экскурсии, билеты — всё вместе!","제주 앰버서더 ""귤이""","Jeju Ambassador ""Gyuli""","済州アンバサダー「ギュリ」","济州大使 ""Gyuli""","Đại sứ Jeju ""Gyuli""","Duta Jeju ""Gyuli""","แอมบาสเดอร์เชจู ""Gyuli""","Посол Чеджу ""Gyuli""","기본화면 -> 탐나오 (기본 2편 순환)","[키: Tamnao(신설)] 탐나오 웹 화면 표시 중 재생 1편째. ※모션명 'x'로 미기재 — 확인 필요.","","",""
"17","Tamnao-2","GYULI=Tamnao-2","","","QR 코드를 스캔하면 탐나오 앱으로 바로 연결돼요
핸드폰으로 더 편하게 이용해 보세요~","Scan the QR code to open the Tamnao app.
It's even easier on your phone~","QRコードをスキャンするとタムナオアプリへ。
スマホでもっと便利にご利用ください〜","扫描二维码即可打开Tamnao应用。
用手机使用更方便~","Quét mã QR để mở ngay ứng dụng Tamnao.
Dùng trên điện thoại còn tiện hơn nữa~","Pindai kode QR untuk membuka aplikasi Tamnao.
Lebih praktis dipakai lewat ponselmu~","สแกนคิวอาร์โค้ดเพื่อเข้าแอป Tamnao ได้ทันทีค่ะ
ใช้บนมือถือสะดวกยิ่งขึ้นนะคะ~","Отсканируйте QR-код — откроется Tamnao.
В телефоне ещё удобнее!","제주 앰버서더 ""귤이""","Jeju Ambassador ""Gyuli""","済州アンバサダー「ギュリ」","济州大使 ""Gyuli""","Đại sứ Jeju ""Gyuli""","Duta Jeju ""Gyuli""","แอมบาสเดอร์เชจู ""Gyuli""","Посол Чеджу ""Gyuli""","기본화면 -> 탐나오 (기본 2편 순환)","[키: Tamnao(신설)] 2편째. QR·앱 연결 안내.","","",""
"18","MarketPaper-1","MarketPaper-1","","","전통시장 전용 '온누리상품권'을 사용해 보세요
현금처럼 쓰거나 앱으로 간편하게 결제할 수 있어요","Try Onnuri gift certificates for traditional markets.
Use them like cash or pay easily in the app.","伝統市場専用「オヌリ商品券」を使ってみて！
現金のように、またはアプリで簡単に決済できます。","试试传统市场专用的“温努里商品券”。
可当现金使用，也能用APP轻松支付。","Dùng thử phiếu Onnuri cho chợ truyền thống nhé.
Dùng như tiền mặt hoặc thanh toán dễ qua app.","Coba voucher Onnuri khusus pasar tradisional.
Bisa dipakai seperti uang tunai atau lewat aplikasi.","ลองใช้บัตรกำนัล Onnuri สำหรับตลาดดั้งเดิมค่ะ
ใช้แทนเงินสดหรือจ่ายผ่านแอปก็ง่ายมากค่ะ","Onnuri — сертификаты для рынков.
Платите как наличными или в приложении.","제주 앰버서더 ""귤이""","Jeju Ambassador ""Gyuli""","済州アンバサダー「ギュリ」","济州大使 ""Gyuli""","Đại sứ Jeju ""Gyuli""","Duta Jeju ""Gyuli""","แอมบาสเดอร์เชจู ""Gyuli""","Посол Чеджу ""Gyuli""","기본화면 -> 지역화폐 -> 온누리상품권 탭","[키: MarketPaper] 온누리 탭에서 재생. 의상 H-05.","","",""
"18","MarketPaper-2","MarketPaper-2","","","제주 지역화폐 '탐나는전'을 아시나요?
앱에 충전하면 가맹점에서 다양한 혜택을 받을 수 있어요","Know Tamnaneun Jeon, Jeju's local currency?
Top up in the app for perks at member stores.","済州の地域通貨「タムナヌンジョン」をご存じ？
アプリにチャージすると加盟店で特典があります。","您知道济州地区货币Tamnaneun Jeon吗？
在APP充值即可在加盟店享优惠。","Bạn biết Tamnaneun Jeon — tiền tệ của Jeju chưa?
Nạp qua app để nhận ưu đãi tại cửa hàng thành viên.","Tahu Tamnaneun Jeon, mata uang lokal Jeju?
Isi saldo di aplikasi dan nikmati aneka promo!","รู้จัก Tamnaneun Jeon เงินท้องถิ่นของเชจูไหมคะ?
เติมเงินในแอปแล้วรับสิทธิพิเศษที่ร้านค้าร่วมรายการ","Знаете Tamnaneun Jeon — валюту Чеджу?
Пополните в приложении — будут бонусы!","제주 앰버서더 ""귤이""","Jeju Ambassador ""Gyuli""","済州アンバサダー「ギュリ」","济州大使 ""Gyuli""","Đại sứ Jeju ""Gyuli""","Duta Jeju ""Gyuli""","แอมบาสเดอร์เชจู ""Gyuli""","Посол Чеджу ""Gyuli""","지역화폐 -> 탐나는전 탭","[키: MarketPaper(2탭)] 탐나는전 탭에서 재생.","","",""
"19","k=drama","","","","","","","","","","","","","","","","","","","","","","","",""
"19","","","","","","","","","","","","","","","","","","","","","","","","",""
"19","","","","","","","","","","","","","","","","","","","","","","","","",""
"19","","","","","","","","","","","","","","","","","","","","","","","","",""
"20","Photo","GYULI=Photo-1","","","먼저 착용해보고 싶은 스타일을 선택하세요.  
의상을 고른 후, 사진 촬영 버튼을 눌러주세요","First, choose the style you'd like to try on.
Pick an outfit, then press the photo button.","まず着てみたいスタイルを選んでください。
衣装を選んだら撮影ボタンを押してね。","请先选择想试穿的风格。
选好服装后，按下拍照按钮。","Trước tiên, chọn phong cách bạn muốn thử nhé.
Chọn trang phục xong thì nhấn nút chụp ảnh.","Pertama, pilih gaya yang ingin kamu coba.
Setelah memilih busana, tekan tombol foto, ya.","เลือกสไตล์ที่อยากลองสวมก่อนเลยค่ะ
เลือกชุดเสร็จแล้วกดปุ่มถ่ายรูปได้เลยนะคะ","Сначала выберите стиль для примерки.
Выбрали наряд — жмите кнопку съёмки!","제주 앰버서더 ""귤이""","Jeju Ambassador ""Gyuli""","済州アンバサダー「ギュリ」","济州大使 ""Gyuli""","Đại sứ Jeju ""Gyuli""","Duta Jeju ""Gyuli""","แอมบาสเดอร์เชจู ""Gyuli""","Посол Чеджу ""Gyuli""","기본화면 -> 촬영 버튼 (의상 선택)","[키: Photo] 의상 선택 화면에서 재생. 의상 H-13.","","",""
"20","Photo_SelectHanbok","GYULI=Photo-2","","","카메라를 바라보고 얼굴과 손이 화면의 가이드 원 안에 
들어가도록 맞춰주세요.  모자와 안경을 벗어주세요","Look at the camera and fit your face and hands
into the guide circles. Remove hats and glasses.","カメラを見て、顔と手をガイドの円の中に
合わせてください。帽子とメガネは外してね。","请看向镜头，将脸和双手对准
屏幕上的引导圈。请摘下帽子和眼镜。","Nhìn vào camera, đưa mặt và tay vào đúng
vòng hướng dẫn trên màn hình. Bỏ mũ và kính nhé.","Lihat kamera, posisikan wajah dan tangan
di dalam lingkaran panduan. Lepas topi dan kacamata.","มองกล้องแล้วจัดใบหน้าและมือให้อยู่ใน
วงกลมไกด์บนจอค่ะ ถอดหมวกและแว่นด้วยนะคะ","Смотрите в камеру: лицо и руки — в круги-
подсказки. Снимите шляпу и очки.","제주 앰버서더 ""귤이""","Jeju Ambassador ""Gyuli""","済州アンバサダー「ギュリ」","济州大使 ""Gyuli""","Đại sứ Jeju ""Gyuli""","Duta Jeju ""Gyuli""","แอมบาสเดอร์เชจู ""Gyuli""","Посол Чеджу ""Gyuli""","촬영 -> 의상 선택 -> 촬영 가이드","[키: Photo_SelectHanbok] 카메라 가이드 화면에서 재생.","","",""
"20","Photo_Creating-1","GYULI=Photo-3","","","키오스크 앞에서 잠시만 기다려주세요~~
선택하신 옷으로 갈아입고 있어요. 멋진 모습을 기대하세요","Please wait a moment in front of the kiosk~
I'm changing you into your outfit. Get excited!","キオスクの前で少々お待ちください〜
選んだ衣装にお着替え中。素敵な姿をお楽しみに！","请在自助机前稍等片刻~
正在为您换上所选服装，敬请期待精彩造型！","Chờ một chút trước kiosk nhé~
Đang thay trang phục bạn chọn. Hãy chờ diện mạo mới!","Tunggu sebentar di depan kiosk, ya~
Busanamu sedang dipakaikan. Nantikan hasil kerennya!","รอสักครู่ที่หน้าคีออสก์นะคะ~
กำลังเปลี่ยนชุดที่เลือกให้อยู่ค่ะ รอชมลุคเก๋ๆ ได้เลย!","Подождите немного у киоска~
Переодеваю вас в выбранный наряд. Будет красиво!","제주 앰버서더 ""귤이""","Jeju Ambassador ""Gyuli""","済州アンバサダー「ギュリ」","济州大使 ""Gyuli""","Đại sứ Jeju ""Gyuli""","Duta Jeju ""Gyuli""","แอมบาสเดอร์เชจู ""Gyuli""","Посол Чеджу ""Gyuli""","촬영 -> AI 합성 대기 (3편 순환)","[키: Photo_Creating] 합성 대기 1편째. 동작: 좌·우 소매를 한쪽씩 제시하고 손바닥으로 '짠' 마무리.","","",""
"20","Photo_Creating-2","GYULI=Photo-3_2","","","키오스크 앞에서 잠시만 기다려주세요~~
선택하신 옷으로 갈아입고 있어요. 멋진 모습을 기대하세요","Please wait a moment in front of the kiosk~
I'm changing you into your outfit. Get excited!","キオスクの前で少々お待ちください〜
選んだ衣装にお着替え中。素敵な姿をお楽しみに！","请在自助机前稍等片刻~
正在为您换上所选服装，敬请期待精彩造型！","Chờ một chút trước kiosk nhé~
Đang thay trang phục bạn chọn. Hãy chờ diện mạo mới!","Tunggu sebentar di depan kiosk, ya~
Busanamu sedang dipakaikan. Nantikan hasil kerennya!","รอสักครู่ที่หน้าคีออสก์นะคะ~
กำลังเปลี่ยนชุดที่เลือกให้อยู่ค่ะ รอชมลุคเก๋ๆ ได้เลย!","Подождите немного у киоска~
Переодеваю вас в выбранный наряд. Будет красиво!","제주 앰버서더 ""귤이""","Jeju Ambassador ""Gyuli""","済州アンバサダー「ギュリ」","济州大使 ""Gyuli""","Đại sứ Jeju ""Gyuli""","Duta Jeju ""Gyuli""","แอมบาสเดอร์เชจู ""Gyuli""","Посол Чеджу ""Gyuli""","촬영 -> AI 합성 대기 (3편 순환)","[키: Photo_Creating] 2편째. 동작: 두 손을 가슴 앞에 모으고 설레는 기대 표정.","","",""
"20","Photo_Creating-3","GYULI=Photo-3_3","","","키오스크 앞에서 잠시만 기다려주세요~~
선택하신 옷으로 갈아입고 있어요. 멋진 모습을 기대하세요","Please wait a moment in front of the kiosk~
I'm changing you into your outfit. Get excited!","キオスクの前で少々お待ちください〜
選んだ衣装にお着替え中。素敵な姿をお楽しみに！","请在自助机前稍等片刻~
正在为您换上所选服装，敬请期待精彩造型！","Chờ một chút trước kiosk nhé~
Đang thay trang phục bạn chọn. Hãy chờ diện mạo mới!","Tunggu sebentar di depan kiosk, ya~
Busanamu sedang dipakaikan. Nantikan hasil kerennya!","รอสักครู่ที่หน้าคีออสก์นะคะ~
กำลังเปลี่ยนชุดที่เลือกให้อยู่ค่ะ รอชมลุคเก๋ๆ ได้เลย!","Подождите немного у киоска~
Переодеваю вас в выбранный наряд. Будет красиво!","제주 앰버서더 ""귤이""","Jeju Ambassador ""Gyuli""","済州アンバサダー「ギュリ」","济州大使 ""Gyuli""","Đại sứ Jeju ""Gyuli""","Duta Jeju ""Gyuli""","แอมบาสเดอร์เชจู ""Gyuli""","Посол Чеджу ""Gyuli""","촬영 -> AI 합성 대기 (3편 순환)","[키: Photo_Creating] 3편째. 동작: 박수 세 번 → 양팔 활짝 → 따봉.","","",""
"20","Photo_Complete","GYULI=Photo-4","","","의상을 입은 사진이 나오면 저장하기 버튼을 눌러주세요 
QR 코드를 스캔하시면 사진을 기기에 바로 저장하실 수 있습니다.","When your photo appears, press the save button.
Scan the QR code to save it to your phone.","写真が表示されたら保存ボタンを押してください。
QRコードをスキャンすると、スマホに保存できます。","照片生成后请按保存按钮。
扫描二维码即可将照片直接存入手机。","Khi ảnh hiện ra, hãy nhấn nút lưu nhé.
Quét mã QR để lưu ảnh ngay vào điện thoại.","Saat fotonya muncul, tekan tombol simpan.
Pindai kode QR untuk menyimpannya ke ponselmu.","เมื่อรูปปรากฏแล้ว กดปุ่มบันทึกได้เลยค่ะ
สแกนคิวอาร์โค้ดเพื่อบันทึกรูปลงมือถือทันที","Когда фото появится, нажмите «Сохранить».
Отсканируйте QR-код — фото будет в телефоне.","제주 앰버서더 ""귤이""","Jeju Ambassador ""Gyuli""","済州アンバサダー「ギュリ」","济州大使 ""Gyuli""","Đại sứ Jeju ""Gyuli""","Duta Jeju ""Gyuli""","แอมบาสเดอร์เชจู ""Gyuli""","Посол Чеджу ""Gyuli""","합성 완료 -> 결과 확인·저장","[키: Photo_Complete] 결과 화면에서 재생.","","",""
"20","HanbokExplain","GYULI=HanbokExplain","","","한복은 한국의 역사와 문화가 담긴 전통 의복입니다. 
고유의 아름다움을 직접 AR로 한복을 착장해보세요!","Hanbok is Korea's traditional dress, full of history.
Experience its beauty yourself with AR!","韓服は韓国の歴史と文化が息づく伝統衣装。
その美しさをARで直接体験してみてください！","韩服是承载韩国历史与文化的传统服饰。
用AR亲自试穿，感受其独特之美吧！","Hanbok là trang phục truyền thống đậm đà văn hóa Hàn.
Hãy tự mình khoác lên vẻ đẹp ấy bằng AR nhé!","Hanbok adalah busana tradisional sarat sejarah Korea.
Rasakan keindahannya langsung lewat AR!","ฮันบกคือชุดประจำชาติที่เปี่ยมด้วยประวัติศาสตร์เกาหลี
ลองสวมสัมผัสความงามนี้ด้วย AR กันค่ะ!","Ханбок — традиционный наряд Кореи.
Примерьте его красоту в AR!","제주 앰버서더 ""귤이""","Jeju Ambassador ""Gyuli""","済州アンバサダー「ギュリ」","济州大使 ""Gyuli""","Đại sứ Jeju ""Gyuli""","Duta Jeju ""Gyuli""","แอมบาสเดอร์เชจู ""Gyuli""","Посол Чеджу ""Gyuli""","촬영 -> 한복 설명","[키: HanbokExplain] 한복 설명 화면에서 재생.","","",""
"21","Toilet","Toilet","","","여기는 지정된 화장실/흡연 구역이에요.
지도에서 위치를 확인하고 편하게 다녀오세요~","Here are the restrooms and smoking areas.
Check the map and take your time~","こちらは指定のトイレ・喫煙区域です。
地図で場所を確認してごゆっくりどうぞ〜","这里是指定的洗手间/吸烟区。
请在地图上确认位置，安心前往~","Đây là nhà vệ sinh/khu hút thuốc được chỉ định.
Xem vị trí trên bản đồ và cứ thong thả nhé~","Ini toilet dan area merokok yang tersedia.
Cek lokasinya di peta dan silakan berkunjung~","นี่คือห้องน้ำ/พื้นที่สูบบุหรี่ที่กำหนดไว้ค่ะ
ดูตำแหน่งบนแผนที่แล้วไปได้เลยนะคะ~","Здесь туалеты и зоны для курения.
Найдите их на карте — и вперёд!","제주 앰버서더 ""귤이""","Jeju Ambassador ""Gyuli""","済州アンバサダー「ギュリ」","济州大使 ""Gyuli""","Đại sứ Jeju ""Gyuli""","Duta Jeju ""Gyuli""","แอมบาสเดอร์เชจู ""Gyuli""","Посол Чеджу ""Gyuli""","기본화면 -> 도와줘 '귤이' -> 화장실/흡연구역","[키: Toilet] 화장실 카테고리 선택 시 재생. 제주는 공항 실내 지도 안내라 QR 문구 대신 지도 안내로 조정.","","",""